recordIdentifier,title,date,senders,receivers,mentioned,genre
DE-611-HS-3616988,"Brief von Werner Heisenberg an Václav Votruba, 14.01.1969",1969-01-14,"Heisenberg, Werner (1901-1976)","Votruba, Václav (1909-1990)","Heisenberg, Elisabeth (1914-1998)",Brief
DE-611-HS-3616991,"Brief von Václav Votruba an Werner Heisenberg, 31.12.1968",1968-12-31,"Votruba, Václav (1909-1990)","Heisenberg, Werner (1901-1976)",,Brief
DE-611-BF-81594,"487. IV. Institutionen, 1. Korrespondenz: Vaidya, S. M.",1955,,,,unknown
DE-611-HS-3686363,"Brief von Werner Heisenberg an J. V. Kotwal an Tata Institute of Fundamental Research, 18.09.1962",1962-09-18,"Heisenberg, Werner (1901-1976)","Kotwal, J. V.; Tata Institute of Fundamental Research","Vaidya, Shreeniwas Maheshwar (1934-); Symanzik, Kurt (1923-1983); Gasiorowicz, Stephen (1928-)",Brief
DE-611-HS-3686373,"Brief von J. V. Kotwal von Tata Institute of Fundamental Research an Werner Heisenberg, 12.09.1962",1962-09-12,"Kotwal, J. V.; Tata Institute of Fundamental Research","Heisenberg, Werner (1901-1976)","Vaidya, Shreeniwas Maheshwar (1934-)",Brief
DE-611-HS-3686375,Aktenverweis (Einheitstitel von Bearbeiter/in),unknown,,,,unknown
DE-611-HS-3686381,"Brief von Werner Heisenberg an Deutscher Akademischer Austauschdienst, 19.01.1961",1961-01-19,"Heisenberg, Werner (1901-1976)",Deutscher Akademischer Austauschdienst (1931-1945),"Vaidya, Shreeniwas Maheshwar (1934-); Symanzik, Kurt (1923-1983); Gasiorowicz, Stephen (1928-)",Brief
DE-611-HS-3686383,"Brief von Werner Heisenberg an Deutscher Akademischer Austauschdienst, 26.01.1960",1960-01-26,"Heisenberg, Werner (1901-1976)",Deutscher Akademischer Austauschdienst (1931-1945),"Vaidya, Shreeniwas Maheshwar (1934-); Symanzik, Kurt (1923-1983); Gasiorowicz, Stephen (1928-)",Brief
DE-611-HS-3686576,"Brief von Deutscher Akademischer Austauschdienst an Shreeniwas Maheshwar Vaidya, 05.01.1960",1960-01-05,Deutscher Akademischer Austauschdienst (1931-1945),"Vaidya, Shreeniwas Maheshwar (1934-)",,Brief
DE-611-HS-3686584,"Brief von Werner Heisenberg an Jurgen Schmandt an Deutscher Akademischer Austauschdienst, 13.02.1959",1959-02-13,"Heisenberg, Werner (1901-1976)","Schmandt, Jurgen; Deutscher Akademischer Austauschdienst (1931-1945)","Vaidya, Shreeniwas Maheshwar (1934-)",Brief
DE-611-HS-3686590,"Brief von Jurgen Schmandt von Deutscher Akademischer Austauschdienst an Werner Heisenberg, 03.02.1959",1959-02-03,"Schmandt, Jurgen; Deutscher Akademischer Austauschdienst (1931-1945)","Heisenberg, Werner (1901-1976)","Vaidya, Shreeniwas Maheshwar (1934-)",Brief
DE-611-HS-3686596,"Brief von Kurt Symanzik an Shreeniwas Maheshwar Vaidya an Tata Institute of Fundamental Research, 07.11.1958",1958-11-07,"Symanzik, Kurt (1923-1983)","Vaidya, Shreeniwas Maheshwar (1934-); Tata Institute of Fundamental Research","Heisenberg, Werner (1901-1976)",Brief
DE-611-HS-3686650,"Brief von Tata Institute of Fundamental Research an Werner Heisenberg, 28.10.1958",1958-10-28,Tata Institute of Fundamental Research,"Heisenberg, Werner (1901-1976)","Vaidya, Shreeniwas Maheshwar (1934-); Bhabha, Homi Jehangir (1909-1966)",Brief
DE-611-HS-3686651,"Brief von Werner Heisenberg an Homi Jehangir Bhabha an Tata Institute of Fundamental Research, 06.10.1958",1958-10-06,"Heisenberg, Werner (1901-1976)","Bhabha, Homi Jehangir (1909-1966); Tata Institute of Fundamental Research","Vaidya, Shreeniwas Maheshwar (1934-)",Brief
DE-611-HS-3686653,"Brief von Shreeniwas Maheshwar Vaidya von Tata Institute of Fundamental Research an Werner Heisenberg, 25.09.1958",1958-09-25,"Vaidya, Shreeniwas Maheshwar (1934-); Tata Institute of Fundamental Research","Heisenberg, Werner (1901-1976)",,Brief
DE-611-BF-81595,"488. IV. Institutionen, 1. Korrespondenz: Van Hove, Leon",1961,,,,unknown
DE-611-HS-3686668,"Brief von Leon Van Hove von Max-Planck-Institut für Physik und Astrophysik an Reimar Lüst an Max-Planck-Gesellschaft zur Förderung der Wissenschaften, 11.07.1974",1974-07-11,"Van Hove, Leon; Max-Planck-Institut für Physik und Astrophysik (1958-1991)","Lüst, Reimar (1923-2020); Max-Planck-Gesellschaft zur Förderung der Wissenschaften (1948-)","Butenandt, Adolf (1903-1995)",Brief
DE-611-HS-3686669,"Brief von Werner Heisenberg an Leon Van Hove, 16.08.1973",1973-08-16,"Heisenberg, Werner (1901-1976)","Van Hove, Leon","Stierlin, Ulrich (1931-1994); Hyams, Bernard (1925-2015)",Brief
DE-611-HS-3686671,"Brief von Werner Heisenberg an Leon Van Hove, 31.10.1972",1972-10-31,"Heisenberg, Werner (1901-1976)","Van Hove, Leon","Lüst, Reimar (1923-2020)",Brief
DE-611-HS-3686674,"Brief von Leon Van Hove von Max-Planck-Institut für Physik und Astrophysik an Werner Heisenberg, 23.10.1972",1972-10-23,"Van Hove, Leon; Max-Planck-Institut für Physik und Astrophysik (1958-1991)","Heisenberg, Werner (1901-1976)","Butenandt, Adolf (1903-1995); Gentner, Wolfgang (1906-1980); Lüst, Reimar (1923-2020); Schmitz, Norbert (1933-)",Brief
DE-611-HS-3686893,"Brief von Werner Heisenberg an Leon Van Hove an CERN, 28.10.1964",1964-10-28,"Heisenberg, Werner (1901-1976)","Van Hove, Leon; CERN (1954-)",,Brief
DE-611-HS-3686916,"Brief von Werner Heisenberg an Leon Van Hove an CERN, 03.07.1961",1961-07-03,"Heisenberg, Werner (1901-1976)","Van Hove, Leon; CERN (1954-)","Marshak, Robert Eugene",Brief
DE-611-HS-3686924,"Brief von Werner Heisenberg an Leon Van Hove an Rijksuniversiteit Utrecht, 17.05.1961",1961-05-17,"Heisenberg, Werner (1901-1976)","Van Hove, Leon; Rijksuniversiteit Utrecht (1817-1992)","Dürr, Hans-Peter (1929-2014)",Brief
DE-611-BF-81596,"489. IV. Institutionen, 1. Korrespondenz: Verband der chemischen Industrie",1955,,,,unknown
DE-611-HS-3687370,"Brief von Fonds der Chemischen Industrie an Werner Heisenberg an Alexander von Humboldt-Stiftung, 25.02.1966",1966-02-25,Fonds der Chemischen Industrie,"Heisenberg, Werner (1901-1976); Alexander von Humboldt-Stiftung (1860-1923)",,Brief
DE-611-HS-3687415,"Brief von Verband der Chemischen Industrie an Werner Heisenberg, 1964 [Juni/Juli]",1964,Verband der Chemischen Industrie,"Heisenberg, Werner (1901-1976) [vermutlich]",,Brief
DE-611-HS-3687491,"Brief von Werner Heisenberg an Verband der Chemischen Industrie, 18.10.1960",1960-10-18,"Heisenberg, Werner (1901-1976)",Verband der Chemischen Industrie,,Brief
DE-611-HS-3687492,"Brief von Margot Hobert von Max-Planck-Institut für Physik. Direktion. Sekretariat an Verband der Chemischen Industrie, 20.09.1960",1960-09-20,"Hobert, Margot (1912-); Max-Planck-Institut für Physik. Direktion. Sekretariat",Verband der Chemischen Industrie,"Heisenberg, Werner (1901-1976)",Brief
DE-611-HS-3687493,"Brief von Verband der Chemischen Industrie an Werner Heisenberg, 1960 [Juni]",1960,Verband der Chemischen Industrie,"Heisenberg, Werner (1901-1976) [vermutlich]",,Brief
DE-611-HS-3687494,"Brief von Fonds der Chemischen Industrie an Werner Heisenberg an Alexander von Humboldt-Stiftung, 16.03.1960",1960-03-16,Fonds der Chemischen Industrie,"Heisenberg, Werner (1901-1976); Alexander von Humboldt-Stiftung (1860-1923)",,Brief
DE-611-HS-3687495,"Brief von Fonds der Chemischen Industrie an Werner Heisenberg, 1960",1960,Fonds der Chemischen Industrie,"Heisenberg, Werner (1901-1976)",,Brief
DE-611-HS-3687496,"Brief von Werner Heisenberg an Verband der Chemischen Industrie, 24.05.1955",1955-05-24,"Heisenberg, Werner (1901-1976)",Verband der Chemischen Industrie,,Brief
DE-611-HS-3687497,"Brief von Verband der Chemischen Industrie an Werner Heisenberg, 1955 [Mai]",1955,Verband der Chemischen Industrie,"Heisenberg, Werner (1901-1976) [vermutlich]",,Brief
DE-611-BF-81597,"490. IV. Institutionen, 1. Korrespondenz: Verband der Wissenschaftler an Forschungsinstituten",1964,,,,unknown
DE-611-HS-3687498,Telefonnotiz (Einheitstitel von Bearbeiter/in),1968-10-20,"Giese, Annemarie",,"Roeske, Winfried; Heisenberg, Werner (1901-1976)",unknown
DE-611-HS-3687499,"Brief von Ernst Remy von Verband der Wissenschaftler an Forschungsinstituten an Werner Heisenberg an Max-Planck-Institut für Physik und Astrophysik, 23.07.1968",1968-07-23,"Remy, Ernst; Verband der Wissenschaftler an Forschungsinstituten","Heisenberg, Werner (1901-1976); Max-Planck-Institut für Physik und Astrophysik (1958-1991)","Roeske, Winfried",Brief
DE-611-HS-3687500,"Brief von Winfried Roeske von Max-Planck-Gesellschaft zur Förderung der Wissenschaften an Werner Heisenberg an Max-Planck-Institut für Physik und Astrophysik, 20.12.1968",1968-12-20,"Roeske, Winfried; Max-Planck-Gesellschaft zur Förderung der Wissenschaften (1948-)","Heisenberg, Werner (1901-1976); Max-Planck-Institut für Physik und Astrophysik (1958-1991)",,Brief
DE-611-HS-3687501,"Brief von Ernst Remy von Verband der Wissenschaftler an Forschungsinstituten an Werner Heisenberg an Max-Planck-Institut für Physik und Astrophysik, 20.12.1968",1968-12-20,"Remy, Ernst; Verband der Wissenschaftler an Forschungsinstituten","Heisenberg, Werner (1901-1976); Max-Planck-Institut für Physik und Astrophysik (1958-1991)","Butenandt, Adolf (1903-1995)",Brief
DE-611-HS-3687502,"Brief von Annemarie Giese von Max-Planck-Institut für Physik. Direktion. Sekretariat an Wolfgang Scheuren an Verband der Wissenschaftler an Forschungsinstituten, 28.11.1968",1968-11-28,"Giese, Annemarie; Max-Planck-Institut für Physik. Direktion. Sekretariat","Scheuren, Wolfgang; Verband der Wissenschaftler an Forschungsinstituten","Heisenberg, Werner (1901-1976)",Brief
DE-611-HS-3687503,"Brief von Wolfgang Scheuren von Verband der Wissenschaftler an Forschungsinstituten an Werner Heisenberg an Max-Planck-Institut für Physik und Astrophysik, 27.11.1968",1968-11-27,"Scheuren, Wolfgang; Verband der Wissenschaftler an Forschungsinstituten","Heisenberg, Werner (1901-1976); Max-Planck-Institut für Physik und Astrophysik (1958-1991)",,Brief
DE-611-HS-3687504,"Brief von Werner Heisenberg an Ernst Remy an Verband der Wissenschaftler an Forschungsinstituten, 31.10.1968",1968-10-31,"Heisenberg, Werner (1901-1976)","Remy, Ernst; Verband der Wissenschaftler an Forschungsinstituten","Roeske, Winfried",Brief
DE-611-HS-3687505,"Interne Informationen Nr. 12, Dezember 1966 (Incipit der Unterlage)",1966,"Creutzfeldt, Otto",,,unknown
DE-611-HS-3687516,"Interne Informationen Nr. 11, November 1966 (Incipit der Unterlage)",1966,"Creutzfeldt, Otto",,,unknown
DE-611-HS-3687517,"Interne Informationen Nr. 10, September 1966 (Incipit der Unterlage)",1966,"Creutzfeldt, Otto",,,unknown
DE-611-HS-3687518,"Interne Informationen Nr. 9, Juli 1966 (Incipit der Unterlage)",1966,"Creutzfeldt, Otto",,,unknown
DE-611-HS-3687519,Aktennotiz (Incipit der Unterlage),1966,,,,unknown
DE-611-HS-3687520,"Interne Informationen Nr. 7, Februar 1966 (Incipit der Unterlage)",1966,"Creutzfeldt, Otto",,,unknown
DE-611-HS-3687521,"Mitteilungen Nr. 5, November 1965 (Incipit der Unterlage)",1965,,,,unknown
DE-611-HS-3687522,Aktennotiz (Incipit der Unterlage),unknown,Max-Planck-Institut für Physik und Astrophysik (1958-1991),,,unknown
DE-611-HS-3687523,"Brief von Klaus von Dohnanyi von Infratest-Wirtschaftsforschung GmbH (München) an Werner Heisenberg und Ernst Remy an Max-Planck-Institut für Physik und Astrophysik, 25.08.1965",1965-08-25,"Dohnanyi, Klaus von (1928-); Infratest-Wirtschaftsforschung GmbH (München)","Heisenberg, Werner (1901-1976); Remy, Ernst; Max-Planck-Institut für Physik und Astrophysik (1958-1991)",,Brief
DE-611-HS-3687524,"Brief von Werner Heisenberg an Ernst Remy an Verband der Wissenschaftler an Forschungsinstituten, 27.09.1965",1965-09-27,"Heisenberg, Werner (1901-1976)","Remy, Ernst; Verband der Wissenschaftler an Forschungsinstituten","Dohnanyi, Klaus von (1928-)",Brief
DE-611-HS-3687525,Kurze Übersicht (Incipit der Unterlage),1965,"Remy, Ernst",,,unknown
DE-611-HS-3687526,Zum Entwurf eines Tarifvertrages (Incipit der Unterlage),1964-12-01,"Remy, Ernst",,,unknown
DE-611-HS-3687527,"Mitteilungen Nr. 11, 15. September 1964 (Incipit der Unterlage)",1964,,,,unknown
DE-611-HS-3687528,"Mitteilungen Nr. 10, 15. August 1964 (Incipit der Unterlage)",1964,,,,unknown
DE-611-HS-3687529,"Brief von Werner Heisenberg an Verband der Wissenschaftler an Forschungsinstituten, 05.08.1964",1964-08-05,"Heisenberg, Werner (1901-1976)",Verband der Wissenschaftler an Forschungsinstituten,"Remy, Ernst",Brief
DE-611-HS-3687530,"Mitteilungen Nr. 9, 15. Juli 1964 (Incipit der Unterlage)",1964,,,,unknown
DE-611-HS-3687531,"Mitteilungen Nr. 8, 1. Juli 1964 (Incipit der Unterlage)",1964,,,,unknown
DE-611-HS-3687532,"Mitteilungen Nr. 7, 16.6.64 (Incipit der Unterlage)",1964,,,,unknown
DE-611-HS-3687533,Einladung zur Mitgliederversammlung des Verbandes der Wissenschaftler an physikalischen Forschungseinrichtungen [...] (Incipit der Unterlage),1964-06-04,,,,unknown
DE-611-HS-3687535,Vorschlag zur Neuformulierung des bisherigen SR 2 o BAT  (Incipit der Unterlage),1964,,,,unknown
DE-611-HS-3687536,"Mitteilungen des Verbandes der Wissenschaftler an Physikalischen Forschungsinstituten, Nr. 6, 11.5.64 (Incipit der Unterlage)",1964-05-11,,,,unknown
DE-611-HS-3687539,"Mitteilungen des Verbandes der Wissenschaftler an Physikalischen Forschungsinstituten, 4.5.1964, Nr. 5 (Incipit der Unterlage)",1964-05-04,"Lotz, Wolfgang",,,unknown
DE-611-HS-3687540,"Mitteilungen des Verbandes der Wissenschaftler an Physikalischen Forschungsinstituten, 27. April 1964, Nr. 4 (Incipit der Unterlage)",1964-04-27,,,,unknown
DE-611-HS-3687542,Entwurf : Verband der Wissenschaftler an Physikalischen Forschungsinstituten - Satzungen (Incipit der Unterlage),1964-04-01,,,,unknown
DE-611-HS-3687548,"Mitteilungen des Verbandes der Wissenschaftler an Physikalischen Forschungsinstituten, 20. April 1964, Nr. 3 (Incipit der Unterlage)",1964-04-20,"Lotz, Wolfgang",,,unknown
DE-611-HS-3687564,"Mitteilungen des Verbandes der Wissenschaftler an Physikalischen Forschungsinstituten, 20. Februar 1964, Nr. 2 (Incipit der Unterlage)",1964-02-20,,,,unknown
DE-611-HS-3687565,Umlauf 1; An die Physiker des MPI und IPP (Incipit der Unterlage),1964-01-29,"Remy, Ernst; Wolf, Günter (1937-2024)",,,unknown
DE-611-BF-81598,"491. IV. Institutionen, 1. Korrespondenz: Verband deutscher Studentenschaften",1961,,,,unknown
DE-611-HS-3687741,"Brief von Bernhard von Mutius und Steffen Lehndorff von Verband Deutscher Studentenschaften an Werner Heisenberg, 11.11.1970",1970-11-11,"Mutius, Bernhard von; Lehndorff, Steffen; Verband Deutscher Studentenschaften (1949-1975)","Heisenberg, Werner (1901-1976) [vermutlich]",,Brief
DE-611-HS-3687746,"Brief von Lothar Krappmann von Verband Deutscher Studentenschaften an Werner Heisenberg, 28.10.1963",1963-10-28,"Krappmann, Lothar; Verband Deutscher Studentenschaften (1949-1975)","Heisenberg, Werner (1901-1976)","Alexander, Neville (1936-2012)",Brief
DE-611-HS-3687747,"Brief von Lothar Krappmann von Verband Deutscher Studentenschaften an Werner Heisenberg, 02.02.1963",1963-02-02,"Krappmann, Lothar; Verband Deutscher Studentenschaften (1949-1975)","Heisenberg, Werner (1901-1976) [vermutlich]","Alexander, Neville (1936-2012)",Brief
DE-611-HS-3687749,"Brief von Lothar Krappmann von Verband Deutscher Studentenschaften an Werner Heisenberg, 23.11.1962",1962-11-23,"Krappmann, Lothar; Verband Deutscher Studentenschaften (1949-1975)","Heisenberg, Werner (1901-1976)","Alexander, Neville (1936-2012)",Brief
DE-611-HS-3687751,"Brief von Werner Heisenberg an Verband Deutscher Studentenschaften, 01.03.1961",1961-03-01,"Heisenberg, Werner (1901-1976)",Verband Deutscher Studentenschaften (1949-1975),,Brief
DE-611-HS-3687753,"Brief von Verband Deutscher Studentenschaften an Werner Heisenberg, 21.02.1961",1961-02-21,Verband Deutscher Studentenschaften (1949-1975),"Heisenberg, Werner (1901-1976)",,Brief
DE-611-BF-81599,"492. IV. Institutionen, 1. Korrespondenz: Vishva Ahimsa Sangha",1963,,,,unknown
DE-611-HS-3687850,Ahimsa Shodh-Peeth : Newsletter (Incipit der Unterlage),1964-08-24,,,,unknown
DE-611-HS-3687852,W.F.R. & Ahimsa Shodh-Peeth : Newsletter (Incipit der Unterlage),1964-07-01,,,,unknown
DE-611-HS-3688010,Ahimsa Shodh-Peet (Incipit des Druckes),1964-07-01,"Chand, Bool (-1989)",,,unknown
DE-611-HS-3688019,World Fellowship of Religions : the third World Religions Conference (Incipit des Druckes),1964,,,,unknown
DE-611-HS-3688021,World Fellowship of Religions and Ahimsa Shodh-Peeth : Newsletter (Incipit der Unterlage),1964-04-01,,,,unknown
DE-611-HS-3688035,World Fellowship of Religions and Ahimsa Shodh-Peeth : Newsletter (Incipit der Unterlage),1964-03-01,,,,unknown
DE-611-HS-3688046,Vishva Ahimsa Sangha and Ahimsa Shodh-Peeth : Newsletter (Incipit der Unterlage),1964-02-01,,,,unknown
DE-611-HS-3688496,"Brief von Werner Heisenberg an Bool Chand an Ahimsa Shodh Peeth, 18.07.1963",1963-07-18,"Heisenberg, Werner (1901-1976)","Chand, Bool (-1989); Ahimsa Shodh Peeth (1957-)",,Brief
DE-611-HS-3688518,"Brief von Bool Chand von Ahimsa Shodh Peeth, Vishva Ahimsa Sangha an Werner Heisenberg, 1963",1963,"Chand, Bool (-1989); Ahimsa Shodh Peeth (1957-); Vishva Ahimsa Sangha","Heisenberg, Werner (1901-1976)",,Brief
DE-611-HS-3688523,Vishva Ahimsa Sangha and Ahimsa Shodh-Peeth : Newsletter (Incipit der Unterlage),1963-12-01,,,,unknown
DE-611-HS-3688532,Vishva Ahimsa Sangha and Ahimsa Shodh-Peeth : Newsletter (Incipit der Unterlage),1963,"Hobert, Margot (1912-); Max-Planck-Institut für Physik. Direktion. Sekretariat",Vishva Ahimsa Sangha,"Heisenberg, Werner (1901-1976)",Brief
DE-611-HS-3688563,"Brief von Vishva Ahimsa Sangha an Werner Heisenberg, 1963 [ca.]",1963,Vishva Ahimsa Sangha,"Heisenberg, Werner (1901-1976)",,Brief
DE-611-HS-3688578,Vishva Ahimsa Sangha and Ahimsa Shodh-Peeth : Newsletter (Incipit der Unterlage),1963-11-01,,,,unknown
DE-611-HS-3688580,"Brief von Vishva Ahimsa Sangha an Werner Heisenberg, 1963 [ca.]",1963,Vishva Ahimsa Sangha,"Heisenberg, Werner (1901-1976)",,Brief
DE-611-HS-3688589,Vishva Ahimsa Sangha and Ahimsa Shodh-Peeth : Newsletter (Incipit der Unterlage),1962-10-07,,,,unknown
DE-611-BF-86734,"IV. Institutionen, 1. Korrespondenz: W",unknown,,,,unknown
DE-611-BF-80359,"493. IV. Institutionen, 1. Korrespondenz: Wadd-Wade",1964,,,,unknown
DE-611-HS-3648024,Aktennotiz (Einheitstitel von Bearbeiter/in),unknown,,,,unknown
DE-611-HS-3648040,Aktennotiz (Einheitstitel von Bearbeiter/in),1964-12-15,"Heisenberg, Werner (1901-1976)","Waddell, R. E.; Walker, P. M. K.; Birkbeck Collage. Chemistry Departement","Schrödinger, Erwin (1887-1961); Maxwell, Max",Brief
DE-611-HS-3648044,Aktennotiz (Einheitstitel von Bearbeiter/in),1964-12-04,"Waddell, R. E.; Walker, P. M. K.; Birkbeck Collage. Chemistry Departement","Heisenberg, Werner (1901-1976)",,Brief
DE-611-HS-3648048,Aktennotiz (Einheitstitel von Bearbeiter/in),1973-07-29,"Wadewitz, Alfred","Heisenberg, Werner (1901-1976)","Bohr, Niels (1885-1962)",Brief
DE-611-HS-3648056,"Brief von Werner Heisenberg von Max-Planck-Institut für Physik und Astrophysik an Therese Waeselmann, 16.06.1964",1964-06-16,"Heisenberg, Werner (1901-1976); Max-Planck-Institut für Physik und Astrophysik (1958-1991)","Waeselmann, Therese",,Brief
DE-611-BF-80360,"494. IV. Institutionen, 1. Korrespondenz: Wäg-Web",1948,,,,unknown
DE-611-HS-3648065,"Brief von Werner Heisenberg an Massey-Harris Company (Toronto), 19.03.1953",1953-03-19,"Heisenberg, Werner (1901-1976)",Massey-Harris Company (Toronto) (1830-1952),"Wägele, Rolf",Brief
DE-611-HS-3648068,"Brief von Massey-Harris Company (Toronto) an Werner Heisenberg, 16.03.1953",1953-03-16,Massey-Harris Company (Toronto) (1830-1952),"Heisenberg, Werner (1901-1976)","Wägele, Rolf",Brief
DE-611-HS-3648074,"Brief von Werner Heisenberg an Wolfgang Waeger, 17.11.1969",1969-11-17,"Heisenberg, Werner (1901-1976)","Waeger, Wolfgang [vermutlich]",,Brief
DE-611-HS-3648077,"Brief von Wolfgang Waeger an Werner Heisenberg, 10.11.1969",1969-11-10,"Waeger, Wolfgang [vermutlich]","Heisenberg, Werner (1901-1976)",,Brief
DE-611-HS-3648083,"Brief von Werner Heisenberg an Erhard Wägner, 05.06.1973",1973-06-05,"Heisenberg, Werner (1901-1976)","Wägner, Erhard",,Brief
DE-611-HS-3648088,"Brief von Erhard Wägner an Werner Heisenberg, 02.06.1973",1973-06-02,"Wägner, Erhard","Heisenberg, Werner (1901-1976)",,Brief
DE-611-HS-3648091,"Brief von Werner Heisenberg an Erhard Wägner, 12.02.1973",1973-02-12,"Heisenberg, Werner (1901-1976)","Wägner, Erhard",,Brief
DE-611-HS-3648094,"Brief von Therese Waeselmann an Werner Heisenberg, 22.06.1964",1964-06-22,"Waeselmann, Therese","Heisenberg, Werner (1901-1976)",,Brief
DE-611-HS-3648099,"Brief von Werner Heisenberg an Therese Waeselmann, 16.06.1964",1964-06-16,"Heisenberg, Werner (1901-1976)","Waeselmann, Therese",,Brief
DE-611-HS-3648104,"Brief von Therese Waeselmann an Werner Heisenberg, 11.06.1964",1964-06-11,"Waeselmann, Therese","Heisenberg, Werner (1901-1976)",,Brief
DE-611-HS-3648127,"Brief von Hildegard Wöhrle von Max-Planck-Institut für Physik. Direktion. Sekretariat an Otfried Wagenbreth, 25.03.1966",1966-03-25,"Wöhrle, Hildegard (1934-2020); Max-Planck-Institut für Physik. Direktion. Sekretariat","Wagenbreth, Otfried (1927-2017)","Heisenberg, Werner (1901-1976)",Brief
DE-611-HS-3648131,"Brief von Otfried Wagenbreth an Werner Heisenberg, 06.03.1966",1966-03-06,"Wagenbreth, Otfried (1927-2017)","Heisenberg, Werner (1901-1976)",,Brief
DE-611-HS-3648138,"Brief von Klaus Wagn an Werner Heisenberg, 12.12.1970",1970-12-12,"Wagn, Klaus","Heisenberg, Werner (1901-1976)",,Brief
DE-611-HS-3648164,"Brief von Werner Heisenberg an August H. Wagner, 17.03.1966",1966-03-17,"Heisenberg, Werner (1901-1976)","Wagner, August H.",,Brief
DE-611-HS-3648166,"Brief von August H. Wagner an Werner Heisenberg, 10.03.1966",1966-03-10,"Wagner, August H.","Heisenberg, Werner (1901-1976)",,Brief
DE-611-HS-3648175,"Brief von Carl Wagner an Werner Heisenberg, 26.06.1971",1971-06-26,"Wagner, Carl (1901-1977)","Heisenberg, Werner (1901-1976)",,Brief
DE-611-HS-3648183,"Brief von Carl Wagner von Max-Planck-Institut für Biophysikalische Chemie an Werner Heisenberg, 30.04.1971",1971-04-30,"Wagner, Carl (1901-1977); Max-Planck-Institut für Biophysikalische Chemie (1971-2021)","Heisenberg, Werner (1901-1976)","Weizsäcker, Carl Friedrich von (1912-2007)",Brief
DE-611-HS-3648187,"Brief von Werner Heisenberg an Hanne Wagner, 25.09.1972",1972-09-25,"Heisenberg, Werner (1901-1976)","Wagner, Hanne",,Brief
DE-611-HS-3648193,"Brief von Hanne Wagner an Werner Heisenberg, 03.09.1972",1972-09-03,"Wagner, Hanne","Heisenberg, Werner (1901-1976)",,Brief
DE-611-HS-3648216,"Brief von Werner Heisenberg an Studienstiftung des Deutschen Volkes, 30.01.1961",1961-01-30,"Heisenberg, Werner (1901-1976)",Studienstiftung des Deutschen Volkes (1925-),"Wagner, Herbert (1935-)",Brief
DE-611-HS-3648219,"Brief von Peter Mittelstaedt an Klaus Hieronymus Wagner, 23.03.1962",1962-03-23,"Mittelstaedt, Peter (1929-2014)","Wagner, Klaus Hieronymus","Heisenberg, Werner (1901-1976)",Brief
DE-611-HS-3648220,"Brief von Klaus Hieronymus Wagner an Werner Heisenberg, 21.03.1962",1962-03-21,"Wagner, Klaus Hieronymus","Heisenberg, Werner (1901-1976)",,Brief
DE-611-HS-3648221,"Brief von Werner Heisenberg an Kurt Wagner, 10.04.1974",1974-04-10,"Heisenberg, Werner (1901-1976)","Wagner, Kurt","Weigmann, Walter (1902-1945)",Brief
DE-611-HS-3648223,"Brief von Kurt Wagner an Werner Heisenberg, 08.04.1974",1974-04-08,"Wagner, Kurt","Heisenberg, Werner (1901-1976)",,Brief
DE-611-HS-3648228,"Brief von Paul Wagner an Werner Heisenberg, 09.06.1968",1968-06-09,"Wagner, Paul","Heisenberg, Werner (1901-1976)","Weizsäcker, Carl Friedrich von (1912-2007); Einstein, Albert (1879-1955)",Brief
DE-611-HS-3648242,"Brief von Annemarie Giese von Max-Planck-Institut für Physik. Direktion. Sekretariat an Rainer Wagner, 28.04.1967",1967-04-28,"Giese, Annemarie; Max-Planck-Institut für Physik. Direktion. Sekretariat","Wagner, Rainer","Heisenberg, Werner (1901-1976)",Brief
DE-611-HS-3648243,"Brief von Rainer Wagner an Werner Heisenberg, 31.03.1967",1967-03-31,"Wagner, Rainer","Heisenberg, Werner (1901-1976)",,Brief
DE-611-HS-3648244,"Brief von Richard Wagner an Werner Heisenberg, 04.12.1961",1961-12-04,"Wagner, Richard","Heisenberg, Werner (1901-1976)",,Brief
DE-611-HS-3648245,"Brief von Waltraud Wagner an Werner Heisenberg, 06.10.1972",1972-10-06,"Wagner, Waltraud","Heisenberg, Werner (1901-1976)",,Brief
DE-611-HS-3648246,"Brief von Waltraud Wagner von Gesellschaft für Bedrohte Völker. Arbeitsgruppe für Nordamerikanische Indianer an Werner Heisenberg, 06.10.1972",1972-10-06,"Wagner, Waltraud; Gesellschaft für Bedrohte Völker. Arbeitsgruppe für Nordamerikanische Indianer","Heisenberg, Werner (1901-1976)",,Brief
DE-611-HS-3648250,Ein dreihundertjähriger Irrtum der Wissenschaft : die Schwerkraft aus neuer Sicht ; der Nachweis eines Basalmediums und seiner Aggregate im Weltraum (Incipit der Unterlage),1971,"Wahl, Friedrich August","Heisenberg, Werner (1901-1976) [vermutlich]",,unknown
DE-611-HS-3648251,"Brief von Friedrich August Wahl an Werner Heisenberg, 23.06.1969",1969-06-23,"Wahl, Friedrich August","Heisenberg, Werner (1901-1976)",,Brief
DE-611-HS-3648259,"Brief von Werner Heisenberg an Friedrich Wahl, 23.06.1962",1962-06-23,"Heisenberg, Werner (1901-1976)","Wahl, Friedrich (1932-)",,Brief
DE-611-HS-3648263,"Brief von Friedrich Wahl an Werner Heisenberg, 19.06.1962",1962-06-19,"Wahl, Friedrich (1932-)","Heisenberg, Werner (1901-1976)",,Brief
DE-611-HS-3648277,"Brief von USA. Bureau of Standards an Werner Heisenberg, 13.04.1959",1959-04-13,USA. Bureau of Standards,"Heisenberg, Werner (1901-1976)",,Brief
DE-611-HS-3648282,Aktenverweis (Incipit der Unterlage),unknown,,,,unknown
DE-611-HS-3648410,Aktenverweis (Incipit der Unterlage),unknown,,,,unknown
DE-611-HS-3648418,"Brief von Annemarie Giese von Max-Planck-Institut für Physik. Direktion. Sekretariat an Per Waldal, 12.03.1963",1963-03-12,"Giese, Annemarie; Max-Planck-Institut für Physik. Direktion. Sekretariat","Waldal, Per","Heisenberg, Werner (1901-1976)",Brief
DE-611-HS-3648430,"Brief von Lawrence Radiation Laboratory an Werner Heisenberg, 26.02.1957",1957-02-26,Lawrence Radiation Laboratory (1936-1958),"Heisenberg, Werner (1901-1976)",,Brief
DE-611-HS-3648473,"Brief von Ludwig Waldmann von Physikalisches Institut der Universität Erlangen-Nürnberg. Institut für Theoretische Physik an Werner Heisenberg, 07.02.1967",1967-02-07,"Waldmann, Ludwig (1913-1980); Physikalisches Institut der Universität Erlangen-Nürnberg. Institut für Theoretische Physik","Heisenberg, Werner (1901-1976)",,Brief
DE-611-HS-3648485,"Brief von Klaus Mahler an Werner Heisenberg, 1969 [mutm.]",1969,"Mahler, Klaus","Heisenberg, Werner (1901-1976)","Wald, George (1906-1997)",Brief
DE-611-HS-3648489,Aktenverweis (Incipit der Unterlage),unknown,,,,unknown
DE-611-HS-3648501,"Brief von R. A. Waldron an Werner Heisenberg, 21.06.1960",1960-06-21,"Waldron, R. A.","Heisenberg, Werner (1901-1976)","Maxwell, James Clerk (1831-1879); Einstein, Albert (1879-1955); Finkelstein, David Ritz; Dingle, Herbert (1890-1978)",Brief
DE-611-HS-3648510,"Brief von Werner Heisenberg an R. A. Waldron, 06.05.1959",1959-05-06,"Heisenberg, Werner (1901-1976)","Waldron, R. A.",,Brief
DE-611-HS-3648519,"Brief von R. A. Waldron an Werner Heisenberg, 05.04.1959",1959-04-05,"Waldron, R. A.","Heisenberg, Werner (1901-1976)","Einstein, Albert (1879-1955)",Brief
DE-611-HS-3648525,"Brief von John Dirk Walecka von Massachusetts Institute of Technology. Department of Physics an Werner Heisenberg, 11.02.1958",1958-02-11,"Walecka, John Dirk; Massachusetts Institute of Technology. Department of Physics","Heisenberg, Werner (1901-1976)",,Brief
DE-611-HS-3648534,"Brief von R. J. Walen von Institut za nuklearne nauke ""Boris Kidrič"" an Werner Heisenberg, 15.07.1954",1954-07-15,"Walen, R. J.; Institut za nuklearne nauke ""Boris Kidrič"" (1953-1991)","Heisenberg, Werner (1901-1976)",,Brief
DE-611-HS-3648537,"Brief von Werner Heisenberg an Mark E. Walker, 04.09.1974",1974-09-04,"Heisenberg, Werner (1901-1976)","Walker, Mark E. [vermutlich]","Democritus, Abderita; Gassendi, Pierre (1592-1655)",Brief
DE-611-HS-3648545,"Brief von Mark E. Walker an Werner Heisenberg, 20.08.1974",1974-08-20,"Walker, Mark E. [vermutlich]","Heisenberg, Werner (1901-1976)",,Brief
DE-611-HS-3648555,"Brief von Bernd Wall an Werner Heisenberg, 13.08.1967",1967-08-13,"Wall, Bernd (1945-)","Heisenberg, Werner (1901-1976)",,Brief
DE-611-HS-3648561,"Brief von Bernd Wall an Max-Planck-Institut für Physik und Astrophysik, 24.09.1966",1966-09-24,"Wall, Bernd (1945-)",Max-Planck-Institut für Physik und Astrophysik (1958-1991),"Heisenberg, Werner (1901-1976)",Brief
DE-611-HS-3648564,Aktenverweis (Incipit der Unterlage),unknown,,,,unknown
DE-611-HS-3650607,"Brief von H. A. Wallis an Werner Heisenberg, 28.08.1959",1959-08-28,"Wallis, H. A.","Heisenberg, Werner (1901-1976)",,Brief
DE-611-HS-3650617,"Brief von Pedro Waloschek von Istituto di Fisica (Bologna) an Werner Heisenberg, 18.03.1957",1957-03-18,"Waloschek, Pedro (-2012); Istituto di Fisica (Bologna)","Heisenberg, Werner (1901-1976)","Ceccarelli, Marcello",Brief
DE-611-HS-3650623,"Brief von Werner Heisenberg an Pedro Waloschek an Istituto di Fisica (Bologna), 02.02.1957",1957-02-02,"Heisenberg, Werner (1901-1976)","Waloschek, Pedro (-2012); Istituto di Fisica (Bologna)","Crussard, Jean; Gottstein, Klaus (1924-2020)",Brief
DE-611-HS-3650636,"Brief von Werner Heisenberg an Hans-Albert Walter, 08.05.1974",1974-05-08,"Heisenberg, Werner (1901-1976)","Walter, Hans-Albert (1935-2016)","Roubiczek, Hjördis",Brief
DE-611-HS-3650645,"Brief von Hans-Albert Walter an Werner Heisenberg, 02.05.1974",1974-05-02,"Walter, Hans-Albert (1935-2016)","Heisenberg, Werner (1901-1976)","Roubiczek, Hjördis; Roubiczek, Paul (1898-1972)",Brief
DE-611-HS-3650675,"Brief von Hans-Dieter Walter an Werner Heisenberg, o.D.",o.D.,"Walter, Hans-Dieter","Heisenberg, Werner (1901-1976)",,Brief
DE-611-HS-3650686,"Brief von Hildegard Wöhrle von Max-Planck-Institut für Physik. Direktion. Sekretariat an Walter-Verlag (Olten), 25.10.1965",1965-10-25,"Wöhrle, Hildegard (1934-2020); Max-Planck-Institut für Physik. Direktion. Sekretariat",Walter-Verlag (Olten) (1916-2010),"Heisenberg, Werner (1901-1976); Haverbeck, Werner Georg (1909-1999)",Brief
DE-611-HS-3650698,"Brief von Annemarie Giese von Max-Planck-Institut für Physik. Direktion. Sekretariat an Ludwig Vaubel an Walter-Raymond-Stiftung der BDA, 05.08.1969",1969-08-05,"Giese, Annemarie; Max-Planck-Institut für Physik. Direktion. Sekretariat","Vaubel, Ludwig; Walter-Raymond-Stiftung der BDA (1959-)","Heisenberg, Werner (1901-1976)",Brief
DE-611-HS-3650710,"Brief von Ludwig Vaubel von Walter-Raymond-Stiftung der BDA an Werner Heisenberg, 22.07.1969",1969-07-22,"Vaubel, Ludwig; Walter-Raymond-Stiftung der BDA (1959-)","Heisenberg, Werner (1901-1976)",,Brief
DE-611-HS-3650714,Aktenverweis (Incipit der Unterlage),unknown,,,,unknown
DE-611-HS-3650727,"Brief von Werner Heisenberg an Ernst Carl Gerlach Stueckelberg von Breidenbach an Université de Lausanne . Laboratoire de physique (Lausanne), 13.12.1960",1960-12-13,"Heisenberg, Werner (1901-1976)","Stueckelberg von Breidenbach, Ernst Carl Gerlach; Université de Lausanne (Lausanne). Laboratoire de physique","Wanders, Gérard (1930-)",Brief
DE-611-HS-3650738,"Brief von Ernst Carl Gerlach Stueckelberg von Breidenbach von Université de Lausanne . Laboratoire de physique (Lausanne) an Werner Heisenberg, 05.12.1960",1960-12-05,"Stueckelberg von Breidenbach, Ernst Carl Gerlach; Université de Lausanne (Lausanne). Laboratoire de physique","Heisenberg, Werner (1901-1976)",,Brief
DE-611-HS-3650799,"Brief von Gérard Wanders an Werner Heisenberg, 30.09.1959",1959-09-30,"Wanders, Gérard (1930-)","Heisenberg, Werner (1901-1976)","Lehmann, Harry (1924-1998); Zimmermann, Wolfhart (1928-2016)",Brief
DE-611-HS-3650820,"Brief von Annemarie Giese von Max-Planck-Institut für Physik. Direktion. Sekretariat an Erich Wanek, 30.07.1962",1962-07-30,"Giese, Annemarie; Max-Planck-Institut für Physik. Direktion. Sekretariat","Wanek, Erich (1926-2010)","Heisenberg, Werner (1901-1976)",Brief
DE-611-HS-3650854,"Brief von Erich Wanek an Werner Heisenberg, 13.07.1962",1962-07-13,"Wanek, Erich (1926-2010)","Heisenberg, Werner (1901-1976)",,Brief
DE-611-HS-3650887,"Brief von Werner Heisenberg an Chia Ping Wang an Case Western Reserve University. Department of Physics, 10.04.1970",1970-04-10,"Heisenberg, Werner (1901-1976)","Wang, Chia Ping; Case Western Reserve University. Department of Physics",,Brief
DE-611-HS-3650916,"Brief von Chia Ping Wang von Case Western Reserve University. Department of Physics an Werner Heisenberg, 08.03.1970",1970-03-08,"Wang, Chia Ping; Case Western Reserve University. Department of Physics","Heisenberg, Werner (1901-1976)",,Brief
DE-611-HS-3650929,"Brief von Wolfgang Wangler an Werner Heisenberg, 20.01.1970 [ca.]",1970-01-20,"Wangler, Wolfgang","Heisenberg, Werner (1901-1976)",,Brief
DE-611-HS-3650936,Am 1. August 1970 verstarb im 87. Lebensjahr Professor ... Otto Warburg (Incipit der Unterlage),1970-08-03,,,,unknown
DE-611-HS-3650942,"Brief von Otto Warburg an Werner Heisenberg, 17.11.1969",1969-11-17,"Warburg, Otto (1883-1970)","Heisenberg, Werner (1901-1976)",,Brief
DE-611-HS-3650996,"Brief von Kurt Ballreich von Max-Planck-Gesellschaft zur Förderung der Wissenschaften. Generalverwaltung an Max-Planck-Gesellschaft zur Förderung der Wissenschaften, 16.09.1963",1963-09-16,"Ballreich, Kurt; Max-Planck-Gesellschaft zur Förderung der Wissenschaften. Generalverwaltung",Max-Planck-Gesellschaft zur Förderung der Wissenschaften (1948-),"Warburg, Otto (1883-1970)",Brief
DE-611-HS-3651012,"Brief von Werner Heisenberg an Otto Warburg an Max-Planck-Institut für Zellphysiologie, 13.12.1957",1957-12-13,"Heisenberg, Werner (1901-1976)","Warburg, Otto (1883-1970); Max-Planck-Institut für Zellphysiologie (1953-1973)","Szilard, Leo (1898-1964) [vermutlich]",Brief
DE-611-HS-3651053,"Brief von Otto Warburg an Werner Heisenberg, 10.12.1957",1957-12-10,"Warburg, Otto (1883-1970)","Heisenberg, Werner (1901-1976)","Szilard, Leo (1898-1964) [vermutlich]",Brief
DE-611-HS-3651064,"Brief von Werner Heisenberg an Hildebrand Gurlitt an Kunstverein für die Rheinlande und Westfalen, 26.07.1955",1955-07-26,"Heisenberg, Werner (1901-1976)","Gurlitt, Hildebrand (1895-1956); Kunstverein für die Rheinlande und Westfalen (1829-)","Warburg, Otto (1883-1970)",Brief
DE-611-HS-3651321,"Brief von Walther von Wartburg an Werner Heisenberg, 22.05.1968",1968-05-22,"Wartburg, Walther von (1888-1971)","Heisenberg, Werner (1901-1976) [vermutlich]",,Brief
DE-611-HS-3651324,"Brief von Werner Heisenberg an Eligio Perucca an Politecnico di Torino, 30.01.1951",1951-01-30,"Heisenberg, Werner (1901-1976)","Perucca, Eligio; Politecnico di Torino (1906-)","Wataghin, Gleb (1899-1986)",Brief
DE-611-HS-3651329,"Brief von Eligio Perucca von Politecnico di Torino an Werner Heisenberg, 25.01.1951",1951-01-25,"Perucca, Eligio; Politecnico di Torino (1906-)","Heisenberg, Werner (1901-1976)",,Brief
DE-611-HS-3651341,"Brief von Gleb Wataghin von Università degli studi di Torino. Instituto di fisica an Werner Heisenberg, 18.07.1949",1949-07-18,"Wataghin, Gleb (1899-1986); Università degli studi di Torino. Instituto di fisica","Heisenberg, Werner (1901-1976)","Leal Ferreira, José Hugo",Brief
DE-611-HS-3651348,"Brief von Gleb Wataghin von Università degli studi di Torino. Instituto di fisica an Werner Heisenberg, 14.06.1949",1949-06-14,"Wataghin, Gleb (1899-1986); Università degli studi di Torino. Instituto di fisica","Heisenberg, Werner (1901-1976)","Heisenberg, Elisabeth (1914-1998); Koppe, Heinz (1918-2000)",Brief
DE-611-HS-3651353,"Brief von Gleb Wataghin von Università degli studi di Torino. Instituto di fisica an Werner Heisenberg, 01.03.1949",1949-03-01,"Wataghin, Gleb (1899-1986); Università degli studi di Torino. Instituto di fisica","Heisenberg, Werner (1901-1976)","Amaldi, Edoardo (1908-1989)",Brief
DE-611-HS-3651364,"Brief von A. P. Waterson von St. Thomas' Hospital (London) an Max-Planck-Institut für Physik. Direktion. Sekretariat, 25.01.1965",1965-01-25,"Waterson, A. P.; St. Thomas' Hospital (London)",Max-Planck-Institut für Physik. Direktion. Sekretariat,,Brief
DE-611-HS-3651383,"Brief von Cambridge University Press an Werner Heisenberg, 17.04.1948",1948-04-17,Cambridge University Press (1583-),"Heisenberg, Werner (1901-1976)","Roberts, Sydney C.",Brief
DE-611-HS-3651394,Aktenverweis (Incipit der Unterlage),unknown,,,,unknown
DE-611-HS-3651404,"Brief von Werner Heisenberg an Wayss-und-Freytag-Aktiengesellschaft, 16.05.1961",1961-05-16,"Heisenberg, Werner (1901-1976)",Wayss-und-Freytag-Aktiengesellschaft (1924-1932),,Brief
DE-611-HS-3651409,"Brief von Wayss-und-Freytag-Aktiengesellschaft an Werner Heisenberg, 12.05.1961",1961-05-12,Wayss-und-Freytag-Aktiengesellschaft (1924-1932),"Heisenberg, Werner (1901-1976)",,Brief
DE-611-HS-3651419,"Brief von Werner Heisenberg an Robert Alexander Weale an University of London. Institute of Ophthalmology, 24.01.1950",1950-01-24,"Heisenberg, Werner (1901-1976)","Weale, Robert Alexander (1922-2013); University of London. Institute of Ophthalmology",,Brief
DE-611-HS-3651425,"Brief von Robert Alexander Weale von University of London. Institute of Ophthalmology an Werner Heisenberg, 20.01.1950",1950-01-20,"Weale, Robert Alexander (1922-2013); University of London. Institute of Ophthalmology","Heisenberg, Werner (1901-1976)",,Brief
DE-611-HS-3651436,"Brief von Warren Weaver von The Rockefeller Foundation an Werner Heisenberg, 22.11.1949",1949-11-22,"Weaver, Warren (1923-1997); The Rockefeller Foundation","Heisenberg, Werner (1901-1976)",,Brief
DE-611-HS-3651456,"Brief von Wilmot H. Webb von Princeton University. Department of Aeronautical Engineering an Werner Heisenberg, 22.08.1961",1961-08-22,"Webb, Wilmot H.; Princeton University. Department of Aeronautical Engineering (-1978)","Heisenberg, Werner (1901-1976)",,Brief
DE-611-BF-80361,"495. IV. Institutionen, 1. Korrespondenz: Webe-Weid",1951,,,,unknown
DE-611-HS-3651606,"Brief von Anton Weber an Werner Heisenberg, 05.12.1970",1970-12-05,"Weber, Anton","Heisenberg, Werner (1901-1976)",,Brief
DE-611-HS-3651612,"Brief von Werner Heisenberg an Anton Weber, 10.12.1970",1970-12-10,"Heisenberg, Werner (1901-1976)","Weber, Anton",,Brief
DE-611-HS-3651617,Aktenverweis (Einheitstitel von Bearbeiter/in),1970,,,,unknown
DE-611-HS-3651628,"Brief von Annemarie Giese von Max-Planck-Institut für Physik. Direktion. Sekretariat an Europäische Kommission. Verbindungsbüro, 14.06.1968",1968-06-14,"Giese, Annemarie; Max-Planck-Institut für Physik. Direktion. Sekretariat",Europäische Kommission. Verbindungsbüro (1967-1976),"Heisenberg, Werner (1901-1976)",Brief
DE-611-HS-3651635,"Brief von Werner Heisenberg an Alfred Weber, 11.01.1954",1954-01-11,"Heisenberg, Werner (1901-1976)","Weber, Alfred (1868-1958)",,Brief
DE-611-HS-3651647,"Brief von Alfred Weber an Werner Heisenberg, 06.01.1954",1954-01-06,"Weber, Alfred (1868-1958)","Heisenberg, Werner (1901-1976)",,Brief
DE-611-HS-3651664,"Brief von Klaus Gottstein an Erwin Weber, 24.01.1969",1969-01-24,"Gottstein, Klaus (1924-2020)","Weber, Erwin",,Brief
DE-611-HS-3651679,Aktenverweis (Einheitstitel von Bearbeiter/in),1964-10-02,,,,unknown
DE-611-HS-3651685,"Brief von Annemarie Giese von Max-Planck-Institut für Physik. Direktion. Sekretariat an Günter Gerhard Weber an Theoretical Chemistry Institute, 05.11.1964",1964-11-05,"Giese, Annemarie; Max-Planck-Institut für Physik. Direktion. Sekretariat","Weber, Günter Gerhard [vermutlich]; Theoretical Chemistry Institute","Heisenberg, Werner (1901-1976); Biermann, Ludwig (1907-1986)",Brief
DE-611-HS-3651695,Am 12. Juni 1974 starb in Heidelberg ... Professor ... Hans-Hermann Weber (Incipit der Unterlage),1974-06-15,"Lüst, Reimar (1923-2020); Max-Planck-Gesellschaft zur Förderung der Wissenschaften (1948-)",,,unknown
DE-611-HS-3651699,Aktenverweis (Einheitstitel von Bearbeiter/in),1970,,,,unknown
DE-611-HS-3651718,"Brief von Hans Hermann Weber von Max-Planck-Institut für Medizinische Forschung. Institut für Physiologie, Max-Planck-Gesellschaft zur Förderung der Wissenschaften. Biologisch-Medizinische Sektion an Werner Heisenberg, 03.06.1969",1969-06-03,"Weber, Hans Hermann (1896-1974); Max-Planck-Institut für Medizinische Forschung. Institut für Physiologie; Max-Planck-Gesellschaft zur Förderung der Wissenschaften. Biologisch-Medizinische Sektion","Heisenberg, Werner (1901-1976)","Melchers, Georg (1906-1997)",Brief
DE-611-HS-3653521,"Brief von Werner Heisenberg an Hans Hermann Weber an Max-Planck-Gesellschaft zur Förderung der Wissenschaften. Biologisch-Medizinische Sektion, 22.05.1969",1969-05-22,"Heisenberg, Werner (1901-1976)","Weber, Hans Hermann (1896-1974); Max-Planck-Gesellschaft zur Förderung der Wissenschaften. Biologisch-Medizinische Sektion","Melcher, Rudolf",Brief
DE-611-HS-3653529,"Brief von Hans Hermann Weber von Max-Planck-Institut für Medizinische Forschung. Institut für Physiologie, Max-Planck-Gesellschaft zur Förderung der Wissenschaften. Biologisch-Medizinische Sektion an Werner Heisenberg, 16.05.1969",1969-05-16,"Weber, Hans Hermann (1896-1974); Max-Planck-Institut für Medizinische Forschung. Institut für Physiologie; Max-Planck-Gesellschaft zur Förderung der Wissenschaften. Biologisch-Medizinische Sektion","Heisenberg, Werner (1901-1976)","Melchers, Georg (1906-1997)",Brief
DE-611-HS-3653547,"Brief von Werner Heisenberg an Spedition Hermann Weber, 10.07.1958",1958-07-10,"Heisenberg, Werner (1901-1976)",Spedition Hermann Weber (1892-),,Brief
DE-611-HS-3653552,"Brief von Werner Heisenberg an Horst Weber, 05.08.1974",1974-08-05,"Heisenberg, Werner (1901-1976)","Weber, Horst","Weizsäcker, Carl Friedrich von (1912-2007)",Brief
DE-611-HS-3653596,"Brief von Horst Weber an Werner Heisenberg, 31.07.1974",1974-07-31,"Weber, Horst","Heisenberg, Werner (1901-1976)",,Brief
DE-611-HS-3653621,"Brief von Jack M. Webster an Werner Heisenberg, 14.05.1972",1972-05-14,"Webster, Jack M.","Heisenberg, Werner (1901-1976)","Einstein, Albert (1879-1955)",Brief
DE-611-HS-3653641,"Brief von Jack M. Webster an Werner Heisenberg, 11.05.1972",1972-05-11,"Webster, Jack M.","Heisenberg, Werner (1901-1976)","Einstein, Albert (1879-1955)",Brief
DE-611-HS-3653652,"Brief von Thomas Wechs an Werner Heisenberg, 1968",1968,"Wechs, Thomas (1893-1970)","Heisenberg, Werner (1901-1976) [vermutlich]",,Brief
DE-611-HS-3653664,Aktenverweis (Einheitstitel von Bearbeiter/in),unknown,,,,unknown
DE-611-HS-3653669,"Brief von Werner Heisenberg an Thomas Wechs und Thomas Wechs, 27.07.1964",1964-07-27,"Heisenberg, Werner (1901-1976)","Wechs, Thomas (1893-1970); Wechs, Thomas",,Brief
DE-611-HS-3653673,"Brief von Thomas Wechs an Werner Heisenberg, 20.07.1964",1964-07-20,"Wechs, Thomas (1893-1970)","Heisenberg, Werner (1901-1976)","Wechs, Thomas",Brief
DE-611-HS-3653688,"Brief von Wiltrud Huber von Max-Planck-Institut für Physik. Direktion. Sekretariat an Rudolph Weckering, 02.06.1967",1967-06-02,"Huber, Wiltrud; Max-Planck-Institut für Physik. Direktion. Sekretariat","Weckering, Rudolph [vermutlich]","Heisenberg, Werner (1901-1976)",Brief
DE-611-HS-3653699,"Brief von Rudolph Weckering an Werner Heisenberg, 15.05.1967",1967-05-15,"Weckering, Rudolph","Heisenberg, Werner (1901-1976)",,Brief
DE-611-HS-3653706,"Brief von Graf von Emil Wedel an Werner Heisenberg, 1962 [November]",1962,"Wedel, Emil, Graf von","Heisenberg, Werner (1901-1976) [vermutlich]",,Brief
DE-611-HS-3653721,"Brief von Werner Heisenberg an Graf von Emil Wedel, 30.04.1962",1962-04-30,"Heisenberg, Werner (1901-1976)","Wedel, Emil, Graf von",,Brief
DE-611-HS-3653732,"Brief von Graf von Emil Wedel an Werner Heisenberg, 24.04.1962",1962-04-24,"Wedel, Emil, Graf von","Heisenberg, Werner (1901-1976)","Bernal, John D. (1901-1971)",Brief
DE-611-HS-3653885,"Brief von Werner Heisenberg an Mogens Wegener, 22.02.1963",1963-02-22,"Heisenberg, Werner (1901-1976)","Wegener, Mogens","Bohr, Niels (1885-1962)",Brief
DE-611-HS-3653908,"Brief von Mogens Wegener an Werner Heisenberg, 17.02.1963",1963-02-17,"Wegener, Mogens","Heisenberg, Werner (1901-1976)","Bohr, Niels (1885-1962)",Brief
DE-611-HS-3653922,"Brief von Peter P. Wegener von US Naval Ordnance Laboratory (White Oak, Md.) an Werner Heisenberg, 24.09.1951",1951-09-24,"Wegener, Peter P. (1917-2008); US Naval Ordnance Laboratory (White Oak, Md.)","Heisenberg, Werner (1901-1976)",,Brief
DE-611-HS-3653927,"Brief von Howard McMillen von US Naval Ordnance Laboratory (White Oak, Md.) an Werner Heisenberg, 24.07.1951",1951-07-24,"McMillen, Howard [vermutlich]; US Naval Ordnance Laboratory (White Oak, Md.)","Heisenberg, Werner (1901-1976)","Wegener, Peter P. (1917-2008)",Brief
DE-611-HS-3653940,"Brief von Raymond J. Seeger von US Naval Ordnance Laboratory (White Oak, Md.) an Werner Heisenberg, 24.07.1951",1951-07-24,"Seeger, Raymond J.; US Naval Ordnance Laboratory (White Oak, Md.)","Heisenberg, Werner (1901-1976)","Wegener, Peter P. (1917-2008); Kurzweg, Hermann (1908-2000); Weizsäcker, Carl Friedrich von (1912-2007)",Brief
DE-611-HS-3653961,"Brief von Karl Hermann Wegerhoff an Werner Heisenberg, o.D.",o.D.,"Wegerhoff, Karl Hermann (1926-)","Heisenberg, Werner (1901-1976)",,Brief
DE-611-HS-3653969,"Brief von Annemarie Giese von Max-Planck-Institut für Physik. Direktion. Sekretariat an Christian-Wegner-Verlag, 03.11.1967",1967-11-03,"Giese, Annemarie; Max-Planck-Institut für Physik. Direktion. Sekretariat",Christian-Wegner-Verlag,"Heisenberg, Werner (1901-1976)",Brief
DE-611-HS-3653978,"Brief von Maria Honeit von Christian-Wegner-Verlag an Werner Heisenberg, 05.09.1967",1967-09-05,"Honeit, Maria; Christian-Wegner-Verlag","Heisenberg, Werner (1901-1976)",,Brief
DE-611-HS-3654007,"Brief von Hans A. Neunzig von Christian-Wegner-Verlag an Werner Heisenberg, 09.12.1966",1966-12-09,"Neunzig, Hans A.; Christian-Wegner-Verlag","Heisenberg, Werner (1901-1976)",,Brief
DE-611-HS-3654008,"Brief von Werner Heisenberg an Hans A. Neunzig an Christian-Wegner-Verlag, 19.12.1966",1966-12-19,"Heisenberg, Werner (1901-1976)","Neunzig, Hans A.; Christian-Wegner-Verlag",,Brief
DE-611-HS-3654014,"Brief von Annemarie Giese von Max-Planck-Institut für Physik. Direktion. Sekretariat an Wilfried Wehling, 02.02.1971",1971-02-02,"Giese, Annemarie; Max-Planck-Institut für Physik. Direktion. Sekretariat","Wehling, Wilfried","Heisenberg, Werner (1901-1976)",Brief
DE-611-HS-3654017,"Brief von Wilfried Wehling an Werner Heisenberg, 23.01.1971",1971-01-23,"Wehling, Wilfried","Heisenberg, Werner (1901-1976)",,Brief
DE-611-HS-3654022,"Brief von Werner Heisenberg an Günther Wehr, 23.05.1973",1973-05-23,"Heisenberg, Werner (1901-1976)","Wehr, Günther [vermutlich]","Simmerding, Franz [vermutlich]",Brief
DE-611-HS-3654186,"Brief von Werner Heisenberg an O. H. Wehrmann an Boeing Scientific Laboratories (Seattle), 14.06.1967",1967-06-14,"Heisenberg, Werner (1901-1976)","Wehrmann, O. H.; Boeing Scientific Laboratories (Seattle)",,Brief
DE-611-HS-3654199,"Brief von O. H. Wehrmann von Boeing Scientific Laboratories (Seattle) an Werner Heisenberg, 05.06.1967",1967-06-05,"Wehrmann, O. H.; Boeing Scientific Laboratories (Seattle)","Heisenberg, Werner (1901-1976)",,Brief
DE-611-HS-3654212,"Brief von Hartmut Wehrt an Annemarie Giese, 12.03.1973",1973-03-12,"Wehrt, Hartmut [vermutlich]","Giese, Annemarie","Heisenberg, Werner (1901-1976)",Brief
DE-611-HS-3654263,"Brief von Hartmut Wehrt an Annemarie Giese, 03.02.1973",1973-02-03,"Wehrt, Hartmut [vermutlich]","Giese, Annemarie","Heisenberg, Werner (1901-1976)",Brief
DE-611-HS-3654302,"Brief von Annemarie Giese an Hartmut Wehrt, 18.10.1971",1971-10-18,"Giese, Annemarie","Wehrt, Hartmut","Heisenberg, Werner (1901-1976)",Brief
DE-611-HS-3654314,"Brief von Hartmut Wehrt an Annemarie Giese, 06.11.1970",1970-11-06,"Wehrt, Hartmut [vermutlich]","Giese, Annemarie","Heisenberg, Werner (1901-1976)",Brief
DE-611-HS-3654320,"Brief von Hartmut Wehrt an Annemarie Giese, 09.09.1968",1968-09-09,"Wehrt, Hartmut [vermutlich]","Giese, Annemarie","Heisenberg, Werner (1901-1976)",Brief
DE-611-HS-3654328,"Brief von Hartmut Wehrt an Annemarie Giese, 04.09.1968",1968-09-04,"Wehrt, Hartmut [vermutlich]","Giese, Annemarie","Heisenberg, Werner (1901-1976)",Brief
DE-611-HS-3654338,"Brief von Annemarie Giese an Hartmut Wehrt, 21.09.1966",1966-09-21,"Giese, Annemarie","Wehrt, Hartmut","Heisenberg, Werner (1901-1976)",Brief
DE-611-HS-3654354,"Brief von Hartmut Wehrt an Annemarie Giese, 19.09.1966",1966-09-19,"Wehrt, Hartmut [vermutlich]","Giese, Annemarie","Heisenberg, Werner (1901-1976)",Brief
DE-611-HS-3654363,"Brief von Annemarie Giese an Hartmut Wehrt, 17.08.1966",1966-08-17,"Giese, Annemarie","Wehrt, Hartmut","Heisenberg, Werner (1901-1976)",Brief
DE-611-HS-3654370,"Brief von Hartmut Wehrt an Annemarie Giese, 1966 [Aug.]",1966,"Wehrt, Hartmut [vermutlich]","Giese, Annemarie","Heisenberg, Werner (1901-1976)",Brief
DE-611-HS-3654376,Aktenverweis (Einheitstitel von Bearbeiter/in),unknown,,,,unknown
DE-611-HS-3654393,"Brief von L. Y. Wei von University of Washington. Department of Electrical Engineering an Werner Heisenberg, 07.07.1959",1959-07-07,"Wei, L. Y.; University of Washington. Department of Electrical Engineering (-2018)","Heisenberg, Werner (1901-1976)",,Brief
DE-611-HS-3654423,"Brief von L. Weibel-Baron an Werner Heisenberg, 1968 [ca.]",1968,"Weibel-Baron, L.","Heisenberg, Werner (1901-1976) [vermutlich]",,Brief
DE-611-HS-3654439,"Brief von L. Weibel-Baron an Werner Heisenberg, 10.02.1968",1968-02-10,"Weibel-Baron, L.","Heisenberg, Werner (1901-1976)",,Brief
DE-611-HS-3654468,"Brief von Werner Heisenberg an Klaus Weidauer, 07.03.1968",1968-03-07,"Heisenberg, Werner (1901-1976)","Weidauer, Klaus (1921-2013)",,Brief
DE-611-HS-3654477,"Brief von Klaus Weidauer von Schule Birklehof an Werner Heisenberg, 26.02.1968",1968-02-26,"Weidauer, Klaus (1921-2013); Schule Birklehof (1932-)","Heisenberg, Werner (1901-1976)",,Brief
DE-611-HS-3654481,"Brief von Werner Heisenberg an Klaus Weidauer an Schule Birklehof, 22.02.1968",1968-02-22,"Heisenberg, Werner (1901-1976)","Weidauer, Klaus (1921-2013); Schule Birklehof (1932-)",,Brief
DE-611-HS-3654489,"Brief von Klaus Weidauer von Schule Birklehof an Werner Heisenberg, 14.02.1968",1968-02-14,"Weidauer, Klaus (1921-2013); Schule Birklehof (1932-)","Heisenberg, Werner (1901-1976)",,Brief
DE-611-HS-3654638,"Brief von Elisabeth Weidauer an Werner Heisenberg, 14.05.1953",1953-05-14,"Weidauer, Elisabeth","Heisenberg, Werner (1901-1976)",,Brief
DE-611-HS-3654672,"Brief von Bernd Acker von Universität Karlsruhe. Institut für Technische Mechanik an Werner Heisenberg, 18.12.1970",1970-12-18,"Acker, Bernd; Universität Karlsruhe. Institut für Technische Mechanik (-2009)","Heisenberg, Werner (1901-1976)","Weidenhammer, F.",Brief
DE-611-HS-3654682,Aktenverweis (Einheitstitel von Bearbeiter/in),unknown,,,,unknown
DE-611-HS-3654690,"Brief von Gerhart Lüders an Hans-Arwed Weidenmüller an University of Minnesota. Department of Physics, 02.06.1959",1959-06-02,"Lüders, Gerhart (1920-1995)","Weidenmüller, Hans-Arwed (1933-); University of Minnesota. Department of Physics",,Brief
DE-611-HS-3654693,"Brief von Gerhart Lüders an Hans-Arwed Weidenmüller an University of Minnesota. Department of Physics, 10.06.1959",1959-06-10,"Lüders, Gerhart (1920-1995)","Weidenmüller, Hans-Arwed (1933-); University of Minnesota. Department of Physics","Heisenberg, Werner (1901-1976)",Brief
DE-611-HS-3654700,"Brief von Hans-Arwed Weidenmüller von University of Minnesota. Department of Physics an Gerhart Lüders, 15.06.1959",1959-06-15,"Weidenmüller, Hans-Arwed (1933-); University of Minnesota. Department of Physics","Lüders, Gerhart (1920-1995)","Heisenberg, Werner (1901-1976)",Brief
DE-611-HS-3654706,"Brief von Gerhart Lüders an Hans-Arwed Weidenmüller an University of Minnesota. Department of Physics, 23.06.1959",1959-06-23,"Lüders, Gerhart (1920-1995)","Weidenmüller, Hans-Arwed (1933-); University of Minnesota. Department of Physics",,Brief
DE-611-HS-3655589,Aktenverweis (Einheitstitel von Bearbeiter/in),1972-07-11,,,,unknown
DE-611-HS-3655594,Aktenverweis (Einheitstitel von Bearbeiter/in),1958-11-10,,,,unknown
DE-611-HS-3655599,"Brief von Annemarie Giese von Max-Planck-Institut für Physik. Direktion. Sekretariat an Julius Weidner, 03.11.1958",1958-11-03,"Giese, Annemarie; Max-Planck-Institut für Physik. Direktion. Sekretariat","Weidner, Julius","Heisenberg, Werner (1901-1976); Lüders, Gerhart (1920-1995); Symanzik, Kurt (1923-1983)",Brief
DE-611-HS-3655601,"Brief von Julius Weidner an Werner Heisenberg, 28.07.1958",1958-07-28,"Weidner, Julius","Heisenberg, Werner (1901-1976)",,Brief
DE-611-HS-3655607,"Brief von Werner Heisenberg an Julius Weidner, 24.05.1957",1957-05-24,"Heisenberg, Werner (1901-1976)","Weidner, Julius",,Brief
DE-611-HS-3655609,"Brief von Julius Weidner an Werner Heisenberg, 22.05.1958",1958-05-22,"Weidner, Julius","Heisenberg, Werner (1901-1976)",,Brief
DE-611-HS-3655614,"Brief von Julius Weidner an Werner Heisenberg, 01.05.1957",1957-05-01,"Weidner, Julius","Heisenberg, Werner (1901-1976)","Bopp, Fritz (1909-1987)",Brief
DE-611-HS-3655618,"Brief von Julius Weidner an Werner Heisenberg, 10.09.1956",1956-09-10,"Weidner, Julius","Heisenberg, Werner (1901-1976)","Bopp, Fritz (1909-1987)",Brief
DE-611-HS-3655630,"Brief von Werner Heisenberg an Bernd Acker an Universität Karlsruhe. Institut für Technische Mechanik, 21.12.1970",1970-12-21,"Heisenberg, Werner (1901-1976)","Acker, Bernd; Universität Karlsruhe. Institut für Technische Mechanik (-2009)","Weidenhammer, F.",Brief
DE-611-BF-80362,"496. IV. Institutionen, 1. Korrespondenz: Weig-Weiz",1951,,,,unknown
DE-611-HS-3655663,"Brief von Walter Weigmann an Werner Heisenberg, 09.03.1937",1937-03-09,"Weigmann, Walter (1902-1945) [vermutlich]","Heisenberg, Werner (1901-1976)","Heisenberg, Elisabeth (1914-1998)",Brief
DE-611-HS-3655724,"Brief von Werner Heisenberg an Hermann J. Weihe, 07.07.1971",1971-07-07,"Heisenberg, Werner (1901-1976)","Weihe, Hermann J.",,Brief
DE-611-HS-3655730,"Brief von Hermann J. Weihe an Werner Heisenberg, 21.06.1971",1971-06-21,"Weihe, Hermann J.","Heisenberg, Werner (1901-1976)",,Brief
DE-611-HS-3655735,"Brief von Werner Heisenberg an Karl Weimer, 22.05.1957",1957-05-22,"Heisenberg, Werner (1901-1976)","Weimer, Karl","Gierke, Gerhart von (1922-2003)",Brief
DE-611-HS-3655737,"Brief von Karl Weimer von Physikalische Studiengesellschaft (Düsseldorf) an Werner Heisenberg, 24.04.1957",1957-04-24,"Weimer, Karl; Physikalische Studiengesellschaft (Düsseldorf)","Heisenberg, Werner (1901-1976)",,Brief
DE-611-HS-3655742,Visitenkarte Hermann Wein (Einheitstitel von Bearbeiter/in),1967,,,,unknown
DE-611-HS-3655747,"Brief von Hermann Wein an Werner Heisenberg, o.D.",o.D.,"Wein, Hermann","Heisenberg, Werner (1901-1976)",,Brief
DE-611-HS-3655752,"Brief von Martin Wein an Werner Heisenberg, 27.02.1967",1967-02-27,"Wein, Martin (1925-) [vermutlich]","Heisenberg, Werner (1901-1976)",,Brief
DE-611-HS-3655753,"Brief von Werner Heisenberg an Martin Wein, 15.03.1966",1966-03-15,"Heisenberg, Werner (1901-1976)","Wein, Martin (1925-)",,Brief
DE-611-HS-3655756,"Brief von Martin Wein an Werner Heisenberg, 08.03.1966",1966-03-08,"Wein, Martin (1925-) [vermutlich]","Heisenberg, Werner (1901-1976)",,Brief
DE-611-HS-3655909,"Brief von Werner Heisenberg an Steven Weinberg an Massachusetts Institute of Technology. Department of Physics, 12.07.1968",1968-07-12,"Heisenberg, Werner (1901-1976)","Weinberg, Steven (1933-2021); Massachusetts Institute of Technology. Department of Physics","Dürr, Hans-Peter (1929-2014)",Brief
DE-611-HS-3655911,Aktennotizen (Einheitstitel von Bearbeiter/in),unknown,,,,unknown
DE-611-HS-3655918,Aktennotizen (Einheitstitel von Bearbeiter/in),unknown,,,,unknown
DE-611-HS-3655922,"Brief von Annemarie Giese von Max-Planck-Institut für Physik. Direktion. Sekretariat an Richard M. Weiner an Rheinische Friedrich-Wilhelms-Universität Bonn. Physikalisches Institut, 12.05.1970",1970-05-12,"Giese, Annemarie; Max-Planck-Institut für Physik. Direktion. Sekretariat","Weiner, Richard M. (1930-2020); Rheinische Friedrich-Wilhelms-Universität Bonn. Physikalisches Institut","Heisenberg, Werner (1901-1976)",Brief
DE-611-HS-3655927,"Brief von Richard M. Weiner von Rheinische Friedrich-Wilhelms-Universität Bonn. Physikalisches Institut an Werner Heisenberg, 23.04.1970",1970-04-23,"Weiner, Richard M. (1930-2020); Rheinische Friedrich-Wilhelms-Universität Bonn. Physikalisches Institut","Heisenberg, Werner (1901-1976)",,Brief
DE-611-HS-3655932,"Brief von T. Weiner von Rutgers University. Department of Physics an Werner Heisenberg, 11.05.1959",1959-05-11,"Weiner, T.; Rutgers University. Department of Physics","Heisenberg, Werner (1901-1976)",,Brief
DE-611-HS-3655934,"Brief von T. Weiner von Rutgers University. Department of Physics an Werner Heisenberg, 02.05.1959",1959-05-02,"Weiner, T.; Rutgers University. Department of Physics","Heisenberg, Werner (1901-1976)",,Brief
DE-611-HS-3655937,"Brief von T. Weiner an Werner Heisenberg, 03.01.1954",1954-01-03,"Weiner, T.","Heisenberg, Werner (1901-1976)",,Brief
DE-611-HS-3655938,"Brief von Werner Heisenberg an T. Weiner, 15.12.1953",1953-12-15,"Heisenberg, Werner (1901-1976)","Weiner, T.",,Brief
DE-611-HS-3655939,"Brief von T. Weiner an Werner Heisenberg, 29.11.1953",1953-11-29,"Weiner, T.","Heisenberg, Werner (1901-1976)","Einstein, Albert (1879-1955)",Brief
DE-611-HS-3656616,"Brief von Albert Weinik an Werner Heisenberg, 06.09.1968",1968-09-06,"Weinik, Albert","Heisenberg, Werner (1901-1976)","Einstein, Albert (1879-1955)",Brief
DE-611-HS-3656624,"Brief von Werner Heisenberg an Ingeborg Weiß, 15.01.1973",1973-01-15,"Heisenberg, Werner (1901-1976)","Weiß, Ingeborg",,Brief
DE-611-HS-3656632,"Brief von Ingeborg Weiß an Werner Heisenberg, 10.01.1973",1973-01-10,"Weiß, Ingeborg","Heisenberg, Werner (1901-1976)",,Brief
DE-611-HS-3656643,"Brief von Karl Günther Weiss von Bayern. Oberlandesgericht (München) an Werner Heisenberg, 15.10.1970",1970-10-15,"Weiss, Karl Günther (1917-2001); Bayern. Oberlandesgericht (München)","Heisenberg, Werner (1901-1976)",,Brief
DE-611-HS-3656648,"Brief von Annemarie Giese von Max-Planck-Institut für Physik. Direktion. Sekretariat an Karl Günther Weiss, 21.10.1970",1970-10-21,"Giese, Annemarie; Max-Planck-Institut für Physik. Direktion. Sekretariat","Weiss, Karl Günther (1917-2001)","Heisenberg, Werner (1901-1976)",Brief
DE-611-HS-3656657,"Brief von Werner Heisenberg an Norbert Weiss, 21.12.1970",1970-12-21,"Heisenberg, Werner (1901-1976)","Weiss, Norbert","Kadjew, Rollan (1940-)",Brief
DE-611-HS-3656677,"Brief von Norbert Weiss an Werner Heisenberg, 05.12.1970",1970-12-05,"Weiss, Norbert","Heisenberg, Werner (1901-1976)","Kadjew, Rollan (1940-)",Brief
DE-611-HS-3656721,"Brief von Norbert Weiss an Werner Heisenberg, 16.05.1970",1970-05-16,"Weiss, Norbert","Heisenberg, Werner (1901-1976)",,Brief
DE-611-HS-3656728,"Brief von Werner Heisenberg an Paul A. Weiss, 13.12.1973",1973-12-13,"Heisenberg, Werner (1901-1976)","Weiss, Paul A. (1898-1989)",,Brief
DE-611-HS-3656737,"Brief von Paul A. Weiss von Rockefeller University an Werner Heisenberg, 09.08.1972",1972-08-09,"Weiss, Paul A. (1898-1989); Rockefeller University (1965-)","Heisenberg, Werner (1901-1976)","Kreutzberg, Georg W. (1932-2019)",Brief
DE-611-HS-3656740,"Brief von Werner Heisenberg an Paul A. Weiss an Rockefeller University, 24.07.1972",1972-07-24,"Heisenberg, Werner (1901-1976)","Weiss, Paul A. (1898-1989); Rockefeller University (1965-)",,Brief
DE-611-HS-3656753,"Brief von Paul A. Weiss von Rockefeller University an Werner Heisenberg, 18.07.1972",1972-07-18,"Weiss, Paul A. (1898-1989); Rockefeller University (1965-)","Heisenberg, Werner (1901-1976)",,Brief
DE-611-HS-3656760,"Brief von Annemarie Giese von Max-Planck-Institut für Physik. Direktion. Sekretariat an Paul A. Weiss an Rockefeller University, 11.02.1972",1972-02-11,"Giese, Annemarie; Max-Planck-Institut für Physik. Direktion. Sekretariat","Weiss, Paul A. (1898-1989); Rockefeller University (1965-)","Heisenberg, Werner (1901-1976)",Brief
DE-611-HS-3656775,"Brief von Werner Heisenberg an Paul A. Weiss an Rockefeller University, 08.01.1970",1970-01-08,"Heisenberg, Werner (1901-1976)","Weiss, Paul A. (1898-1989); Rockefeller University (1965-)",,Brief
DE-611-HS-3656791,"Brief von Paul A. Weiss von Rockefeller University an Werner Heisenberg, 09.12.1969",1969-12-09,"Weiss, Paul A. (1898-1989); Rockefeller University (1965-)","Heisenberg, Werner (1901-1976)","Anshen, Ruth Nanda (1900-2003); Compton, Arthur Holly (1892-1962); Schrödinger, Erwin (1887-1961)",Brief
DE-611-HS-3656935,"Brief von Werner Heisenberg an Alexander Weissberg-Cybulski, 28.11.1951",1951-11-28,"Heisenberg, Werner (1901-1976)","Weissberg-Cybulski, Alexander (1901-)","Houtermans, Fritz Georg (1903-1966) [vermutlich]; Stalin, Josif Vissarionovič (1878-1953)",Brief
DE-611-HS-3656984,"Brief von Alexander Weissberg-Cybulski von Verlag der Frankfurter Hefte an Werner Heisenberg, 15.11.1951",1951-11-15,"Weissberg-Cybulski, Alexander (1901-); Verlag der Frankfurter Hefte","Heisenberg, Werner (1901-1976)","Astor, David (1912-2001)",Brief
DE-611-HS-3656997,"Brief von L. Arnold Weissberger an Werner Heisenberg, 01.09.1960",1960-09-01,"Weissberger, L. Arnold (1907-1981) [vermutlich]","Heisenberg, Werner (1901-1976)",,Brief
DE-611-HS-3657012,"Brief von Wiltrud Huber von Max-Planck-Institut für Physik. Direktion. Sekretariat an Günther Weitzel an Eberhard Karls Universität Tübingen. Physiologisch-Chemisches Institut, 13.11.1967",1967-11-13,"Huber, Wiltrud; Max-Planck-Institut für Physik. Direktion. Sekretariat","Weitzel, Günther (1915-1984); Eberhard Karls Universität Tübingen. Physiologisch-Chemisches Institut (-2004)","Heisenberg, Werner (1901-1976)",Brief
DE-611-HS-3657016,"Brief von Günther Weitzel von Eberhard Karls Universität Tübingen. Physiologisch-Chemisches Institut an Wiltrud Huber an Max-Planck-Institut für Physik und Astrophysik, 09.11.1967",1967-11-09,"Weitzel, Günther (1915-1984); Eberhard Karls Universität Tübingen. Physiologisch-Chemisches Institut (-2004)","Huber, Wiltrud; Max-Planck-Institut für Physik und Astrophysik (1958-1991)","Butenandt, Adolf (1903-1995); Karlson, Peter [vermutlich]",Brief
DE-611-HS-3657024,"Brief von Wiltrud Huber von Max-Planck-Institut für Physik. Direktion. Sekretariat an Günther Weitzel an Eberhard Karls Universität Tübingen. Physiologisch-Chemisches Institut, 07.11.1967",1967-11-07,"Huber, Wiltrud; Max-Planck-Institut für Physik. Direktion. Sekretariat","Weitzel, Günther (1915-1984); Eberhard Karls Universität Tübingen. Physiologisch-Chemisches Institut (-2004)","Heisenberg, Werner (1901-1976)",Brief
DE-611-HS-3657029,Aktennotizen (Einheitstitel von Bearbeiter/in),unknown,,,,unknown
DE-611-HS-3657034,Aktennotizen (Einheitstitel von Bearbeiter/in),unknown,,,,unknown
DE-611-HS-3657036,Aktennotizen (Einheitstitel von Bearbeiter/in),unknown,,,,unknown
DE-611-HS-3657044,Weizmann Institute of Science (Incipit des Druckes),1964,"Hahn, Otto (1879-1968); Warburg, Siegmund (1902-1982); Salin, Edgar (1892-1974)",,,unknown
DE-611-BF-80363,"497. IV. Institutionen, 1. Korrespondenz: Welk-Welt",1946,,,,unknown
DE-611-HS-3657104,"Brief von Heinrich Welker an Werner Heisenberg, 29.05.1948",1948-05-29,"Welker, Heinrich","Heisenberg, Werner (1901-1976)",,Brief
DE-611-HS-3657116,"Brief von Werner Heisenberg an Heinrich Welker, 05.05.1948",1948-05-05,"Heisenberg, Werner (1901-1976)","Welker, Heinrich",,Brief
DE-611-HS-3657120,"Brief von Werner Heisenberg an Heinrich Welker, 23.03.1948",1948-03-23,"Heisenberg, Werner (1901-1976)","Welker, Heinrich",,Brief
DE-611-HS-3657124,"Brief von Heinrich Welker an Werner Heisenberg, 05.11.1948",1948-11-05,"Welker, Heinrich","Heisenberg, Werner (1901-1976)",,Brief
DE-611-HS-3657134,"Brief von Ludwig-Maximilians-Universität München. Physikalisches Institut an Werner Heisenberg, 24.02.1948",1948-02-24,Ludwig-Maximilians-Universität München. Physikalisches Institut,"Heisenberg, Werner (1901-1976)","Welker, Heinrich",Brief
DE-611-HS-3657353,"Brief von Jacob Neufeld von Well Surveys Incorporated an Werner Heisenberg, 08.07.1947",1947-07-08,"Neufeld, Jacob; Well Surveys Incorporated","Heisenberg, Werner (1901-1976)",,Brief
DE-611-HS-3657361,"Brief von Werner Heisenberg an Albert Wellek an Johannes Gutenberg-Universität Mainz. Psychologisches Institut, 31.03.1967",1967-03-31,"Heisenberg, Werner (1901-1976)","Wellek, Albert (1904-1972); Johannes Gutenberg-Universität Mainz. Psychologisches Institut",,Brief
DE-611-HS-3657380,"Brief von Albert Wellek von Johannes Gutenberg-Universität Mainz. Psychologisches Institut an Werner Heisenberg, 06.03.1967",1967-03-06,"Wellek, Albert (1904-1972); Johannes Gutenberg-Universität Mainz. Psychologisches Institut","Heisenberg, Werner (1901-1976)","Krueger, Felix (1874-1948); Lersch, Philipp (1898-1972)",Brief
DE-611-HS-3657389,"Brief von Elisabeth Wellhöfer an Werner Heisenberg, 29.08.1965",1965-08-29,"Wellhöfer, Elisabeth","Heisenberg, Werner (1901-1976)",,Brief
DE-611-HS-3657404,"Brief von Hans-Peter Dürr an Elisabeth Wellhöfer, 14.09.1965",1965-09-14,"Dürr, Hans-Peter (1929-2014)","Wellhöfer, Elisabeth","Heisenberg, Werner (1901-1976)",Brief
DE-611-HS-3657443,"Brief von Werner Heisenberg an Friedrich Schneider an Max-Planck-Gesellschaft zur Förderung der Wissenschaften, 14.12.1970",1970-12-14,"Heisenberg, Werner (1901-1976)","Schneider, Friedrich (1913-1981); Max-Planck-Gesellschaft zur Förderung der Wissenschaften (1948-)","Welser, Maria von (1946-) [vermutlich]",Brief
DE-611-HS-3657499,"Brief von F. Read an Otto Hahn, 15.04.1946",1946-04-15,"Read, F.","Hahn, Otto (1879-1968)","Heisenberg, Werner (1901-1976); Welsh, Eric",Brief
DE-611-HS-3657511,"Brief von Eric Welsh an Werner Heisenberg, 05.04.1946",1946-04-05,"Welsh, Eric","Heisenberg, Werner (1901-1976)",,Brief
DE-611-HS-3657531,"Brief von Werner Heisenberg an Eric Welsh, 04.03.1946",1946-03-04,"Heisenberg, Werner (1901-1976)","Welsh, Eric",,Brief
DE-611-HS-3657547,"Brief von Werner Heisenberg an Hans Dohrenbusch an Redaktion Welt der Arbeit (Köln), 29.08.1955",1955-08-29,"Heisenberg, Werner (1901-1976)","Dohrenbusch, Hans; Redaktion Welt der Arbeit (Köln)",,Brief
DE-611-HS-3657555,"Brief von Hans Dohrenbusch von Redaktion Welt der Arbeit (Köln) an Werner Heisenberg, 16.08.1955",1955-08-16,"Dohrenbusch, Hans; Redaktion Welt der Arbeit (Köln)","Heisenberg, Werner (1901-1976)","Hahn, Otto (1879-1968)",Brief
DE-611-HS-3657560,"Brief von Werner Heisenberg an Hans Dohrenbusch an Redaktion Welt der Arbeit (Köln), 19.01.1955",1955-01-19,"Heisenberg, Werner (1901-1976)","Dohrenbusch, Hans; Redaktion Welt der Arbeit (Köln)",,Brief
DE-611-HS-3657565,"Brief von Hans Dohrenbusch von Redaktion Welt der Arbeit (Köln) an Werner Heisenberg, 15.01.1955",1955-01-15,"Dohrenbusch, Hans; Redaktion Welt der Arbeit (Köln)","Heisenberg, Werner (1901-1976)",,Brief
DE-611-HS-3657583,"Brief von Werner Heisenberg an Oskar Vogelhuber an Welt der Schule. Schriftleitung, 08.10.1956",1956-10-08,"Heisenberg, Werner (1901-1976)","Vogelhuber, Oskar (1878-1971); Welt der Schule. Schriftleitung","Schneider, Rudolf [vermutlich]",Brief
DE-611-HS-3657592,"Brief von Oskar Vogelhuber von Welt der Schule. Schriftleitung an Werner Heisenberg, 07.08.1956",1956-08-07,"Vogelhuber, Oskar (1878-1971); Welt der Schule. Schriftleitung","Heisenberg, Werner (1901-1976)",,Brief
DE-611-HS-3657600,"Brief von Rudolf Schneider von Welt der Schule. Schriftleitung an Werner Heisenberg, 24.11.1954",1954-11-24,"Schneider, Rudolf [vermutlich]; Welt der Schule. Schriftleitung","Heisenberg, Werner (1901-1976)",,Brief
DE-611-HS-3657614,"Brief von Annemarie Giese von Max-Planck-Institut für Physik. Direktion. Sekretariat an Rudolf Schneider an Welt der Schule. Schriftleitung, 04.11.1954",1954-11-04,"Giese, Annemarie; Max-Planck-Institut für Physik. Direktion. Sekretariat","Schneider, Rudolf; Welt der Schule. Schriftleitung","Heisenberg, Werner (1901-1976)",Brief
DE-611-HS-3657622,"Brief von Rudolf Schneider von Welt der Schule. Schriftleitung an Werner Heisenberg, 25.10.1954",1954-10-25,"Schneider, Rudolf; Welt der Schule. Schriftleitung","Heisenberg, Werner (1901-1976)",,Brief
DE-611-HS-3657627,Jahresbericht des Arbeitskreises München der W.O.M.A.N. für das Jahr 1964 (Incipit der Unterlage),1965-01-21,"Küpper, Christel",,,unknown
DE-611-HS-3657683,"Brief von Günther Schwab von World Union for Protection of Life an Werner Heisenberg, 1963 [ca.]",1963,"Schwab, Günther (1904-2006); World Union for Protection of Life (1962-)","Heisenberg, Werner (1901-1976)",,Brief
DE-611-HS-3657688,"Brief von Annemarie Giese von Max-Planck-Institut für Physik. Direktion. Sekretariat an World Union for Protection of Life, 04.05.1973",1973-05-04,"Giese, Annemarie; Max-Planck-Institut für Physik. Direktion. Sekretariat",World Union for Protection of Life (1962-),"Heisenberg, Werner (1901-1976)",Brief
DE-611-HS-3657700,"Brief von World Union for Protection of Life an Werner Heisenberg, 10.04.1973",1973-04-10,World Union for Protection of Life (1962-),"Heisenberg, Werner (1901-1976)",,Brief
DE-611-HS-3657715,"Brief von Karl Saller von World Federation of Scientific Workers an Werner Heisenberg, 01.10.1962",1962-10-01,"Saller, Karl (1902-1969); World Federation of Scientific Workers (1946-1994)","Heisenberg, Werner (1901-1976)",,Brief
DE-611-HS-3657727,"Brief von Werner Heisenberg an Weltfriedensbewegung, 30.11.1967",1967-11-30,"Heisenberg, Werner (1901-1976)",Weltfriedensbewegung,,Brief
DE-611-HS-3657739,"Brief von Willy Heimberg und Ferdinand Pieck von Weltfriedensbewegung an Werner Heisenberg, 15.11.1967",1967-11-15,"Heimberg, Willy; Pieck, Ferdinand; Weltfriedensbewegung","Heisenberg, Werner (1901-1976)",,Brief
DE-611-HS-3659631,Aktennotiz (Einheitstitel von Bearbeiter/in),unknown,,,,unknown
DE-611-HS-3659642,Aktennotiz (Einheitstitel von Bearbeiter/in),unknown,,,,unknown
DE-611-HS-3659661,"Brief von Verlagshaus Die Welt (Hamburg u.a.) an Werner Heisenberg an Max-Planck-Institut für Physik und Astrophysik, 15.12.1967",1967-12-15,Verlagshaus Die Welt (Hamburg u.a.),"Heisenberg, Werner (1901-1976); Max-Planck-Institut für Physik und Astrophysik (1958-1991)",,Brief
DE-611-HS-3659671,"Brief von Werner Heisenberg an Lorenz Stucki an Weltwoche  / Redaktion (Zürich), 07.10.1959",1959-10-07,"Heisenberg, Werner (1901-1976)","Stucki, Lorenz; Weltwoche (Zürich) / Redaktion",,Brief
DE-611-HS-3659682,"Brief von Lorenz Stucki von Weltwoche  / Redaktion (Zürich) an Werner Heisenberg, 28.09.1959",1959-09-28,"Stucki, Lorenz; Weltwoche (Zürich) / Redaktion","Heisenberg, Werner (1901-1976)",,Brief
DE-611-HS-3659689,"Brief von Werner Heisenberg an Georg Gerster an Weltwoche  / Redaktion (Zürich), 29.05.1953",1953-05-29,"Heisenberg, Werner (1901-1976)","Gerster, Georg (1928-2019); Weltwoche (Zürich) / Redaktion",,Brief
DE-611-HS-3659703,"Brief von Georg Gerster von Weltwoche  / Redaktion (Zürich) an Werner Heisenberg, 26.04.1953",1953-04-26,"Gerster, Georg (1928-2019); Weltwoche (Zürich) / Redaktion","Heisenberg, Werner (1901-1976)",,Brief
DE-611-HS-3659710,"Brief von Annemarie Giese von Max-Planck-Institut für Physik. Direktion. Sekretariat an Lily Abegg an Weltwoche  / Redaktion (Zürich), 16.09.1950",1950-09-16,"Giese, Annemarie; Max-Planck-Institut für Physik. Direktion. Sekretariat","Abegg, Lily (1901-1974); Weltwoche (Zürich) / Redaktion","Heisenberg, Werner (1901-1976)",Brief
DE-611-HS-3659714,"Brief von Werner Heisenberg an Lily Abegg an Weltwoche  / Redaktion (Zürich), 09.09.1950",1950-09-09,"Heisenberg, Werner (1901-1976)","Abegg, Lily (1901-1974); Weltwoche (Zürich) / Redaktion",,Brief
DE-611-HS-3659740,"Brief von Lily Abegg von Weltwoche  / Redaktion (Zürich) an Werner Heisenberg, 10.06.1950",1950-06-10,"Abegg, Lily (1901-1974); Weltwoche (Zürich) / Redaktion","Heisenberg, Werner (1901-1976)",,Brief
DE-611-HS-3659759,"Brief von Werner Heisenberg an Rudolf Schneider an Welt der Schule. Schriftleitung, 19.11.1954",1954-11-19,"Heisenberg, Werner (1901-1976)","Schneider, Rudolf; Welt der Schule. Schriftleitung",,Brief
DE-611-BF-80364,"498. IV. Institutionen, 1. Korrespondenz: Welz-Wenzl",1954,,,,unknown
DE-611-HS-3659833,"Brief von Annemarie Giese von Max-Planck-Institut für Physik. Direktion. Sekretariat an Käthe Welzel, 12.05.1958",1958-05-12,"Giese, Annemarie; Max-Planck-Institut für Physik. Direktion. Sekretariat","Welzel, Käthe","Heisenberg, Werner (1901-1976)",Brief
DE-611-HS-3659847,"Brief von Käthe Welzel an Werner Heisenberg, 30.04.1958",1958-04-30,"Welzel, Käthe","Heisenberg, Werner (1901-1976)",,Brief
DE-611-HS-3659868,"Brief von Unbekannt an Werner Heisenberg, 26.03.1961",1961-03-26,Unbekannt,"Heisenberg, Werner (1901-1976)","Eggert, John (1891-) [vermutlich]",Brief
DE-611-HS-3659903,"Brief von Clarence A. Wendel von Deutschland . Amerikanischer Hochkommissar (Bundesrepublik) an Werner Heisenberg, 30.03.1954",1954-03-30,"Wendel, Clarence A.; Deutschland (Bundesrepublik). Amerikanischer Hochkommissar","Heisenberg, Werner (1901-1976)","Friedrich, Walther",Brief
DE-611-HS-3659912,"Brief von Clarence A. Wendel von Deutschland . Amerikanischer Hochkommissar (Bundesrepublik) an Werner Heisenberg, 16.03.1954",1954-03-16,"Wendel, Clarence A.; Deutschland (Bundesrepublik). Amerikanischer Hochkommissar","Heisenberg, Werner (1901-1976)",,Brief
DE-611-HS-3659917,"Brief von Clarence A. Wendel von Deutschland . Amerikanischer Hochkommissar (Bundesrepublik) an Werner Heisenberg, 22.01.1954",1954-01-22,"Wendel, Clarence A.; Deutschland (Bundesrepublik). Amerikanischer Hochkommissar","Heisenberg, Werner (1901-1976)",,Brief
DE-611-HS-3659923,"Brief von Karl Wendel an Werner Heisenberg, 18.10.1973",1973-10-18,"Wendel, Karl","Heisenberg, Werner (1901-1976)","Bohr, Niels (1885-1962); Lessing, Theodor (1872-1933); Eicke, Franz",Brief
DE-611-HS-3660000,"Brief von Kurt Wendlandt an Werner Heisenberg, 28.06.1972",1972-06-28,"Wendlandt, Kurt (1917-1998)","Heisenberg, Werner (1901-1976)",,Brief
DE-611-HS-3660003,"Brief von Werner Heisenberg an Siegfried Wendt, 30.04.1958",1958-04-30,"Heisenberg, Werner (1901-1976)","Wendt, Siegfried (1901-1966)","Schumacher, Hermann (1868-1952)",Brief
DE-611-HS-3660006,"Brief von Siegfried Wendt an Werner Heisenberg, 23.04.1958",1958-04-23,"Wendt, Siegfried (1901-1966)","Heisenberg, Werner (1901-1976)","Schumacher, Hermann (1868-1952)",Brief
DE-611-HS-3660013,Aktenverweis (Einheitstitel von Bearbeiter/in),unknown,,,,unknown
DE-611-HS-3660020,"Brief von Werner Heisenberg an Luise-Charlotte Wentzel, 24.01.1973",1973-01-24,"Heisenberg, Werner (1901-1976)","Wentzel, Luise-Charlotte",,Brief
DE-611-HS-3660025,"Brief von Luise-Charlotte Wentzel an Werner Heisenberg, 16.01.1973",1973-01-16,"Wentzel, Luise-Charlotte","Heisenberg, Werner (1901-1976)",,Brief
DE-611-HS-3660027,"Brief von Werner Heisenberg an Magda von Wenz, 16.10.1974",1974-10-16,"Heisenberg, Werner (1901-1976)","Wenz, Magda von",,Brief
DE-611-HS-3660030,"Brief von Magda von Wenz an Werner Heisenberg, 09.10.1974",1974-10-09,"Wenz, Magda von","Heisenberg, Werner (1901-1976)",,Brief
DE-611-HS-3660148,Aktenverweis (Einheitstitel von Bearbeiter/in),unknown,,,,unknown
DE-611-HS-3660156,"Brief von Karl-Heinz Wenzel an Werner Heisenberg an Max-Planck-Institut für Physik und Astrophysik, 10.12.1967",1967-12-10,"Wenzel, Karl-Heinz","Heisenberg, Werner (1901-1976); Max-Planck-Institut für Physik und Astrophysik (1958-1991)",,Brief
DE-611-HS-3660164,"Brief von Werner Heisenberg an Karl-Heinz Wenzel, 01.12.1967",1967-12-01,"Heisenberg, Werner (1901-1976)","Wenzel, Karl-Heinz",,Brief
DE-611-HS-3660177,"Brief von Karl-Heinz Wenzel an Werner Heisenberg an Max-Planck-Institut für Physik und Astrophysik, 29.08.1967",1967-08-29,"Wenzel, Karl-Heinz","Heisenberg, Werner (1901-1976); Max-Planck-Institut für Physik und Astrophysik (1958-1991)",,Brief
DE-611-HS-3660452,"Brief von Werner Heisenberg an Wilhelm Wenzel, 14.06.1972",1972-06-14,"Heisenberg, Werner (1901-1976)","Wenzel, Wilhelm",,Brief
DE-611-HS-3660473,"Brief von Wilhelm Wenzel an Werner Heisenberg, 09.05.1972",1972-05-09,"Wenzel, Wilhelm","Heisenberg, Werner (1901-1976)",,Brief
DE-611-HS-3660493,"Brief von Anton Neuhäusler an Werner Heisenberg, 06.09.1966",1966-09-06,"Neuhäusler, Anton (1919-1997)","Heisenberg, Werner (1901-1976)","Wenzl, Aloys (1887-1967)",Brief
DE-611-BF-80365,"499. IV. Institutionen, 1. Korrespondenz: Werg-West",1950,,,,unknown
DE-611-HS-3660514,"Brief von Hermann Josef Werhahn an Werner Heisenberg, 05.07.1963",1963-07-05,"Werhahn, Hermann Josef (1923-2016)","Heisenberg, Werner (1901-1976)",,Brief
DE-611-HS-3660516,"Brief von Werner Heisenberg an Hermann Josef Werhahn, 02.07.1963",1963-07-02,"Heisenberg, Werner (1901-1976)","Werhahn, Hermann Josef (1923-2016)","Martini, Paul (1889-1964)",Brief
DE-611-HS-3660541,"Brief von Hermann Josef Werhahn an Werner Heisenberg, 25.06.1963",1963-06-25,"Werhahn, Hermann Josef (1923-2016)","Heisenberg, Werner (1901-1976)","Kennedy, John F. (1917-1963); Rahner, Karl (1904-1984); Schaefer, Hans (1906-2000); Martini, Paul (1889-1964)",Brief
DE-611-HS-3660556,"Brief von Heinz Kloppenburg, Ulrike Marie Meinhof, Herbert Mochalski und Gerd Hirschauer von Redaktion Werkhefte (München) an Werner Heisenberg, 14.02.1963",1963-02-14,"Kloppenburg, Heinz (1903-1986); Meinhof, Ulrike Marie (1934-1976); Mochalski, Herbert (1910-1992); Hirschauer, Gerd (1928-2007); Redaktion Werkhefte (München)","Heisenberg, Werner (1901-1976)",,Brief
DE-611-HS-3660574,"Brief von Werner Heisenberg an Eugen Werle an Chirurgische Klinik (München, Universität, Medizinische Fakultät), 07.11.1968",1968-11-07,"Heisenberg, Werner (1901-1976)","Werle, Eugen; Chirurgische Klinik (München, Universität, Medizinische Fakultät) (-1974)",,Brief
DE-611-HS-3660589,"Brief von Ernst Coenen von Fritz-Thyssen-Stiftung an Werner Heisenberg, 09.11.1968",1968-11-09,"Coenen, Ernst (1906-1996); Fritz-Thyssen-Stiftung (1959-)","Heisenberg, Werner (1901-1976)","Werle, Eugen",Brief
DE-611-HS-3660597,"Brief von Werner Heisenberg an Ernst Coenen an Fritz-Thyssen-Stiftung, 07.11.1968",1968-11-07,"Heisenberg, Werner (1901-1976)","Coenen, Ernst (1906-1996); Fritz-Thyssen-Stiftung (1959-)","Werle, Eugen; Frey, Emil (1888-1977)",Brief
DE-611-HS-3660610,"Brief von Emil Frey an Werner Heisenberg, 05.11.1968",1968-11-05,"Frey, Emil (1888-1977)","Heisenberg, Werner (1901-1976)","Werle, Eugen",Brief
DE-611-HS-3660617,"Brief von Fritz Werner an Werner Heisenberg, 25.01.1970",1970-01-25,"Werner, Fritz","Heisenberg, Werner (1901-1976)",,Brief
DE-611-HS-3660627,"Brief von Annemarie Giese von Max-Planck-Institut für Physik. Direktion. Sekretariat an Georg Werner, 26.06.1958",1958-06-26,"Giese, Annemarie; Max-Planck-Institut für Physik. Direktion. Sekretariat","Werner, Georg","Heisenberg, Werner (1901-1976)",Brief
DE-611-HS-3660673,"Brief von Georg Werner an Hans Wenke, 27.05.1958",1958-05-27,"Werner, Georg","Wenke, Hans (1903-1971)",,Brief
DE-611-HS-3660675,Beobachtungen über Organisation und Entwicklung der sowjetischen Archäologie (Stand 1963) (Incipit der Unterlage),1963,"Werner, Joachim (1909-)",,,unknown
DE-611-HS-3660681,"Brief von Annemarie Giese von Max-Planck-Institut für Physik. Direktion. Sekretariat an Klaus Werner, 30.11.1964",1964-11-30,"Giese, Annemarie; Max-Planck-Institut für Physik. Direktion. Sekretariat","Werner, Klaus","Heisenberg, Werner (1901-1976)",Brief
DE-611-HS-3660684,"Brief von Klaus Werner an Werner Heisenberg, 12.11.1964",1964-11-12,"Werner, Klaus","Heisenberg, Werner (1901-1976)",,Brief
DE-611-HS-3660693,"Brief von Werner Heisenberg an R. Werner an Universität  . Institut für neuzeitliche Betriebsführung (Heidelberg), 04.03.1971",1971-03-04,"Heisenberg, Werner (1901-1976)","Werner, R.; Universität (Heidelberg) . Institut für neuzeitliche Betriebsführung",,Brief
DE-611-HS-3660699,"Brief von R. Werner von Universität  . Institut für neuzeitliche Betriebsführung (Heidelberg) an Werner Heisenberg, 25.02.1971",1971-02-25,"Werner, R.; Universität (Heidelberg) . Institut für neuzeitliche Betriebsführung","Heisenberg, Werner (1901-1976)","Krueger, Felix (1874-1948); Driesch, Hans (1867-1941); Litt, Theodor (1880-1962); Goerdeler, Carl (1884-1945); Mutschmann, Martin (1879-1947)",Brief
DE-611-HS-3661431,"Brief von E. Schreckeneder von Werner Reimers Stiftung an Werner Heisenberg an Max-Planck-Institut für Physik und Astrophysik, 28.02.1964",1964-02-28,"Schreckeneder, E.; Werner Reimers Stiftung (1976-2001)","Heisenberg, Werner (1901-1976); Max-Planck-Institut für Physik und Astrophysik (1958-1991)",,Brief
DE-611-HS-3661439,"Brief von Edmund Werra an Werner Heisenberg, 26.06.1957",1957-06-26,"Werra, Edmund","Heisenberg, Werner (1901-1976)","Hartmann, Nicolai (1882-1950)",Brief
DE-611-HS-3661449,"Brief von Hans Werthmüller an Werner Heisenberg, 06.01.1950",1950-01-06,"Werthmüller, Hans (1912-)","Heisenberg, Werner (1901-1976)","Jünger, Ernst (1895-1998); Speiser, Andreas (1885-1970)",Brief
DE-611-HS-3661457,"Brief von Hans Weser an Werner Heisenberg, 10.06.1954",1954-06-10,"Weser, Hans (1896-)","Heisenberg, Werner (1901-1976)",,Brief
DE-611-HS-3661462,"Brief von Hans Weser an Werner Heisenberg, 27.05.1954",1954-05-27,"Weser, Hans (1896-)","Heisenberg, Werner (1901-1976)",,Brief
DE-611-HS-3661469,"Brief von Adam Wesp an Werner Heisenberg, 29.01.1964",1964-01-29,"Wesp, Adam","Heisenberg, Werner (1901-1976)",,Brief
DE-611-HS-3661478,"Brief von Günter Wessel von National Research Council of Canada. Division of Physics an Werner Heisenberg an Max-Planck-Institut für Physik, 21.04.1952",1952-04-21,"Wessel, Günter; National Research Council of Canada. Division of Physics","Heisenberg, Werner (1901-1976); Max-Planck-Institut für Physik (1946-1958)",,Brief
DE-611-HS-3661489,"Brief von Werner Heisenberg an Günter Wessel an National Research Council of Canada. Division of Physics, 20.03.1952",1952-03-20,"Heisenberg, Werner (1901-1976)","Wessel, Günter; National Research Council of Canada. Division of Physics",,Brief
DE-611-HS-3661492,"Brief von Günter Wessel von National Research Council of Canada. Division of Physics an Werner Heisenberg an Max-Planck-Institut für Physik, 14.03.1952",1952-03-14,"Wessel, Günter; National Research Council of Canada. Division of Physics","Heisenberg, Werner (1901-1976); Max-Planck-Institut für Physik (1946-1958)","Kopfermann, Hans (1895-1963)",Brief
DE-611-HS-3661553,"Brief von Walter Wessel an Werner Heisenberg, 01.07.1973",1973-07-01,"Wessel, Walter","Heisenberg, Werner (1901-1976)",,Brief
DE-611-HS-3661560,"Brief von Werner Heisenberg an Walter Wessel, 19.04.1971",1971-04-19,"Heisenberg, Werner (1901-1976)","Wessel, Walter","Euler, Hans (1909-); Dürr, Hans-Peter (1929-2014); Hund, Friedrich (1896-1997); Gerlach, Walther (1889-1979)",Brief
DE-611-HS-3661690,"Brief von Walter Wessel an Werner Heisenberg, 12.04.1971",1971-04-12,"Wessel, Walter","Heisenberg, Werner (1901-1976)","Born, Max (1882-1970); Euler, Hans (1909-); Dürr, Hans-Peter (1929-2014)",Brief
DE-611-HS-3661696,"Brief von Walter Wessel von USAF Institut of Technology an Unbekannt, 21.09.1950",1950-09-21,"Wessel, Walter; USAF Institut of Technology",Unbekannt,,Brief
DE-611-HS-3661707,"Brief von Pavel Vesselov an Werner Heisenberg, 15.06.1963",1963-06-15,"Vesselov, Pavel","Heisenberg, Werner (1901-1976)",,Brief
DE-611-HS-3661752,"Brief von Max-Planck-Institut für Physik und Astrophysik an Werner Heisenberg, 14.08.1963",1963-08-14,Max-Planck-Institut für Physik und Astrophysik (1958-1991),"Heisenberg, Werner (1901-1976)","Hobert, Margot (1912-); Lenz, Hans (1907-1968); Ruthardt, Konrad (1906-1973); Peierls, Rudolf Ernst (1907-1995)",Brief
DE-611-HS-3661757,"Brief von Werner Heisenberg an Georg Westermann Verlag, 19.06.1954",1954-06-19,"Heisenberg, Werner (1901-1976)",Georg Westermann Verlag,"Honsell, Robert; Heiseler, Bernt von (1907-1969)",Brief
DE-611-HS-3661758,Aktennotiz,unknown,,,,unknown
DE-611-HS-3661760,"Brief von Georg Westermann Verlag an Werner Heisenberg, 10.06.1954",1954-06-10,Georg Westermann Verlag,"Heisenberg, Werner (1901-1976)","Honsell, Robert; Heiseler, Bernt von (1907-1969)",Brief
DE-611-HS-3661762,"Brief von Hermann Boekhoff von Georg Westermann Verlag an Werner Heisenberg, 24.04.1954",1954-04-24,"Boekhoff, Hermann; Georg Westermann Verlag","Heisenberg, Werner (1901-1976)","Hartmann, Hans (1888-1976) [vermutlich]",Brief
DE-611-HS-3661767,"Brief von Werner Heisenberg an Hermann Boekhoff an Georg Westermann Verlag, 15.04.1954",1954-04-15,"Heisenberg, Werner (1901-1976)","Boekhoff, Hermann; Georg Westermann Verlag","Hartmann, Hans (1888-1976)",Brief
DE-611-HS-3661768,"Brief von Hermann Boekhoff von Georg Westermann Verlag an Werner Heisenberg, 06.04.1954",1954-04-06,"Boekhoff, Hermann; Georg Westermann Verlag","Heisenberg, Werner (1901-1976)","Retzlaff, Erich (1899-1993)",Brief
DE-611-HS-3661773,"Brief von Werner Heisenberg an Hermann Boekhoff an Georg Westermann Verlag, 10.02.1954",1954-02-10,"Heisenberg, Werner (1901-1976)","Boekhoff, Hermann; Georg Westermann Verlag","Binz, Tita (1903-1970); Retzlaff, Erich (1899-1993)",Brief
DE-611-HS-3661778,"Brief von Hermann Boekhoff von Georg Westermann Verlag an Werner Heisenberg, 05.02.1954",1954-02-05,"Boekhoff, Hermann; Georg Westermann Verlag","Heisenberg, Werner (1901-1976)",,Brief
DE-611-HS-3661788,"Brief von Werner Heisenberg an Arne Westgren, 30.11.1950",1950-11-30,"Heisenberg, Werner (1901-1976)","Westgren, Arne (1889-1975)",,Brief
DE-611-HS-3661793,"Brief von Heinrich Westphal an Werner Heisenberg, 04.02.1974",1974-02-04,"Westphal, Heinrich","Heisenberg, Werner (1901-1976)","Podewils, Clemens (1905-); Haber, Wolfgang (1925-); Ziegler, Wolfram",Brief
DE-611-HS-3661811,"Brief von Werner Heisenberg an Heinrich Westphal, 08.02.1974",1974-02-08,"Heisenberg, Werner (1901-1976)","Westphal, Heinrich","Ziegler, Wolfram",Brief
DE-611-BF-81113,"500. IV. Institutionen, 1. Korrespondenz: Wet-Wh",1950,,,,unknown
DE-611-HS-3662732,"Brief von Eduard W. Wette an Werner Heisenberg, 08.05.1968",1968-05-08,"Wette, Eduard W. (1925-)","Heisenberg, Werner (1901-1976)","Dürr, Hans-Peter (1929-2014); Mittelstaedt, Peter (1929-2014); Einstein, Albert (1879-1955); Planck, Max (1858-1947); Kleene, Stephen Cole; Schütte, Dieter",Brief
DE-611-HS-3662741,"Brief von Hans-Peter Dürr an Eduard W. Wette, 19.03.1958",1958-03-19,"Dürr, Hans-Peter (1929-2014)","Wette, Eduard W. (1925-)","Heisenberg, Werner (1901-1976)",Brief
DE-611-HS-3662750,"Brief von Eduard W. Wette an Werner Heisenberg, 08.03.1958",1958-03-08,"Wette, Eduard W. (1925-)","Heisenberg, Werner (1901-1976)","Planck, Max (1858-1947)",Brief
DE-611-HS-3662767,"Brief von Eduard W. Wette an Werner Heisenberg, 03.03.1958",1958-03-03,"Wette, Eduard W. (1925-)","Heisenberg, Werner (1901-1976)","Lorenzen, Paul (1915-1994)",Brief
DE-611-HS-3662779,"Brief von Werner Heisenberg an Paul Wewior, 30.04.1958",1958-04-30,"Heisenberg, Werner (1901-1976)","Wewior, Paul",,Brief
DE-611-HS-3662787,"Brief von Paul Wewior an Werner Heisenberg, 22.04.1958",1958-04-22,"Wewior, Paul","Heisenberg, Werner (1901-1976)",,Brief
DE-611-HS-3662796,"Brief von Annemarie Giese von Max-Planck-Institut für Physik. Direktion. Sekretariat an Fritz Joachim Weyl, 24.06.1950",1950-06-24,"Giese, Annemarie; Max-Planck-Institut für Physik. Direktion. Sekretariat","Weyl, Fritz Joachim (1915-1977)","Windaus, Günter; Courant, Richard (1888-1972)",Brief
DE-611-HS-3662856,"Brief von W. Gordon Whaley von University of Texas an Werner Heisenberg, 12.03.1959",1959-03-12,"Whaley, W. Gordon (1914-1982); University of Texas (1883-1967)","Heisenberg, Werner (1901-1976)",,Brief
DE-611-HS-3662868,"Brief von Merit P. White an Werner Heisenberg, o.D.",o.D.,"White, Merit P.","Heisenberg, Werner (1901-1976)","Dirac, P. A. M. (1902-1984); Taylor, Geoffrey Ingram",Brief
DE-611-HS-3662882,"Brief von Who's who - Book & Publishing (Verlag für Biographien) an Werner Heisenberg, 07.12.1973",1973-12-07,Who's who - Book & Publishing (Verlag für Biographien),"Heisenberg, Werner (1901-1976)",,Brief
DE-611-HS-3662927,"Brief von Who's who - Book & Publishing (Verlag für Biographien) an Werner Heisenberg, 02.05.1973",1973-05-02,Who's who - Book & Publishing (Verlag für Biographien),"Heisenberg, Werner (1901-1976)",,Brief
DE-611-HS-3662936,"Brief von Werner Heisenberg an Who's who - Book & Publishing (Verlag für Biographien), 31.01.1973",1973-01-31,"Heisenberg, Werner (1901-1976)",Who's who - Book & Publishing (Verlag für Biographien),,Brief
DE-611-HS-3662946,"Brief von Jackson Martindell von Inc. Marquis Who's Who (Chicago, Ill.) an Werner Heisenberg, 10.07.1961 [ca.]",1961-07-10,"Martindell, Jackson; Marquis Who's Who, Inc. (Chicago, Ill.)","Heisenberg, Werner (1901-1976)",,Brief
DE-611-HS-3662949,"Brief von Wheeler Sammons von Inc. Marquis Who's Who (Chicago, Ill.) an Werner Heisenberg, 1957",1957,"Sammons, Wheeler; Marquis Who's Who, Inc. (Chicago, Ill.)","Heisenberg, Werner (1901-1976)",,Brief
DE-611-HS-3662953,"Brief von Who's Who (London), A & C Black an Werner Heisenberg, 10.07.1961 [ca.]",1961-07-10,Who's Who (London); A & C Black (1807-),"Heisenberg, Werner (1901-1976) [vermutlich]",,Brief
DE-611-HS-3662957,Aktennotiz (Einheitstitel von Bearbeiter/in),unknown,,,,unknown
DE-611-HS-3662967,"Brief von Lancelot Law Whyte an Werner Heisenberg, 23.07.1962",1962-07-23,"Whyte, Lancelot Law (1896-1972)","Heisenberg, Werner (1901-1976) [vermutlich]",,Brief
DE-611-HS-3662970,"Brief von Werner Heisenberg an Lancelot Law Whyte, 19.07.1962",1962-07-19,"Heisenberg, Werner (1901-1976)","Whyte, Lancelot Law (1896-1972)",,Brief
DE-611-HS-3662972,"Brief von Annemarie Giese von Max-Planck-Institut für Physik. Direktion. Sekretariat an Lancelot Law Whyte, 06.07.1962",1962-07-06,"Giese, Annemarie; Max-Planck-Institut für Physik. Direktion. Sekretariat","Whyte, Lancelot Law (1896-1972)","Heisenberg, Werner (1901-1976)",Brief
DE-611-HS-3662980,"Brief von Lancelot Law Whyte an Werner Heisenberg, 25.06.1962",1962-06-25,"Whyte, Lancelot Law (1896-1972)","Heisenberg, Werner (1901-1976) [vermutlich]",,Brief
DE-611-HS-3662983,"Brief von Werner Heisenberg an Lancelot Law Whyte, 07.03.1953",1953-03-07,"Heisenberg, Werner (1901-1976)","Whyte, Lancelot Law (1896-1972)",,Brief
DE-611-HS-3662985,"Brief von Lancelot Law Whyte an Werner Heisenberg, 04.02.1953",1953-02-04,"Whyte, Lancelot Law (1896-1972)","Heisenberg, Werner (1901-1976) [vermutlich]","Rasetti, Franco",Brief
DE-611-HS-3662987,"Brief von Werner Heisenberg an Lancelot Law Whyte, 29.01.1953",1953-01-29,"Heisenberg, Werner (1901-1976)","Whyte, Lancelot Law (1896-1972)","Rasetti, Franco",Brief
DE-611-HS-3662990,"Brief von Lancelot Law Whyte an Werner Heisenberg, 25.01.1953",1953-01-25,"Whyte, Lancelot Law (1896-1972)","Heisenberg, Werner (1901-1976) [vermutlich]",,Brief
DE-611-HS-3662994,"Brief von Lancelot Law Whyte an Werner Heisenberg, 28.08.1950",1950-08-28,"Whyte, Lancelot Law (1896-1972)","Heisenberg, Werner (1901-1976) [vermutlich]",,Brief
DE-611-HS-3662999,"Brief von Werner Heisenberg an Lancelot Law Whyte, 23.06.1950",1950-06-23,"Heisenberg, Werner (1901-1976)","Whyte, Lancelot Law (1896-1972)",,Brief
DE-611-HS-3663002,"Brief von Lancelot Law Whyte an Werner Heisenberg, 09.06.1950",1950-06-09,"Whyte, Lancelot Law (1896-1972)","Heisenberg, Werner (1901-1976) [vermutlich]",,Brief
DE-611-BF-81114,"501. IV. Institutionen, 1. Korrespondenz: Wib-Wirk",1949,,,,unknown
DE-611-HS-3663239,"Brief von Nils Wiberg an Werner Heisenberg, 1973 [mutm.]",1973,"Wiberg, Nils (1934-2007)","Heisenberg, Werner (1901-1976)","Vasisht, Sham Kumar",Brief
DE-611-HS-3663260,"Brief von Nils Wiberg an Werner Heisenberg, 07.05.1973",1973-05-07,"Wiberg, Nils (1934-2007)","Heisenberg, Werner (1901-1976)","Vasisht, Sham Kumar",Brief
DE-611-HS-3663271,Aktenverweis (Einheitstitel von Bearbeiter/in),unknown,,,,unknown
DE-611-HS-3663275,"Brief von Werner Heisenberg an Egon Wiberg an Institut für Anorganische Chemie (München), 14.07.1964",1964-07-14,"Heisenberg, Werner (1901-1976)","Wiberg, Egon (1901-1976); Institut für Anorganische Chemie (München)",,Brief
DE-611-HS-3663280,"Brief von Egon Wiberg von Institut für Anorganische Chemie (München) an Werner Heisenberg, 10.07.1964",1964-07-10,"Wiberg, Egon (1901-1976); Institut für Anorganische Chemie (München)","Heisenberg, Werner (1901-1976)",,Brief
DE-611-HS-3663285,"Brief von Werner Heisenberg an Egon Wiberg an Institut für Anorganische Chemie (München), 06.12.1956",1956-12-06,"Heisenberg, Werner (1901-1976)","Wiberg, Egon (1901-1976); Institut für Anorganische Chemie (München)",,Brief
DE-611-HS-3663287,"Brief von Egon Wiberg von Institut für Anorganische Chemie (München) an Werner Heisenberg, 03.12.1956",1956-12-03,"Wiberg, Egon (1901-1976); Institut für Anorganische Chemie (München)","Heisenberg, Werner (1901-1976)",,Brief
DE-611-HS-3663296,"Brief von Barbara Allason an Werner Heisenberg, 16.05.1958",1958-05-16,"Allason, Barbara (1877-1968)","Heisenberg, Werner (1901-1976)","Frontali, Clara",Brief
DE-611-HS-3663309,"Brief von Werner Heisenberg an Barbara Allason, 05.05.1958",1958-05-05,"Heisenberg, Werner (1901-1976)","Allason, Barbara (1877-1968)","Frontali, Clara; Borsellino, Antonio",Brief
DE-611-HS-3663324,"Brief von Werner Heisenberg an G. Widmer an Eidgenössische Technische Hochschule Zürich. Institut für Höhere Elektrotechnik, 21.04.1960",1960-04-21,"Heisenberg, Werner (1901-1976)","Widmer, G.; Eidgenössische Technische Hochschule Zürich. Institut für Höhere Elektrotechnik",,Brief
DE-611-HS-3663337,"Brief von G. Widmer von Eidgenössische Technische Hochschule Zürich. Institut für Höhere Elektrotechnik an Werner Heisenberg, 12.04.1960",1960-04-12,"Widmer, G.; Eidgenössische Technische Hochschule Zürich. Institut für Höhere Elektrotechnik","Heisenberg, Werner (1901-1976)","Waldmeier, Max (1912-2000)",Brief
DE-611-HS-3663342,"Brief von Werner Heisenberg an Franz Wieacker, 24.06.1974",1974-06-24,"Heisenberg, Werner (1901-1976)","Wieacker, Franz (1908-1994)",,Brief
DE-611-HS-3663358,Folgende Persönlichkeiten haben ... zugesagt (Incipit der Unterlage),1949-10-31,,,,unknown
DE-611-HS-3663410,"Brief von Georg Wieduwilt an Werner Heisenberg, 01.04.1974",1974-04-01,"Wieduwilt, Georg","Heisenberg, Werner (1901-1976)","Savonius, Sigurd Johannes; Genscher, Hans-Dietrich (1927-2016)",Brief
DE-611-HS-3663422,"Brief von Werner Heisenberg an Georg Wieduwilt, 19.03.1974",1974-03-19,"Heisenberg, Werner (1901-1976)","Wieduwilt, Georg",,Brief
DE-611-HS-3663431,"Brief von Georg Wieduwilt an Werner Heisenberg, 25.03.1974",1974-03-25,"Wieduwilt, Georg","Heisenberg, Werner (1901-1976)","Savonius, Sigurd Johannes; Genscher, Hans-Dietrich (1927-2016)",Brief
DE-611-HS-3663467,"Brief von Hans Jürgen Wiehe an Werner Heisenberg an Max-Planck-Institut für Physik und Astrophysik, 29.04.1966",1966-04-29,"Wiehe, Hans Jürgen","Heisenberg, Werner (1901-1976); Max-Planck-Institut für Physik und Astrophysik (1958-1991)",,Brief
DE-611-HS-3663504,"Brief von Werner Heisenberg an Hans Jürgen Wiehe, 18.04.1966",1966-04-18,"Heisenberg, Werner (1901-1976)","Wiehe, Hans Jürgen","Fraser, Ronald G. J. (1899-1985); Bohr, Niels (1885-1962); Hahn, Otto (1879-1968); Olmes, Friedrich [vermutlich]; Heisenberg, Elisabeth (1914-1998)",Brief
DE-611-HS-3663523,"Brief von Hans Jürgen Wiehe an Werner Heisenberg, 15.04.1966",1966-04-15,"Wiehe, Hans Jürgen","Heisenberg, Werner (1901-1976)","Olmes, Friedrich [vermutlich]",Brief
DE-611-HS-3663532,"Brief von Werner Heisenberg an Hans Jürgen Wiehe, 07.02.1966",1966-02-07,"Heisenberg, Werner (1901-1976)","Wiehe, Hans Jürgen","Bar-Zohar, Mikhẚel (1938-)",Brief
DE-611-HS-3663551,"Brief von Hans Jürgen Wiehe an Werner Heisenberg, 02.02.1966",1966-02-02,"Wiehe, Hans Jürgen","Heisenberg, Werner (1901-1976)","Olmes, Friedrich [vermutlich]; Hitler, Adolf (1889-1945)",Brief
DE-611-HS-3663659,"Brief von Albert Wieland an Werner Heisenberg, 09.03.1958",1958-03-09,"Wieland, Albert (1920-2010)","Heisenberg, Werner (1901-1976)","Hahn, Otto (1879-1968); Weizsäcker, Carl Friedrich von (1912-2007); Spranger, Eduard (1882-1963); Heuss, Theodor (1884-1963); Von Braun, Wernher (1912-1977)",Brief
DE-611-HS-3663667,"Brief von Otto Wieland an Werner Heisenberg, 03.10.1972",1972-10-03,"Wieland, Otto (1920-)","Heisenberg, Werner (1901-1976)",,Brief
DE-611-HS-3663686,"Brief von Wiener Institut für Entwicklungsfragen an Werner Heisenberg, 1964 [Dez.]",1964,Wiener Institut für Entwicklungsfragen,"Heisenberg, Werner (1901-1976)","Ewell, Raymond Henry",Brief
DE-611-HS-3663698,"Brief von Werner Heisenberg an Alexander Witeschnik an Wiener Kulturkreis, 03.08.1966",1966-08-03,"Heisenberg, Werner (1901-1976)","Witeschnik, Alexander (1909-1993); Wiener Kulturkreis",,Brief
DE-611-HS-3663708,"Brief von Alexander Witeschnik von Wiener Kulturkreis an Werner Heisenberg, 19.07.1966",1966-07-19,"Witeschnik, Alexander (1909-1993); Wiener Kulturkreis","Heisenberg, Werner (1901-1976)",,Brief
DE-611-HS-3663726,"Brief von Kurt Wieser an Werner Heisenberg, 06.10.1948",1948-10-06,"Wieser, Kurt","Heisenberg, Werner (1901-1976)",,Brief
DE-611-HS-3663743,"Brief von Kurt Wieser an Werner Heisenberg, 10.09.1948",1948-09-10,"Wieser, Kurt","Heisenberg, Werner (1901-1976)",,Brief
DE-611-HS-3663774,"Brief von Werner Heisenberg und Wiltrud Huber von Max-Planck-Institut für Physik. Direktion. Sekretariat an Kurt Wieser, 30.05.1947",1947-05-30,"Heisenberg, Werner (1901-1976); Huber, Wiltrud; Max-Planck-Institut für Physik. Direktion. Sekretariat","Wieser, Kurt",,Brief
DE-611-HS-3663778,"Brief von Kurt Wieser an Werner Heisenberg, 15.05.1947",1947-05-15,"Wieser, Kurt","Heisenberg, Werner (1901-1976)",,Brief
DE-611-HS-3664687,"Brief von Wiltrud Huber von Max-Planck-Institut für Physik. Direktion. Sekretariat an Peter Wiest, 08.08.1973",1973-08-08,"Huber, Wiltrud; Max-Planck-Institut für Physik. Direktion. Sekretariat","Wiest, Peter",,Brief
DE-611-HS-3664691,"Brief von Peter Wiest an Werner Heisenberg, 02.08.1973",1973-08-02,"Wiest, Peter","Heisenberg, Werner (1901-1976)",,Brief
DE-611-HS-3664707,"Brief von A. S. Wightman von Laboratoire de Physique (Paris) an Werner Heisenberg, 07.12.1957",1957-12-07,"Wightman, A. S. (1922-2013); Laboratoire de Physique (Paris)","Heisenberg, Werner (1901-1976)","Symanzik, Kurt (1923-1983)",Brief
DE-611-HS-3664722,"Brief von Werner Heisenberg an Charles Wighton, 28.01.1955",1955-01-28,"Heisenberg, Werner (1901-1976)","Wighton, Charles",,Brief
DE-611-HS-3664730,"Brief von Charles Wighton an Werner Heisenberg, 07.12.1957",1957-12-07,"Wighton, Charles","Heisenberg, Werner (1901-1976)",,Brief
DE-611-HS-3664739,"Brief von Werner Heisenberg an Manfred Wild, 08.11.1974",1974-11-08,"Heisenberg, Werner (1901-1976)","Wild, Manfred",,Brief
DE-611-HS-3664741,"Brief von Manfred Wild an Werner Heisenberg, 07.12.1957",1957-12-07,"Wild, Manfred","Heisenberg, Werner (1901-1976)",,Brief
DE-611-HS-3664744,"Brief von Werner Heisenberg an Eduard Wildhagen, 19.12.1966",1966-12-19,"Heisenberg, Werner (1901-1976)","Wildhagen, Eduard (1890-1970)",,Brief
DE-611-HS-3664746,"Brief von Eduard Wildhagen an Werner Heisenberg, 22.11.1966",1966-11-22,"Wildhagen, Eduard (1890-1970)","Heisenberg, Werner (1901-1976)","Zierold, Kurt (1899-1989)",Brief
DE-611-HS-3664758,"Brief von Johann Wilhelm an Werner Heisenberg, 30.01.1973",1973-01-30,"Wilhelm, Johann","Heisenberg, Werner (1901-1976)",,Brief
DE-611-HS-3664762,"Brief von Werner Heisenberg an Wolfgang Wilhelm, 18.06.1963",1963-06-18,"Heisenberg, Werner (1901-1976)","Wilhelm, Wolfgang",,Brief
DE-611-HS-3664771,"Brief von Wolfgang Wilhelm an Werner Heisenberg, 11.06.1963",1963-06-11,"Wilhelm, Wolfgang","Heisenberg, Werner (1901-1976)",,Brief
DE-611-HS-3664778,"Brief von Werner Heisenberg an Wolfgang Wilhelm, 10.01.1963",1963-01-10,"Heisenberg, Werner (1901-1976)","Wilhelm, Wolfgang",,Brief
DE-611-HS-3664782,"Brief von Wolfgang Wilhelm an Werner Heisenberg, 03.01.1963",1963-01-03,"Wilhelm, Wolfgang","Heisenberg, Werner (1901-1976)",,Brief
DE-611-HS-3664783,"Brief von Wolfgang Wilhelm an Werner Heisenberg, 08.10.1961",1961-10-08,"Wilhelm, Wolfgang","Heisenberg, Werner (1901-1976)",,Brief
DE-611-HS-3664846,"Brief von Alexander Wilkens an Werner Heisenberg, 02.02.1954",1954-02-02,"Wilkens, Alexander (1881-1968)","Heisenberg, Werner (1901-1976)","Lopez, Jose Alvarez",Brief
DE-611-HS-3664852,"Brief von Werner Heisenberg an Alexander Wilkens, 25.01.1954",1954-01-25,"Heisenberg, Werner (1901-1976)","Wilkens, Alexander (1881-1968)","Lopez, Jose Alvarez; Laue, Max von (1879-1960)",Brief
DE-611-HS-3664857,"Brief von Alexander Wilkens an Werner Heisenberg, 06.01.1954",1954-01-06,"Wilkens, Alexander (1881-1968)","Heisenberg, Werner (1901-1976)","Lopez, Jose Alvarez",Brief
DE-611-HS-3664866,"Brief von Werner Heisenberg an Ewald Wille, 21.03.1961",1961-03-21,"Heisenberg, Werner (1901-1976)","Wille, Ewald","Maier-Leibnitz, Heinz (1911-2000)",Brief
DE-611-HS-3664872,"Brief von Werner Heisenberg an Gernot Willers, 02.05.1958",1958-05-02,"Heisenberg, Werner (1901-1976)","Willers, Gernot",,Brief
DE-611-HS-3664876,"Brief von Gernot Willers an Werner Heisenberg, 30.04.1958",1958-04-30,"Willers, Gernot","Heisenberg, Werner (1901-1976)",,Brief
DE-611-HS-3664883,"Brief von Uno Erik Wilhelm Willers an Werner Heisenberg, 29.05.1961",1961-05-29,"Willers, Uno Erik Wilhelm (1911-1980)","Heisenberg, Werner (1901-1976)",,Brief
DE-611-HS-3664892,"Brief von Werner Heisenberg an Uno Erik Wilhelm Willers an Kungliga Biblioteket Stockholm, 25.10.1960",1960-10-25,"Heisenberg, Werner (1901-1976)","Willers, Uno Erik Wilhelm (1911-1980); Kungliga Biblioteket Stockholm",,Brief
DE-611-HS-3664895,"Brief von Uno Erik Wilhelm Willers von Kungliga Biblioteket Stockholm an Werner Heisenberg, 21.10.1960",1960-10-21,"Willers, Uno Erik Wilhelm (1911-1980); Kungliga Biblioteket Stockholm","Heisenberg, Werner (1901-1976)",,Brief
DE-611-HS-3664900,"Brief von Werner Heisenberg an Uno Erik Wilhelm Willers an Kungliga Biblioteket Stockholm, 16.09.1960",1960-09-16,"Heisenberg, Werner (1901-1976)","Willers, Uno Erik Wilhelm (1911-1980); Kungliga Biblioteket Stockholm",,Brief
DE-611-HS-3664907,"Brief von Uno Erik Wilhelm Willers von Kungliga Biblioteket Stockholm an Werner Heisenberg, 15.08.1960",1960-08-15,"Willers, Uno Erik Wilhelm (1911-1980); Kungliga Biblioteket Stockholm","Heisenberg, Werner (1901-1976)",,Brief
DE-611-HS-3664910,"Brief von Werner Heisenberg an Uno Erik Wilhelm Willers an Kungliga Biblioteket Stockholm, 15.06.1960",1960-06-15,"Heisenberg, Werner (1901-1976)","Willers, Uno Erik Wilhelm (1911-1980); Kungliga Biblioteket Stockholm",,Brief
DE-611-HS-3665235,"Brief von Ernst Willi an Werner Heisenberg, 17.01.1972",1972-01-17,"Willi, Ernst (1900-1980)","Heisenberg, Werner (1901-1976)",,Brief
DE-611-HS-3665243,"Brief von Werner Heisenberg an Ernst Willi, 20.10.1970",1970-10-20,"Heisenberg, Werner (1901-1976)","Willi, Ernst (1900-1980)",,Brief
DE-611-HS-3665760,"Brief von Edmund Wilms von Kantonsspital Zürich an Werner Heisenberg, 29.02.1952",1952-02-29,"Wilms, Edmund [vermutlich]; Kantonsspital Zürich (-1977)","Heisenberg, Werner (1901-1976)",,Brief
DE-611-HS-3665766,"Brief von Werner Heisenberg an Edmund Wilms, 26.02.1952",1952-02-26,"Heisenberg, Werner (1901-1976)","Wilms, Edmund",,Brief
DE-611-HS-3665783,"Brief von Edmund Wilms von Kantonsspital Zürich an Werner Heisenberg, 10.11.1952",1952-11-10,"Wilms, Edmund [vermutlich]; Kantonsspital Zürich (-1977)","Heisenberg, Werner (1901-1976)",,Brief
DE-611-HS-3665797,"Brief von J. G. Wilson von Victoria University of Manchester . Physical Laboratories (Manchester) an Werner Heisenberg, 03.04.1950",1950-04-03,"Wilson, J. G. (1911-1994); Victoria University of Manchester (Manchester). Physical Laboratories","Heisenberg, Werner (1901-1976)","Kraeger, R.",Brief
DE-611-HS-3665822,"Brief von R. Kraeger an J. G. Wilson an Victoria University of Manchester . Physical Laboratories (Manchester), 30.03.1950",1950-03-30,"Kraeger, R.","Wilson, J. G. (1911-1994); Victoria University of Manchester (Manchester). Physical Laboratories",,Brief
DE-611-HS-3665877,"Brief von Erwin Wiltschko an Werner Heisenberg, 16.01.1971",1971-01-16,"Wiltschko, Erwin","Heisenberg, Werner (1901-1976)",,Brief
DE-611-HS-3665885,"Brief von Werner Heisenberg an Erwin Wiltschko, 13.01.1971",1971-01-13,"Heisenberg, Werner (1901-1976)","Wiltschko, Erwin","Marshak, Robert Eugene; Sudarshan, E. C. G. (1931-2018)",Brief
DE-611-HS-3665890,"Brief von Erwin Wiltschko an Werner Heisenberg, 31.12.1970",1970-12-31,"Wiltschko, Erwin","Heisenberg, Werner (1901-1976)",,Brief
DE-611-HS-3665901,"Brief von Werner Heisenberg an Erwin Wiltschko, 13.01.1970",1970-01-13,"Heisenberg, Werner (1901-1976)","Wiltschko, Erwin","Gell-Mann, Murray (1929-2019)",Brief
DE-611-HS-3665910,"Brief von Erwin Wiltschko an Werner Heisenberg, 04.01.1970",1970-01-04,"Wiltschko, Erwin","Heisenberg, Werner (1901-1976)",,Brief
DE-611-HS-3665921,"Brief von Werner Heisenberg an Erwin Wiltschko, 06.05.1969",1969-05-06,"Heisenberg, Werner (1901-1976)","Wiltschko, Erwin","Feinberg, Gerald",Brief
DE-611-HS-3665949,"Brief von Erwin Wiltschko an Werner Heisenberg, 29.04.1969",1969-04-29,"Wiltschko, Erwin","Heisenberg, Werner (1901-1976)",,Brief
DE-611-HS-3665958,"Brief von Werner Heisenberg an Toni Wimmer, 27.07.1964",1964-07-27,"Heisenberg, Werner (1901-1976)","Wimmer, Toni",,Brief
DE-611-HS-3665982,"Brief von Toni Wimmer an Werner Heisenberg, 16.07.1964",1964-07-16,"Wimmer, Toni","Heisenberg, Werner (1901-1976)",,Brief
DE-611-HS-3666003,"Brief von Werner Heisenberg an Anton Wimmer an Walzwerke (Hohenlimburg), 24.06.1954",1954-06-24,"Heisenberg, Werner (1901-1976)","Wimmer, Anton; Walzwerke (Hohenlimburg)",,Brief
DE-611-HS-3666030,"Brief von Anton Wimmer von Walzwerke (Hohenlimburg) an Werner Heisenberg, 18.06.1954",1954-06-18,"Wimmer, Anton; Walzwerke (Hohenlimburg)","Heisenberg, Werner (1901-1976)",,Brief
DE-611-HS-3666045,"Brief von Elisabeth Wimmer an Werner Heisenberg, 21.06.1973",1973-06-21,"Wimmer, Elisabeth","Heisenberg, Werner (1901-1976)",,Brief
DE-611-HS-3666103,"Brief von Wiltrud Huber von Max-Planck-Institut für Physik. Direktion. Sekretariat an Elisabeth Wimmer, 06.07.1973",1973-07-06,"Huber, Wiltrud; Max-Planck-Institut für Physik. Direktion. Sekretariat","Wimmer, Elisabeth","Heisenberg, Werner (1901-1976)",Brief
DE-611-HS-3666110,"Brief von Werner Heisenberg an Hans Wimmer, 25.01.1972",1972-01-25,"Heisenberg, Werner (1901-1976)","Wimmer, Hans","Hohenemser, Herbert (1915-1992)",Brief
DE-611-HS-3666114,"Brief von Hans Wimmer an Werner Heisenberg, 20.06.1972",1972-06-20,"Wimmer, Hans","Heisenberg, Werner (1901-1976)",,Brief
DE-611-HS-3666123,"Brief von Hans Wimmer an Werner Heisenberg, 23.08.1967",1967-08-23,"Wimmer, Hans","Heisenberg, Werner (1901-1976)","Kempff, Wilhelm (1895-1991)",Brief
DE-611-HS-3666129,"Brief von Werner Heisenberg an Hans Wimmer, 12.01.1960",1960-01-12,"Heisenberg, Werner (1901-1976)","Wimmer, Hans","Heidegger, Martin (1889-1976)",Brief
DE-611-HS-3666392,"Brief von Hans Wimmer an Werner Heisenberg, 24.12.1959",1959-12-24,"Wimmer, Hans","Heisenberg, Werner (1901-1976)",,Brief
DE-611-HS-3666403,"Brief von Werner Heisenberg an Thomas Wimmer, 21.05.1958",1958-05-21,"Heisenberg, Werner (1901-1976)","Wimmer, Thomas (1887-1964)",,Brief
DE-611-HS-3666410,"Brief von Thomas Wimmer und Adolf Hieber an Werner Heisenberg, 1958 [Mai]",1958,"Wimmer, Thomas (1887-1964); Hieber, Adolf (1898-)","Heisenberg, Werner (1901-1976)",,Brief
DE-611-HS-3666418,"Brief von Werner Heisenberg an Johannes Winckelmann, 03.01.1974",1974-01-03,"Heisenberg, Werner (1901-1976)","Winckelmann, Johannes (1900-1985)","Weber, Max (1864-1920)",Brief
DE-611-HS-3666432,"Brief von Franz Windauer an Werner Heisenberg, 1971 [November]",1971,"Windauer, Franz","Heisenberg, Werner (1901-1976) [vermutlich]",,Brief
DE-611-HS-3666452,"Brief von Annemarie Giese von Max-Planck-Institut für Physik. Direktion. Sekretariat an Göttinger Wingolf, 10.01.1956",1956-01-10,"Giese, Annemarie; Max-Planck-Institut für Physik. Direktion. Sekretariat",Göttinger Wingolf (1867-),"Heisenberg, Werner (1901-1976)",Brief
DE-611-HS-3666462,"Brief von Göttinger Wingolf an Werner Heisenberg, 1955 [Dezember]",1955,Göttinger Wingolf (1867-),"Heisenberg, Werner (1901-1976)","Allesch, Gustav Johannes von (1882-1967)",Brief
DE-611-HS-3666470,"Brief von Werner Heisenberg an Göttinger Wingolf, 17.01.1955",1955-01-17,"Heisenberg, Werner (1901-1976)",Göttinger Wingolf (1867-),"Weniger, Erich (1894-1961)",Brief
DE-611-HS-3666566,"Brief von Werner Heisenberg an Johannes Winckelmann, o.D. [27.08.]",o.D. [27.08.],"Heisenberg, Werner (1901-1976)","Winckelmann, Johannes (1900-1985)","Weber, Max (1864-1920)",Brief
DE-611-HS-3666582,Visitenkarte von Winckelmann (Incipit der Unterlage),o.D.,,,,unknown
DE-611-HS-3666592,"Brief von Johannes Winckelmann von Max-Weber-Institut (München) an Werner Heisenberg, 06.08.1973",1973-08-06,"Winckelmann, Johannes (1900-1985); Max-Weber-Institut (München)","Heisenberg, Werner (1901-1976)","Weber, Max (1864-1920)",Brief
DE-611-HS-3666605,Am 1. Oktober 1968 verstarb nach schwerer Krankheit  im 72. Lebensjahr unser Senator Dr.-Ing. Hermann Winkhaus [...] (Incipit der Unterlage),1968-10-02,"Butenandt, Adolf (1903-1995); Max-Planck-Gesellschaft zur Förderung der Wissenschaften (1948-)","Heisenberg, Werner (1901-1976) [vermutlich]",,unknown
DE-611-HS-3666747,"Brief von Gerhard Stoltenberg an Werner Heisenberg an Deutsche Atom-Kommission, 08.10.1968",1968-10-08,"Stoltenberg, Gerhard (1928-2001)","Heisenberg, Werner (1901-1976) [vermutlich]; Deutsche Atom-Kommission (1956-1971)","Winkhaus, Hermann (1897-1968)",Brief
DE-611-HS-3666757,"Brief von Hermann Winkhaus an Werner Heisenberg, 1967 [März]",1967,"Winkhaus, Hermann (1897-1968)","Heisenberg, Werner (1901-1976)",,Brief
DE-611-HS-3666770,"Brief von A. F. Winklehaus von Mastercraft Instrument Company an Werner Heisenberg, 29.11.1973",1973-11-29,"Winklehaus, A. F.; Mastercraft Instrument Company","Heisenberg, Werner (1901-1976)",,Brief
DE-611-HS-3666779,"Brief von Annemarie Giese von Max-Planck-Institut für Physik. Direktion. Sekretariat an A. F. Winklehaus, 05.10.1973",1973-10-05,"Giese, Annemarie; Max-Planck-Institut für Physik. Direktion. Sekretariat","Winklehaus, A. F.","Heisenberg, Werner (1901-1976)",Brief
DE-611-HS-3666808,"Brief von Annemarie Giese von Max-Planck-Institut für Physik. Direktion. Sekretariat an J. J. Marx (Lambrecht), 04.11.1958",1958-11-04,"Giese, Annemarie; Max-Planck-Institut für Physik. Direktion. Sekretariat",J. J. Marx (Lambrecht),,Brief
DE-611-HS-3666812,"Brief von J. J. Marx (Lambrecht) an Max-Planck-Institut für Physik. Direktion. Sekretariat, 03.11.1958",1958-11-03,J. J. Marx (Lambrecht),Max-Planck-Institut für Physik. Direktion. Sekretariat,,Brief
DE-611-HS-3666826,Fritz Winter 29. September bis 14. November 1962 (Incipit der Unterlage),1962,,,,unknown
DE-611-HS-3666835,"Brief von Annemarie Giese von Max-Planck-Institut für Physik. Direktion. Sekretariat an Friedrich G. Winter, 29.01.1976",1976-01-29,"Giese, Annemarie; Max-Planck-Institut für Physik. Direktion. Sekretariat","Winter, Friedrich G. (1910-1987)","Heisenberg, Werner (1901-1976)",Brief
DE-611-HS-3666842,"Brief von Friedrich G. Winter an Werner Heisenberg, 31.12.1975",1975-12-31,"Winter, Friedrich G. (1910-1987)","Heisenberg, Werner (1901-1976)",,Brief
DE-611-HS-3666850,"Brief von Werner Heisenberg an Friedrich G. Winter, 24.03.1975",1975-03-24,"Heisenberg, Werner (1901-1976)","Winter, Friedrich G. (1910-1987)","Riemerschmid, Reinhard (1914-1996); Euler, Hans (1909-)",Brief
DE-611-HS-3666864,"Brief von Friedrich G. Winter an Werner Heisenberg, 19.03.1975",1975-03-19,"Winter, Friedrich G. (1910-1987)","Heisenberg, Werner (1901-1976)","Euler, Hans (1909-)",Brief
DE-611-HS-3666868,"Brief von Rolf Hüper an Hermann Winter, 01.07.1958",1958-07-01,"Hüper, Rolf","Winter, Hermann (1897-1968)","Heisenberg, Werner (1901-1976); Finkelnburg, Wolfgang Karl Ernst (1905-1967)",Brief
DE-611-HS-3666876,"Brief von Hermann Winter an Werner Heisenberg, 27.05.1958",1958-05-27,"Winter, Hermann (1897-1968)","Heisenberg, Werner (1901-1976)",,Brief
DE-611-HS-3666885,"Brief von Julius Winter an Werner Heisenberg, 28.12.1962",1962-12-28,"Winter, Julius","Heisenberg, Werner (1901-1976)",,Brief
DE-611-HS-3666907,Meinungsäußerung zur Dissertation von Norbert Winter (Incipit der Unterlage),1973-01-22,"Heisenberg, Werner (1901-1976)",,,unknown
DE-611-HS-3666917,"Brief von Annemarie Giese von Max-Planck-Institut für Physik. Direktion. Sekretariat an Oskar Winter, 12.12.1969",1969-12-12,"Giese, Annemarie; Max-Planck-Institut für Physik. Direktion. Sekretariat","Winter, Oskar","Heisenberg, Werner (1901-1976)",Brief
DE-611-HS-3666924,"Brief von Oskar Winter an Werner Heisenberg, 06.12.1969",1969-12-06,"Winter, Oskar","Heisenberg, Werner (1901-1976)",,Brief
DE-611-HS-3678525,"Brief von Annemarie Giese von Max-Planck-Institut für Physik. Direktion. Sekretariat an Siegfried Winter, 26.07.1963",1963-07-26,"Giese, Annemarie; Max-Planck-Institut für Physik. Direktion. Sekretariat","Winter, Siegfried","Heisenberg, Werner (1901-1976); Sänger, Eugen (1905-1964)",Brief
DE-611-HS-3678538,"Brief von Siegfried Winter an Werner Heisenberg, 14.05.1963",1963-05-14,"Winter, Siegfried","Heisenberg, Werner (1901-1976)",,Brief
DE-611-HS-3678545,"Brief von Werner Heisenberg an Edmund Winterhoff, 09.04.1970",1970-04-09,"Heisenberg, Werner (1901-1976)","Winterhoff, Edmund",,Brief
DE-611-HS-3678549,"Brief von Edmund Winterhoff an Werner Heisenberg, 09.04.1970",1970-04-09,"Winterhoff, Edmund","Heisenberg, Werner (1901-1976)",,Brief
DE-611-HS-3678554,"Brief von Edmund Winterhoff an Werner Heisenberg, 25.05.1967",1967-05-25,"Winterhoff, Edmund","Heisenberg, Werner (1901-1976)","Huxley, Julian (1887-1975); Medawar, Peter B. (1915-1987)",Brief
DE-611-HS-3678557,Aktenverweis (Einheitstitel von Bearbeiter/in),unknown,,,,unknown
DE-611-HS-3678559,"Brief von Helmut Winzeler von Universität Bern. Physikalisches Institut an Werner Heisenberg, 25.05.1967",1967-05-25,"Winzeler, Helmut; Universität Bern. Physikalisches Institut","Heisenberg, Werner (1901-1976)",,Brief
DE-611-HS-3678577,"Brief von Annemarie Giese von Max-Planck-Institut für Physik. Direktion. Sekretariat an Jürgen Wippern, 30.08.1972",1972-08-30,"Giese, Annemarie; Max-Planck-Institut für Physik. Direktion. Sekretariat","Wippern, Jürgen","Heisenberg, Werner (1901-1976); Robin, Léon (1866-1947)",Brief
DE-611-HS-3678584,"Brief von Werner Heisenberg an Adolf Wirk, 10.01.1961",1961-01-10,"Heisenberg, Werner (1901-1976)","Wirk, Adolf","Weizsäcker, Carl Friedrich von (1912-2007)",Brief
DE-611-HS-3678791,"Brief von Adolf Wirk an Werner Heisenberg, 16.12.1960",1960-12-16,"Wirk, Adolf","Heisenberg, Werner (1901-1976)","Dessauer, Friedrich (1881-1963) [vermutlich]; Wenzl, Aloys (1887-1967) [vermutlich]",Brief
DE-611-HS-3678793,"Brief von Werner Heisenberg an Adolf Wirk, 01.12.1960",1960-12-01,"Heisenberg, Werner (1901-1976)","Wirk, Adolf",,Brief
DE-611-HS-3678797,"Brief von Adolf Wirk an Werner Heisenberg, 28.11.1960",1960-11-28,"Wirk, Adolf","Heisenberg, Werner (1901-1976)",,Brief
DE-611-HS-3678798,"Brief von Werner Heisenberg an Adolf Wirk, 08.07.1960",1960-07-08,"Heisenberg, Werner (1901-1976)","Wirk, Adolf",,Brief
DE-611-HS-3680220,"Brief von Adolf Wirk an Werner Heisenberg, 06.07.1960",1960-07-06,"Wirk, Adolf","Heisenberg, Werner (1901-1976)","Plohmann, Arnold (1895-)",Brief
DE-611-HS-3680241,"Brief von Werner Heisenberg an Eva Alice Windish, 03.09.1963",1963-09-03,"Heisenberg, Werner (1901-1976)","Windish, Eva Alice",,Brief
DE-611-HS-3680265,"Brief von Edmund Winterhoff an Werner Heisenberg, 26.06.1970",1970-06-26,"Winterhoff, Edmund","Heisenberg, Werner (1901-1976)","Huxley, Aldous (1894-1963)",Brief
DE-611-HS-3680269,"Brief von A. F. Winklehaus von Mastercraft Instrument Company an Werner Heisenberg an Max-Planck-Institut für Physik. Direktion. Sekretariat, 17.09.1973",1973-09-17,"Winklehaus, A. F.; Mastercraft Instrument Company","Heisenberg, Werner (1901-1976); Max-Planck-Institut für Physik. Direktion. Sekretariat",,Brief
DE-611-BF-81116,"502. IV. Institutionen, 1. Korrespondenz: Wirku-Wöhr",1955,,,,unknown
DE-611-HS-3680381,"Brief von Werner Heisenberg an Paul Wirkus, 25.08.1955",1955-08-25,"Heisenberg, Werner (1901-1976)","Wirkus, Paul",,Brief
DE-611-HS-3680390,"Brief von Paul Wirkus an Werner Heisenberg, 15.07.1955",1955-07-15,"Wirkus, Paul","Heisenberg, Werner (1901-1976)",,Brief
DE-611-HS-3680396,"Brief von Irmgard Trapper von  an Werner Heisenberg, 15.07.1965",1965-07-15,"Trapper, Irmgard; null","Heisenberg, Werner (1901-1976)",,Brief
DE-611-HS-3680398,"Brief von Giselher Wirsing von  an Werner Heisenberg, 07.09.1965",1965-09-07,"Wirsing, Giselher (1907-1975); null","Heisenberg, Werner (1901-1976)","Harpprecht, Klaus (1927-2016); Erhard, Ludwig (1897-1977)",Brief
DE-611-HS-3680402,"Brief von Werner Heisenberg an Josef Wirth, 13.11.1959",1959-11-13,"Heisenberg, Werner (1901-1976)","Wirth, Josef","Bartels, Julius (1899-1964)",Brief
DE-611-HS-3680403,"Brief von Josef Wirth an Werner Heisenberg, 27.12.1959",1959-12-27,"Wirth, Josef","Heisenberg, Werner (1901-1976)",,Brief
DE-611-HS-3680409,"Brief von Annemarie Giese von Max-Planck-Institut für Physik. Direktion. Sekretariat an Wirtschaftsbeirat der Union, 25.06.1957",1957-06-25,"Giese, Annemarie; Max-Planck-Institut für Physik. Direktion. Sekretariat",Wirtschaftsbeirat der Union,"Heisenberg, Werner (1901-1976)",Brief
DE-611-HS-3680413,"Brief von Herbert Huber von Wirtschaftsbeirat der Union an Werner Heisenberg, 19.02.1957",1957-02-19,"Huber, Herbert (1935-2016); Wirtschaftsbeirat der Union","Heisenberg, Werner (1901-1976) [vermutlich]",,Brief
DE-611-HS-3680418,"Brief von Herbert Huber von Wirtschaftsbeirat der Union an Werner Heisenberg, 08.12.1957",1957-12-08,"Huber, Herbert (1935-2016); Wirtschaftsbeirat der Union","Heisenberg, Werner (1901-1976) [vermutlich]",,Brief
DE-611-HS-3680420,"Brief von Annemarie Giese von Max-Planck-Institut für Physik. Direktion. Sekretariat an Wirtschaftsbeirat der Union, 11.06.1956",1956-06-11,"Giese, Annemarie; Max-Planck-Institut für Physik. Direktion. Sekretariat",Wirtschaftsbeirat der Union,"Heisenberg, Werner (1901-1976)",Brief
DE-611-HS-3680426,"Brief von Werner Heisenberg an Franz Elsen an Wirtschaftsbeirat der Union, 18.05.1956",1956-05-18,"Heisenberg, Werner (1901-1976)","Elsen, Franz (1906-1980); Wirtschaftsbeirat der Union","Ehard, Hans (1887-1980)",Brief
DE-611-HS-3680433,"Brief von Franz Elsen von Wirtschaftsbeirat der Union an Werner Heisenberg, 18.04.1956",1956-04-18,"Elsen, Franz (1906-1980); Wirtschaftsbeirat der Union","Heisenberg, Werner (1901-1976)","Ruf, Sep (1908-1982); Strauß, Franz Josef (1915-1988)",Brief
DE-611-HS-3680439,"Brief von Werner Heisenberg an Wirtschaftspolitischer Club Bonn, 14.12.1967",1967-12-14,"Heisenberg, Werner (1901-1976)",Wirtschaftspolitischer Club Bonn,,Brief
DE-611-HS-3680443,"Brief von Wirtschaftspolitischer Club Bonn an Werner Heisenberg, 04.12.1967",1967-12-04,Wirtschaftspolitischer Club Bonn,"Heisenberg, Werner (1901-1976)",,Brief
DE-611-HS-3680447,"Brief von Wirtschaftsring (Bonn) an Werner Heisenberg, 05.11.1958",1958-11-05,Wirtschaftsring (Bonn),"Heisenberg, Werner (1901-1976)","Drucker, Peter F. (1909-2005)",Brief
DE-611-HS-3680452,"Brief von Werner Heisenberg an Wirtschaftsring (Bonn), 31.10.1958",1958-10-31,"Heisenberg, Werner (1901-1976)",Wirtschaftsring (Bonn),,Brief
DE-611-HS-3680468,"Brief von Wirtschaftsring (Bonn) an Werner Heisenberg, 05.09.1958",1958-09-05,Wirtschaftsring (Bonn),"Heisenberg, Werner (1901-1976)","Drucker, Peter F. (1909-2005)",Brief
DE-611-HS-3680484,"Brief von Will Schwarz von Wirtschaftsverband Bildender Künstler Nordrhein-Westfalen an Werner Heisenberg, 30.11.1967",1967-11-30,"Schwarz, Will (-1992); Wirtschaftsverband Bildender Künstler Nordrhein-Westfalen (1953-1977)","Heisenberg, Werner (1901-1976)","Thadden, Adolf von (1921-1996)",Brief
DE-611-HS-3680616,"Brief von Werner Heisenberg an J. O. Wisdom an London School of Economics and Political Science, 02.04.1959",1959-04-02,"Heisenberg, Werner (1901-1976)","Wisdom, J. O. (1908-1993); London School of Economics and Political Science (1895-)",,Brief
DE-611-HS-3680621,"Brief von J. O. Wisdom von London School of Economics and Political Science an Werner Heisenberg, 25.03.1959",1959-03-25,"Wisdom, J. O. (1908-1993); London School of Economics and Political Science (1895-)","Heisenberg, Werner (1901-1976)",,Brief
DE-611-HS-3680641,"Brief von Ernst Aurich von Wissenschaftliche Buchgesellschaft an Werner Heisenberg, 09.05.1958",1958-05-09,"Aurich, Ernst; Wissenschaftliche Buchgesellschaft (1955-2024)","Heisenberg, Werner (1901-1976)",,Brief
DE-611-HS-3680646,"Brief von Werner Heisenberg an Ernst Aurich an Wissenschaftliche Buchgesellschaft, 21.04.1958",1958-04-21,"Heisenberg, Werner (1901-1976)","Aurich, Ernst; Wissenschaftliche Buchgesellschaft (1955-2024)",,Brief
DE-611-HS-3680649,"Brief von Ernst Aurich von Wissenschaftliche Buchgesellschaft an Werner Heisenberg, 10.04.1958",1958-04-10,"Aurich, Ernst; Wissenschaftliche Buchgesellschaft (1955-2024)","Heisenberg, Werner (1901-1976)",,Brief
DE-611-HS-3680656,Aktenverweis (Einheitstitel von Bearbeiter/in),unknown,,,,unknown
DE-611-HS-3680665,"Brief von Verlag Junge Welt an Werner Heisenberg, 28.06.1962",1962-06-28,Verlag Junge Welt (1951-),"Heisenberg, Werner (1901-1976)",,Brief
DE-611-HS-3680673,"Brief von Werner Heisenberg an Hanna Samsonowska an Agencja Robotnicza (Warszawa), 17.12.1959",1959-12-17,"Heisenberg, Werner (1901-1976)","Samsonowska, Hanna; Agencja Robotnicza (Warszawa)",,Brief
DE-611-HS-3680699,"Brief von Hanna Samsonowska von Agencja Robotnicza (Warszawa) an Werner Heisenberg, 02.12.1959",1959-12-02,"Samsonowska, Hanna; Agencja Robotnicza (Warszawa)","Heisenberg, Werner (1901-1976)",,Brief
DE-611-HS-3680712,"Brief von Winfried-Cleophas Chwastek von Stadtbibliothek (Wuppertal) an Werner Heisenberg, 1967 [Juli]",1967,"Chwastek, Winfried-Cleophas; Stadtbibliothek (Wuppertal)","Heisenberg, Werner (1901-1976)","Sieverts, Rudolf (1903-)",Brief
DE-611-HS-3680713,"Brief von Werner Heisenberg an Wissenschaftliche Verlagsgesellschaft Stuttgart, 17.08.1971",1971-08-17,"Heisenberg, Werner (1901-1976)",Wissenschaftliche Verlagsgesellschaft Stuttgart (1921-),,Brief
DE-611-HS-3680720,"Brief von Hans Rotta und Oskar Schlemmer von Wissenschaftliche Verlagsgesellschaft Stuttgart und Deutscher Apotheker-Verlag Doktor Roland Schmiedel, S. Hirzel Verlag (Stuttgart) an Werner Heisenberg, 1971",1971,"Rotta, Hans (1921-2008); Schlemmer, Oskar [vermutlich]; Wissenschaftliche Verlagsgesellschaft Stuttgart (1921-); Deutscher Apotheker-Verlag Doktor Roland Schmiedel (1950-); S. Hirzel Verlag (Stuttgart)","Heisenberg, Werner (1901-1976)","Schmiedel, Roland (1888-1967)",Brief
DE-611-HS-3680723,"Brief von Werner Heisenberg an Wissenschaftliche Verlagsgesellschaft Stuttgart, 27.07.1971",1971-07-27,"Heisenberg, Werner (1901-1976)",Wissenschaftliche Verlagsgesellschaft Stuttgart (1921-),,Brief
DE-611-HS-3681216,"Brief von Horst Bethmann an Werner Heisenberg, 1958 [Nov./Dez.]",1958,"Bethmann, Horst (1922-)","Heisenberg, Werner (1901-1976) [vermutlich]",,Brief
DE-611-HS-3681222,"Brief von Richard Wisser von Johannes Gutenberg-Universität Mainz. Philosophisches Seminar an Werner Heisenberg, 16.12.1973",1973-12-16,"Wisser, Richard (1927-2019); Johannes Gutenberg-Universität Mainz. Philosophisches Seminar","Heisenberg, Werner (1901-1976)","Arasa, Francisco (1916-)",Brief
DE-611-HS-3681227,"Brief von Werner Heisenberg an Richard Wisser, 19.11.1973",1973-11-19,"Heisenberg, Werner (1901-1976)","Wisser, Richard (1927-2019)","Arasa, Francisco (1916-)",Brief
DE-611-HS-3681231,"Brief von Richard Wisser von Johannes Gutenberg-Universität Mainz. Philosophisches Seminar an Werner Heisenberg, 11.11.1973",1973-11-11,"Wisser, Richard (1927-2019); Johannes Gutenberg-Universität Mainz. Philosophisches Seminar","Heisenberg, Werner (1901-1976)","Arasa, Francisco (1916-); Pfeiffer, Heinrich (1927-2016) [vermutlich]",Brief
DE-611-HS-3681238,"Brief von Werner Heisenberg an Richard Wisser, 16.12.1969",1969-12-16,"Heisenberg, Werner (1901-1976)","Wisser, Richard (1927-2019)","Heidegger, Martin (1889-1976)",Brief
DE-611-HS-3681245,"Brief von Richard Wisser von Johannes Gutenberg-Universität Mainz. Philosophisches Seminar an Werner Heisenberg, 23.03.1966",1966-03-23,"Wisser, Richard (1927-2019); Johannes Gutenberg-Universität Mainz. Philosophisches Seminar","Heisenberg, Werner (1901-1976)",,Brief
DE-611-HS-3681252,"Brief von Richard Wisser von Johannes Gutenberg-Universität Mainz. Philosophisches Seminar an Werner Heisenberg, 09.03.1966",1966-03-09,"Wisser, Richard (1927-2019); Johannes Gutenberg-Universität Mainz. Philosophisches Seminar","Heisenberg, Werner (1901-1976)",,Brief
DE-611-HS-3681259,"Brief von Enos Witmer von Pennsylvania State University . College of Chemistry and Physics (University Park, Pa.) an Werner Heisenberg, 22.05.1973",1973-05-22,"Witmer, Enos; Pennsylvania State University (University Park, Pa.). College of Chemistry and Physics","Heisenberg, Werner (1901-1976)",,Brief
DE-611-HS-3681266,"Brief von Werner Heisenberg an Enos Witmer, 26.02.1973",1973-02-26,"Heisenberg, Werner (1901-1976)","Witmer, Enos","Dürr, Hans-Peter (1929-2014)",Brief
DE-611-HS-3681275,"Brief von Enos Witmer an Werner Heisenberg, 11.02.1973",1973-02-11,"Witmer, Enos","Heisenberg, Werner (1901-1976)","Schrieffer, John R. (1931-2019); Wigner, Eugene Paul (1902-1995)",Brief
DE-611-HS-3681398,"Brief von Enos Witmer von Pennsylvania State University . College of Chemistry and Physics (University Park, Pa.) an Werner Heisenberg, 05.06.1968",1968-06-05,"Witmer, Enos; Pennsylvania State University (University Park, Pa.). College of Chemistry and Physics","Heisenberg, Werner (1901-1976)","Born, Max (1882-1970); Wigner, Eugene Paul (1902-1995); Jordan, Pascual (1902-1980)",Brief
DE-611-HS-3681404,Aktenverweis (Einheitstitel von Bearbeiter/in),unknown,,,,unknown
DE-611-HS-3681405,"Brief von Werner Heisenberg an Manfred Witt an Max-Planck-Institut für Metallforschung, 23.09.1970",1970-09-23,"Heisenberg, Werner (1901-1976)","Witt, Manfred; Max-Planck-Institut für Metallforschung",,Brief
DE-611-HS-3681517,"Brief von Manfred Witt von Max-Planck-Institut für Metallforschung an Werner Heisenberg, 21.09.1970",1970-09-21,"Witt, Manfred; Max-Planck-Institut für Metallforschung","Heisenberg, Werner (1901-1976)",,Brief
DE-611-HS-3681521,Aktenverweis (Einheitstitel von Bearbeiter/in),unknown,,,,unknown
DE-611-HS-3681546,"Brief von Annemarie Giese von Max-Planck-Institut für Physik. Direktion. Sekretariat an Hans Wegener an Wittheit zu Bremen (Körperschaft), 02.05.1955",1955-05-02,"Giese, Annemarie; Max-Planck-Institut für Physik. Direktion. Sekretariat","Wegener, Hans (1896-1980); Wittheit zu Bremen (Körperschaft) (1941-)","Heisenberg, Werner (1901-1976); Binz, Tita (1903-1970); Retzlaff, Erich (1899-1993); Liebenthal-Latorf, Susanne",Brief
DE-611-HS-3681553,"Brief von Hans Wegener von Wittheit zu Bremen (Körperschaft) an Werner Heisenberg, 27.04.1955",1955-04-27,"Wegener, Hans (1896-1980); Wittheit zu Bremen (Körperschaft) (1941-)","Heisenberg, Werner (1901-1976)",,Brief
DE-611-HS-3681556,"Brief von Adam Wittmann an Werner Heisenberg, 09.04.1971",1971-04-09,"Wittmann, Adam (1901-)","Heisenberg, Werner (1901-1976)",,Brief
DE-611-HS-3681561,"Brief von Werner Heisenberg an Adam Wittmann, 13.01.1967",1967-01-13,"Heisenberg, Werner (1901-1976)","Wittmann, Adam (1901-)",,Brief
DE-611-HS-3681566,"Brief von Adam Wittmann an Werner Heisenberg, 18.01.1967",1967-01-18,"Wittmann, Adam (1901-)","Heisenberg, Werner (1901-1976)",,Brief
DE-611-HS-3681571,"Brief von Werner Heisenberg an Adam Wittmann, 09.01.1967",1967-01-09,"Heisenberg, Werner (1901-1976)","Wittmann, Adam (1901-)",,Brief
DE-611-HS-3681584,"Brief von Karl Riedl von Maximilianeum (München) an Werner Heisenberg, 04.07.1972",1972-07-04,"Riedl, Karl (1907-1985); Maximilianeum (München)","Heisenberg, Werner (1901-1976)","Wittmann, Felix (1923-2012)",Brief
DE-611-HS-3681598,"Brief von Henry von Witzleben an Werner Heisenberg, 04.11.1967",1967-11-04,"Witzleben, Henry von (1896-1994)","Heisenberg, Werner (1901-1976)","Bloch, Felix (1905-1983)",Brief
DE-611-HS-3681608,"Brief von Werner Heisenberg an Henry von Witzleben, 16.10.1967",1967-10-16,"Heisenberg, Werner (1901-1976)","Witzleben, Henry von (1896-1994)",,Brief
DE-611-HS-3681621,"Brief von Henry von Witzleben an Werner Heisenberg, 02.09.1967",1967-09-02,"Witzleben, Henry von (1896-1994)","Heisenberg, Werner (1901-1976)","Pauli, Wolfgang (1900-1958); Bloch, Felix (1905-1983)",Brief
DE-611-HS-3681627,W.K.G.-Dienst aus Bonn : unabhängige Presse-Korrespondenz Nachrichten / Berichte / Kommentare (Incipit des Druckes),1962-11-07,,"Heisenberg, Werner (1901-1976) [vermutlich]",,unknown
DE-611-HS-3681631,W.K.G.-Dienst aus Bonn : unabhängige Presse-Korrespondenz Nachrichten / Berichte / Kommentare (Incipit des Druckes),1962-10-30,,"Heisenberg, Werner (1901-1976) [vermutlich]",,unknown
DE-611-HS-3681640,"Brief von Werner Heisenberg an J. Wlodarski, 26.04.1963",1963-04-26,"Heisenberg, Werner (1901-1976)","Wlodarski, J.",,Brief
DE-611-HS-3681642,"Brief von J. Wlodarski an Werner Heisenberg, 23.04.1963",1963-04-23,"Wlodarski, J.","Heisenberg, Werner (1901-1976)","Witmer, Enos",Brief
DE-611-HS-3682060,"Brief von Werner Heisenberg an Gisella von Wobeser, 30.06.1955",1955-06-30,"Heisenberg, Werner (1901-1976)","Wobeser, Gisella von",,Brief
DE-611-HS-3682066,"Brief von Gisella von Wobeser an Werner Heisenberg, 27.06.1955",1955-06-27,"Wobeser, Gisella von","Heisenberg, Werner (1901-1976)",,Brief
DE-611-HS-3682076,"Brief von Werner Heisenberg an Dieter Heimlich an Wochenpost / Redaktion (Berlin, Ost), 08.10.1964",1964-10-08,"Heisenberg, Werner (1901-1976)","Heimlich, Dieter; Wochenpost / Redaktion (Berlin, Ost)",,Brief
DE-611-HS-3682084,"Brief von Dieter Heimlich von Wochenpost / Redaktion (Berlin, Ost) an Werner Heisenberg, 1964 [ca.]",1964,"Heimlich, Dieter; Wochenpost / Redaktion (Berlin, Ost)","Heisenberg, Werner (1901-1976)",,Brief
DE-611-HS-3682106,"Brief von Karlheinz Wöhler von Naval Postgraduate School (Monterey, Calif.) an Gerhart von Gierke an Max-Planck-Institut für Physik und Astrophysik, 1964",1964,"Wöhler, Karlheinz (1930-); Naval Postgraduate School (Monterey, Calif.)","Gierke, Gerhart von (1922-2003); Max-Planck-Institut für Physik und Astrophysik (1958-1991)",,Brief
DE-611-HS-3682202,"Brief von Fritz Wöhr an Werner Heisenberg, 03.08.1966",1966-08-03,"Wöhr, Fritz","Heisenberg, Werner (1901-1976)",,Brief
DE-611-HS-3682206,"Brief von Werner Heisenberg an Richard Wisser, 15.03.1966",1966-03-15,"Heisenberg, Werner (1901-1976)","Wisser, Richard (1927-2019)",,Brief
DE-611-HS-3682209,"Brief von Adam Wittmann an Werner Heisenberg, 03.01.1967",1967-01-03,"Wittmann, Adam (1901-)","Heisenberg, Werner (1901-1976)",,Brief
DE-611-BF-81117,"503. IV. Institutionen, 1. Korrespondenz: Wölf-Wom",1949,,,,unknown
DE-611-HS-3683052,"Brief von Werner Heisenberg an Ernst Wölfflin, 24.01.1949",1949-01-24,"Heisenberg, Werner (1901-1976)","Wölfflin, Ernst (1873-1960)","Eucken, Arnold (1884-1950); Planck, Max (1858-1947)",Brief
DE-611-HS-3683053,"Brief von Ernst Wölfflin an Werner Heisenberg, 28.01.1949",1949-01-28,"Wölfflin, Ernst (1873-1960)","Heisenberg, Werner (1901-1976)","Eucken, Arnold (1884-1950); Planck, Max (1858-1947); Laue, Max von (1879-1960)",Brief
DE-611-HS-3683054,"Brief von Ernst Wölfflin an Werner Heisenberg, 01.01.1949",1949-01-01,"Wölfflin, Ernst (1873-1960)","Heisenberg, Werner (1901-1976)","Eucken, Arnold (1884-1950); Planck, Max (1858-1947); Laue, Max von (1879-1960)",Brief
DE-611-HS-3683055,"Brief von Werner Heisenberg an Ernst Wölfflin, 17.12.1948",1948-12-17,"Heisenberg, Werner (1901-1976)","Wölfflin, Ernst (1873-1960)","Eucken, Arnold (1884-1950); Planck, Max (1858-1947)",Brief
DE-611-HS-3683056,"Brief von Ernst Wölfflin an Werner Heisenberg, 05.12.1948",1948-12-05,"Wölfflin, Ernst (1873-1960)","Heisenberg, Werner (1901-1976)","Eucken, Arnold (1884-1950); Planck, Max (1858-1947); Laue, Max von (1879-1960)",Brief
DE-611-HS-3683057,"Brief von Werner Heisenberg an Ernst Wölfflin, 29.11.1948",1948-11-29,"Heisenberg, Werner (1901-1976)","Wölfflin, Ernst (1873-1960)","Eucken, Arnold (1884-1950); Planck, Max (1858-1947)",Brief
DE-611-HS-3683058,"Brief von Ernst Wölfflin an Werner Heisenberg, 15.11.1948",1948-11-15,"Wölfflin, Ernst (1873-1960)","Heisenberg, Werner (1901-1976)","Planck, Max (1858-1947)",Brief
DE-611-HS-3683059,Aktenverweis (Einheitstitel von Bearbeiter/in),unknown,,,,unknown
DE-611-HS-3683060,"Brief von G. Wojahn an Werner Heisenberg, 08.01.1963",1963-01-08,"Wojahn, G.","Heisenberg, Werner (1901-1976)",,Brief
DE-611-HS-3683061,"Brief von Werner Heisenberg an Max Wold, 05.10.1971",1971-10-05,"Heisenberg, Werner (1901-1976)","Wold, Max",,Brief
DE-611-HS-3683062,"Brief von Max Wold an Werner Heisenberg, 20.09.1971 [Datum laut Poststempel]",1971-09-20,"Wold, Max","Heisenberg, Werner (1901-1976)",,Brief
DE-611-HS-3683063,"Brief von Max Wold an Werner Heisenberg, 1971 [ca.]",1971,"Wold, Max","Heisenberg, Werner (1901-1976)",,Brief
DE-611-HS-3683064,"Brief von Werner Heisenberg an Max Wold, 19.08.1971",1971-08-19,"Heisenberg, Werner (1901-1976)","Wold, Max","Bohr, Niels (1885-1962)",Brief
DE-611-HS-3683065,"Brief von Max Wold an Werner Heisenberg, 1971 [ca.]",1971,"Wold, Max","Heisenberg, Werner (1901-1976)",,Brief
DE-611-HS-3683066,"Brief von Ernst Wolf an Werner Heisenberg, 17.09.1958",1958-09-17,"Wolf, Ernst (1902-1971)","Heisenberg, Werner (1901-1976)",,Brief
DE-611-HS-3683067,"Brief von Werner Heisenberg an Ernst Wolf, 10.09.1958",1958-09-10,"Heisenberg, Werner (1901-1976)","Wolf, Ernst (1902-1971)",,Brief
DE-611-HS-3683068,"Brief von Ernst Wolf von Die Religion in Geschichte und Gegenwart an Werner Heisenberg, 31.07.1958",1958-07-31,"Wolf, Ernst (1902-1971); Die Religion in Geschichte und Gegenwart","Heisenberg, Werner (1901-1976)",,Brief
DE-611-HS-3683092,"Brief von Willibald Jentschke von Deutsches Elektronen-Synchrotron an Werner Heisenberg, 17.09.1970",1970-09-17,"Jentschke, Willibald (1911-2002); Deutsches Elektronen-Synchrotron (2001-)","Heisenberg, Werner (1901-1976)","Wolf, Günter (1937-2024)",Brief
DE-611-HS-3683098,"Brief von Werner Heisenberg an Willibald Jentschke, 21.06.1970",1970-06-21,"Heisenberg, Werner (1901-1976)","Jentschke, Willibald (1911-2002)","Wolf, Günter (1937-2024)",Brief
DE-611-HS-3683105,"Brief von Klaus Gottstein an Werner Heisenberg, 20.07.1970",1970-07-20,"Gottstein, Klaus (1924-2020)","Heisenberg, Werner (1901-1976)","Wolf, Günter (1937-2024); Deutschmann, Martin (1917-2008); Jentschke, Willibald (1911-2002); Brandt, Siegmund (1936-2016); Winzeler, Helmut; Panofsky, Wolfgang Kurt Hermann (1919-2007); Schmitz, Norbert (1933-); Brasse, Friedhelm; Buschhorn, H.; Ting, Samuel Chao-chung (1936-); Meyer, Hinrich; Harmsen, Dirk-Michael (-2023)",Brief
DE-611-HS-3683132,"Brief von Martin Deutschmann von RWTH Aachen. Physikalisches Institut 3 an Willibald Jentschke an Deutsches Elektronen-Synchrotron, 21.04.1970",1970-04-21,"Deutschmann, Martin (1917-2008); RWTH Aachen. Physikalisches Institut 3","Jentschke, Willibald (1911-2002); Deutsches Elektronen-Synchrotron (2001-)","Wolf, Günter (1937-2024); Brandt, Siegmund (1936-2016); Winzeler, Helmut; Meyer, Hinrich; Harmsen, Dirk-Michael (-2023)",Brief
DE-611-HS-3683142,"Brief von Wolfgang Kurt Hermann Panofsky von Stanford Linear Accelerator Center an Willibald Jentschke an Deutsches Elektronen-Synchrotron, 02.04.1970",1970-04-02,"Panofsky, Wolfgang Kurt Hermann (1919-2007); Stanford Linear Accelerator Center (1962-)","Jentschke, Willibald (1911-2002); Deutsches Elektronen-Synchrotron (2001-)","Wolf, Günter (1937-2024); Meyer, Hinrich; Brasse, Friedhelm; Buschhorn, H.",Brief
DE-611-HS-3683144,"Brief von Norbert Schmitz von Max-Planck-Institut für Physik und Astrophysik an Willibald Jentschke an Deutsches Elektronen-Synchrotron, 17.04.1970",1970-04-17,"Schmitz, Norbert (1933-); Max-Planck-Institut für Physik und Astrophysik (1958-1991)","Jentschke, Willibald (1911-2002); Deutsches Elektronen-Synchrotron (2001-)","Wolf, Günter (1937-2024); Brandt, Siegmund (1936-2016); Winzeler, Helmut; Meyer, Hinrich; Harmsen, Dirk-Michael (-2023)",Brief
DE-611-HS-3683149,"Brief von Cambridge Electron Accelerator (Cambridge, Mass.) an Willibald Jentschke an Deutsches Elektronen-Synchrotron, 24.04.1970",1970-04-24,"Cambridge Electron Accelerator (Cambridge, Mass.)","Jentschke, Willibald (1911-2002); Deutsches Elektronen-Synchrotron (2001-)","Wolf, Günter (1937-2024); Meyer, Hinrich; Brasse, Friedhelm; Buschhorn, H.",Brief
DE-611-HS-3683154,"Brief von Samuel Chao-chung Ting von Massachusetts Institute of Technology. Laboratory for Nuclear Science an Willibald Jentschke an Deutsches Elektronen-Synchrotron, 09.04.1970",1970-04-09,"Ting, Samuel Chao-chung (1936-); Massachusetts Institute of Technology. Laboratory for Nuclear Science","Jentschke, Willibald (1911-2002); Deutsches Elektronen-Synchrotron (2001-)","Wolf, Günter (1937-2024); Meyer, Hinrich; Brasse, Friedhelm; Buschhorn, H.",Brief
DE-611-HS-3683162,"Brief von Werner Heisenberg an Fred Alan Wolf an California State University San Bernardino. Department of Physics, 21.05.1973",1973-05-21,"Heisenberg, Werner (1901-1976)","Wolf, Fred Alan; California State University San Bernardino. Department of Physics",,Brief
DE-611-HS-3683165,"Brief von Fred Alan Wolf von San Diego State University an Werner Heisenberg, 07.05.1973",1973-05-07,"Wolf, Fred Alan; San Diego State University (1974-)","Heisenberg, Werner (1901-1976)","Dirac, P. A. M. (1902-1984); Sarfatti, Jack",Brief
DE-611-HS-3683233,"Brief von Werner Heisenberg an Gotthard Wolf, 18.11.1957",1957-11-18,"Heisenberg, Werner (1901-1976)","Wolf, Gotthard (1910-1995)",,Brief
DE-611-HS-3683236,"Brief von Gotthard Wolf an Werner Heisenberg, 11.11.1957",1957-11-11,"Wolf, Gotthard (1910-1995)","Heisenberg, Werner (1901-1976)",,Brief
DE-611-HS-3683238,"Brief von Werner Heisenberg an Helmut Wolf, 13.10.1967",1967-10-13,"Heisenberg, Werner (1901-1976)","Wolf, Helmut (1941-)",,Brief
DE-611-HS-3683241,"Brief von Helmut Wolf an Werner Heisenberg, 1967 [ca.]",1967,"Wolf, Helmut (1941-)","Heisenberg, Werner (1901-1976)",,Brief
DE-611-HS-3683246,"Brief von Annemarie Giese von Max-Planck-Institut für Physik. Direktion. Sekretariat an Horst Wolf, 31.10.1958",1958-10-31,"Giese, Annemarie; Max-Planck-Institut für Physik. Direktion. Sekretariat","Wolf, Horst","Heisenberg, Werner (1901-1976)",Brief
DE-611-HS-3683477,"Brief von Horst Wolf an Werner Heisenberg, 19.10.1958",1958-10-19,"Wolf, Horst","Heisenberg, Werner (1901-1976)",,Brief
DE-611-HS-3683481,Aktenverweis (Einheitstitel von Bearbeiter/in),unknown,,,,unknown
DE-611-HS-3683487,"Brief von Karl August Wolf an Werner Heisenberg an Max-Planck-Institut für Physik und Astrophysik, 01.12.1964",1964-12-01,"Wolf, Karl August","Heisenberg, Werner (1901-1976); Max-Planck-Institut für Physik und Astrophysik (1958-1991)","Butenandt, Adolf (1903-1995)",Brief
DE-611-HS-3683502,"Wir haben die traurige Pflicht mitzuteilen, daß unser hochverehrter Lehrer und Institutsleiter Professor Dr. phil. Karl Lothar Wolf [...] (Incipit des Druckes)",1969-02-04,Institut für Physik und Chemie der Grenzflächen (Marienthal),,,unknown
DE-611-HS-3683507,Aktenverweis (Einheitstitel von Bearbeiter/in),unknown,,,,unknown
DE-611-HS-3683517,"Brief von Karl Lothar Wolf an Andreas Bruno Wachsmuth, 02.07.1967",1967-07-02,"Wolf, Karl Lothar (1901-1969)","Wachsmuth, Andreas Bruno (1890-1981)",,Brief
DE-611-HS-3683534,"Brief von K. R. Wolf an Werner Heisenberg, 28.08.1972",1972-08-28,"Wolf, K. R.","Heisenberg, Werner (1901-1976)",,Brief
DE-611-HS-3683598,"Brief von Werner Heisenberg an Leonhard Wolf, 16.05.1961",1961-05-16,"Heisenberg, Werner (1901-1976)","Wolf, Leonhard (1897-1983)",,Brief
DE-611-HS-3683603,"Brief von Leonhard Wolf an Werner Heisenberg, 10.05.1961",1961-05-10,"Wolf, Leonhard (1897-1983)","Heisenberg, Werner (1901-1976)",,Brief
DE-611-HS-3683611,"Brief von Wiltrud Huber von Max-Planck-Institut für Physik. Direktion. Sekretariat an Verlagshaus Christian Wolff (Flensburg), 31.05.1967",1967-05-31,"Huber, Wiltrud; Max-Planck-Institut für Physik. Direktion. Sekretariat",Verlagshaus Christian Wolff (Flensburg) (1947-),"Heisenberg, Werner (1901-1976); Bauer, Walter Gerd (1925-)",Brief
DE-611-HS-3683614,"Brief von Verlagshaus Christian Wolff (Flensburg) an Werner Heisenberg, 10.05.1961",1961-05-10,Verlagshaus Christian Wolff (Flensburg) (1947-),"Heisenberg, Werner (1901-1976)","Bauer, Walter Gerd (1925-)",Brief
DE-611-HS-3683619,"Brief von Annemarie Giese von Max-Planck-Institut für Physik. Direktion. Sekretariat an D. Wolff, 13.05.1958",1958-05-13,"Giese, Annemarie; Max-Planck-Institut für Physik. Direktion. Sekretariat","Wolff, D.","Heisenberg, Werner (1901-1976)",Brief
DE-611-HS-3683625,"Brief von D. Wolff an Werner Heisenberg, 04.05.1958",1958-05-04,"Wolff, D.","Heisenberg, Werner (1901-1976)",,Brief
DE-611-HS-3683651,"Brief von Werner Heisenberg an Christoph Wolff an Die Welt (Zeitung), 13.12.1967",1967-12-13,"Heisenberg, Werner (1901-1976)","Wolff, Christoph (1940-) [vermutlich]; Die Welt (Zeitung) (1946-)",,Brief
DE-611-HS-3683663,"Brief von S. Wolff an Werner Heisenberg, 19.11.1959",1959-11-19,"Wolff, S.","Heisenberg, Werner (1901-1976)",,Brief
DE-611-HS-3683666,"Brief von Werner Heisenberg an S. Wolff, 18.11.1959",1959-11-18,"Heisenberg, Werner (1901-1976)","Wolff, S.",,Brief
DE-611-HS-3683668,"Brief von S. Wolff an Werner Heisenberg, 17.11.1959",1959-11-17,"Wolff, S.","Heisenberg, Werner (1901-1976)",,Brief
DE-611-HS-3683669,"Brief von S. Wolff an Werner Heisenberg, 16.11.1959",1959-11-16,"Wolff, S.","Heisenberg, Werner (1901-1976)",,Brief
DE-611-HS-3683670,"Brief von Werner Heisenberg an Rudolf Wolters, 10.09.1963",1963-09-10,"Heisenberg, Werner (1901-1976)","Wolters, Rudolf (1903-1983)",,Brief
DE-611-HS-3683672,"Brief von Werner Heisenberg an Hans Lamm an Women's International Zionist Organisation, 28.08.1961",1961-08-28,"Heisenberg, Werner (1901-1976)","Lamm, Hans (1913-1985); Women's International Zionist Organisation",,Brief
DE-611-HS-3683675,"Brief von Hans Lamm und Irma Fränkel von Women's International Zionist Organisation an Werner Heisenberg, 1961",1961,"Lamm, Hans (1913-1985); Fränkel, Irma; Women's International Zionist Organisation","Heisenberg, Werner (1901-1976)",,Brief
DE-611-HS-3683682,Dr. Christoph Wolff (Incipit des Druckes),1967,,,,unknown
DE-611-BF-81119,"504. IV. Institutionen, 1. Korrespondenz: Won-Worb",1957,,,,unknown
DE-611-HS-3683834,"Brief von Sergej V. Vonsovskij und Unbekannt an Werner Heisenberg an Max-Planck-Institut für Physik, 19.12.1958",1958-12-19,"Vonsovskij, Sergej V.","Heisenberg, Werner (1901-1976); Max-Planck-Institut für Physik (1946-1958)","Kursanov, Georgij A. (1914-)",Brief
DE-611-HS-3683843,"Brief von Werner Heisenberg an Sergej V. Vonsovskij, 19.06.1958",1958-06-19,"Heisenberg, Werner (1901-1976)","Vonsovskij, Sergej V.","Kursanov, Georgij A. (1914-)",Brief
DE-611-HS-3683850,"Brief von Sergej V. Vonsovskij und Georgij A. Kursanov an Werner Heisenberg an Max-Planck-Institut für Physik, 02.06.1958",1958-06-02,"Vonsovskij, Sergej V.; Kursanov, Georgij A. (1914-)","Heisenberg, Werner (1901-1976); Max-Planck-Institut für Physik (1946-1958)",,Brief
DE-611-HS-3683863,"Brief von Werner Heisenberg an John K. Wood an Utah State University, 12.05.1958",1958-05-12,"Heisenberg, Werner (1901-1976)","Wood, John K.; Utah State University","Harris, Joseph D.",Brief
DE-611-HS-3683870,"Brief von John K. Wood von Utah State University an Werner Heisenberg an Max-Planck-Institut für Physik, 18.04.1958",1958-04-18,"Wood, John K.; Utah State University","Heisenberg, Werner (1901-1976); Max-Planck-Institut für Physik (1946-1958)","Harris, Joseph D.",Brief
DE-611-HS-3683884,"Brief von Werner Heisenberg an Mark Borisovič Mitin und M. E. Omeljanowskij an Voprosy Filosofii. Redaktion, 03.07.1967",1967-07-03,"Heisenberg, Werner (1901-1976)","Mitin, Mark Borisovič; Omeljanowskij, M. E.; Voprosy Filosofii. Redaktion",,Brief
DE-611-HS-3683961,"Brief von Mark Borisovič Mitin und M. E. Omeljanowskij von Voprosy Filosofii. Redaktion an Werner Heisenberg, 27.06.1967",1967-06-27,"Mitin, Mark Borisovič; Omeljanowskij, M. E.; Voprosy Filosofii. Redaktion","Heisenberg, Werner (1901-1976)",,Brief
DE-611-HS-3683967,"Brief von Werner Heisenberg an Erich Worbs, 04.06.1957",1957-06-04,"Heisenberg, Werner (1901-1976)","Worbs, Erich (1893-1975)","Dunnington, Guy Waldo",Brief
DE-611-HS-3683973,"Brief von Erich Worbs an Werner Heisenberg, 18.05.1957",1957-05-18,"Worbs, Erich (1893-1975)","Heisenberg, Werner (1901-1976)","Dunnington, Guy Waldo; Hofmann, Joseph Ehrenfried (1900-1973); Gauß, Carl Friedrich (1777-1855)",Brief
DE-611-BF-81120,"505. IV. Institutionen, 1. Korrespondenz: Worl-Wort",1950,,,,unknown
DE-611-HS-3683989,"Auszug aus: World Academy of Art and Science 1 : Introduction (Reprinted from ""Science and the Future of Mankind"") (Incipit des Druckes)",1961,,,,unknown
DE-611-HS-3683996,"Brief von Werner Heisenberg an World Association of World Federalists, 09.06.1967",1967-06-09,"Heisenberg, Werner (1901-1976)",World Association of World Federalists (1956-),,Brief
DE-611-HS-3684016,"Brief von Institute for Research in Biography (New York, NY) an Werner Heisenberg, 26.01.1948",1948-01-26,"Institute for Research in Biography (New York, NY)","Heisenberg, Werner (1901-1976)",,Brief
DE-611-HS-3684117,Aktenverweis (Einheitstitel von Bearbeiter/in),unknown,,,,unknown
DE-611-HS-3684118,"Brief von World Association of World Federalists an Werner Heisenberg, 1967 [ca.]",1967,World Association of World Federalists (1956-),"Heisenberg, Werner (1901-1976)",,Brief
DE-611-HS-3684119,Aktenverweis (Einheitstitel von Bearbeiter/in),unknown,,,,unknown
DE-611-HS-3684120,Aktenverweis (Einheitstitel von Bearbeiter/in),unknown,,,,unknown
DE-611-HS-3684121,Declaration of 13 World Citizens of world wide reputation (Incipit des Druckes),o.D.,,"Heisenberg, Werner (1901-1976) [vermutlich]",,unknown
DE-611-HS-3684122,Registre International des Citoyens du Monde - Centre International : Bulletin (Incipit des Druckes),1966,"Kastler, Alfred (1902-1984)","Heisenberg, Werner (1901-1976) [vermutlich]",,unknown
DE-611-HS-3684125,"Brief von World Constitution. Coordinating Commitee an Werner Heisenberg, 23.04.1962",1962-04-23,World Constitution. Coordinating Commitee,"Heisenberg, Werner (1901-1976)",,Brief
DE-611-HS-3684126,"Brief von Frédéric Joliot-Curie und Cecil Frank Powell von World Federation of Scientific Workers an Werner Heisenberg, 19.05.1957",1957-05-19,"Joliot-Curie, Frédéric (1900-1958); World Federation of Scientific Workers (1946-1994)","Heisenberg, Werner (1901-1976)",,Brief
DE-611-HS-3684128,"Brief von Werner Heisenberg an Bool Chand an Alliance Mondiale des Religions, 21.01.1965",1965-01-21,"Heisenberg, Werner (1901-1976)","Chand, Bool (-1989); Alliance Mondiale des Religions",,Brief
DE-611-HS-3684130,"Brief von Bool Chand von Alliance Mondiale des Religions an Werner Heisenberg, 11.01.1965",1965-01-11,"Chand, Bool (-1989); Alliance Mondiale des Religions","Heisenberg, Werner (1901-1976)",,Brief
DE-611-HS-3684131,Aktenverweis (Einheitstitel von Bearbeiter/in),unknown,,,,unknown
DE-611-HS-3684220,"Brief von Wiltrud Huber von Max-Planck-Institut für Physik. Direktion. Sekretariat an The World Publishing Company (Cleveland, Ohio), 20.10.1967",1967-10-20,"Huber, Wiltrud; Max-Planck-Institut für Physik. Direktion. Sekretariat","The World Publishing Company (Cleveland, Ohio)","Heisenberg, Werner (1901-1976)",Brief
DE-611-HS-3684226,"Brief von Max-Planck-Gesellschaft zur Förderung der Wissenschaften an Max-Planck-Institut für Physik. Direktion. Sekretariat, 02.10.1967",1967-10-02,Max-Planck-Gesellschaft zur Förderung der Wissenschaften (1948-),Max-Planck-Institut für Physik. Direktion. Sekretariat,"Heisenberg, Werner (1901-1976); Hahn, Otto (1879-1968)",Brief
DE-611-HS-3684238,"Brief von World Student Christian Federation an Werner Heisenberg, o.D. [Dienstag]",o.D. [Dienstag],World Student Christian Federation (1895-),"Heisenberg, Werner (1901-1976)","Weizsäcker, Carl Friedrich von (1912-2007)",Brief
DE-611-HS-3684248,"Brief von Ulrich Weizsäcker von Württembergischer Verein der Freunde des Humanistischen Gymnasiums an Werner Heisenberg, 1955 [Juni 1955]",1955,Württembergischer Verein der Freunde des Humanistischen Gymnasiums,"Heisenberg, Werner (1901-1976) [vermutlich]",,Brief
DE-611-HS-3684254,"Brief von Annemarie Giese von Max-Planck-Institut für Physik. Direktion. Sekretariat an Franz Wuesthoff, 11.12.1958",1958-12-11,"Giese, Annemarie; Max-Planck-Institut für Physik. Direktion. Sekretariat","Wuesthoff, Franz","Heisenberg, Werner (1901-1976)",Brief
DE-611-HS-3684259,"Brief von Franz Wuesthoff von Forschungsgesellschaft für Friedenswissenschaft an Werner Heisenberg, 06.12.1958",1958-12-06,"Wuesthoff, Franz; Forschungsgesellschaft für Friedenswissenschaft (1958-)","Heisenberg, Werner (1901-1976) [vermutlich]","Adenauer, Konrad (1876-1967); Wuesthoff, Freda (1896-1956)",Brief
DE-611-HS-3684303,"Brief von Jose Guy Merveille von Congress of World Unity (1975) an Werner Heisenberg, 06.01.1975",1975-01-06,"Merveille, Jose Guy; Congress of World Unity (1975) (1975-1975)","Heisenberg, Werner (1901-1976) [vermutlich]",,Brief
DE-611-HS-3684310,"Brief von E. Bruce Kirk von Congress of World Unity (1975) an Werner Heisenberg, 28.12.1974",1974-12-28,"Kirk, E. Bruce; Congress of World Unity (1975) (1975-1975)","Heisenberg, Werner (1901-1976) [vermutlich]",,Brief
DE-611-HS-3684321,"Brief von Jose Guy Merveille von Congress of World Unity (1975) an Werner Heisenberg, 27.12.1974",1974-12-27,"Merveille, Jose Guy; Congress of World Unity (1975) (1975-1975)","Heisenberg, Werner (1901-1976) [vermutlich]","Winter, Ernst F. (1923-2014); Kirk, E. Bruce; Sabatino, A. William",Brief
DE-611-HS-3684333,"Brief von Werner Heisenberg an A. William Sabatino an Congress of World Unity, 04.03.1974",1974-03-04,"Heisenberg, Werner (1901-1976)","Sabatino, A. William; Congress of World Unity (1976-1976)",,Brief
DE-611-HS-3684340,"Brief von A. William Sabatino von Congress of World Unity an Werner Heisenberg, 20.02.1974",1974-02-20,"Sabatino, A. William; Congress of World Unity (1976-1976)","Heisenberg, Werner (1901-1976)",,Brief
DE-611-HS-3684444,"Brief von A. William Sabatino von Congress of World Unity an Werner Heisenberg, 11.02.1974",1974-02-11,"Sabatino, A. William; Congress of World Unity (1976-1976)","Heisenberg, Werner (1901-1976)",,Brief
DE-611-HS-3684445,"Brief von A. William Sabatino von Congress of World Unity an Werner Heisenberg, 25.09.1973",1973-09-25,"Sabatino, A. William; Congress of World Unity (1976-1976)","Heisenberg, Werner (1901-1976)","Merveille, Jose Guy",Brief
DE-611-HS-3684447,"Brief von Helmut Kuhn von World University Service (Komitee München) an Werner Heisenberg, 03.07.1965",1965-07-03,"Kuhn, Helmut (1899-1991); World University Service (Komitee München)","Heisenberg, Werner (1901-1976) [vermutlich]",,Brief
DE-611-HS-3684449,"Brief von Werner Heisenberg von Max-Planck-Institut für Physik und Astrophysik an World Youth Forum (3.), 12.05.1961",1961-05-12,"Heisenberg, Werner (1901-1976); Max-Planck-Institut für Physik und Astrophysik (1958-1991)",World Youth Forum (3.) (1961-1961),,Brief
DE-611-HS-3684451,"Brief von World Youth Forum (3.) an Werner Heisenberg an Max-Planck-Institut für Physik und Astrophysik, 08.05.1961",1961-05-08,World Youth Forum (3.) (1961-1961),"Heisenberg, Werner (1901-1976) [vermutlich]; Max-Planck-Institut für Physik und Astrophysik (1958-1991)",,Brief
DE-611-HS-3684452,Zahlkarte (Incipit der Unterlage),o.D.,"Heisenberg, Werner (1901-1976); Max-Planck-Institut für Physik und Astrophysik (1958-1991)",,,unknown
DE-611-HS-3684653,"Brief von I. C. Worsfold von Großbritannien. Foreign Office (German General Economic Department) an Werner Heisenberg, 29.11.1950",1950-11-29,"Worsfold, I. C.; Großbritannien. Foreign Office (German General Economic Department)","Heisenberg, Werner (1901-1976) [vermutlich]","Hahn, Otto (1879-1968); Weizsäcker, Carl Friedrich von (1912-2007); Raiser, Ludwig (1904-1980)",Brief
DE-611-HS-3684659,"Brief von Werner Heisenberg an I. C. Worsfold an Großbritannien. Foreign Office (German General Economic Department), 20.11.1950",1950-11-20,"Heisenberg, Werner (1901-1976)","Worsfold, I. C.; Großbritannien. Foreign Office (German General Economic Department)","Hahn, Otto (1879-1968); Weizsäcker, Carl Friedrich von (1912-2007); Raiser, Ludwig (1904-1980)",Brief
DE-611-HS-3684665,"Brief von Werner Heisenberg an I. C. Worsfold an Großbritannien. Foreign Office (German General Economic Department), 25.08.1948",1948-08-25,"Heisenberg, Werner (1901-1976)","Worsfold, I. C.; Großbritannien. Foreign Office (German General Economic Department)","Buchheit, Herbert [vermutlich]; Heisenberg, Erwin (1900-1965)",Brief
DE-611-HS-3684667,"Brief von I. C. Worsfold von Großbritannien. Foreign Office (German General Economic Department) an Werner Heisenberg, 12.08.1948",1948-08-12,"Worsfold, I. C.; Großbritannien. Foreign Office (German General Economic Department)","Heisenberg, Werner (1901-1976) [vermutlich]","Buchheit, Herbert; Heisenberg, Erwin (1900-1965)",Brief
DE-611-HS-3684672,"Brief von I. C. Worsfold von Großbritannien. Foreign Office (German General Economic Department) an Werner Heisenberg, 07.01.1948",1948-01-07,"Worsfold, I. C.; Großbritannien. Foreign Office (German General Economic Department)","Heisenberg, Werner (1901-1976) [vermutlich]","Cockcroft, John (1897-1967); Bragg, William Lawrence (1890-1971)",Brief
DE-611-HS-3684680,"Brief von Werner Heisenberg an I. C. Worsfold an Großbritannien. Foreign Office (German General Economic Department), 20.12.1947",1947-12-20,"Heisenberg, Werner (1901-1976)","Worsfold, I. C.; Großbritannien. Foreign Office (German General Economic Department)","Buchheit, Herbert [vermutlich]; Heisenberg, Erwin (1900-1965)",Brief
DE-611-HS-3684781,"Brief von I. C. Worsfold von Großbritannien. Foreign Office (German General Economic Department) an Werner Heisenberg, 11.12.1947",1947-12-11,"Worsfold, I. C.; Großbritannien. Foreign Office (German General Economic Department)","Heisenberg, Werner (1901-1976) [vermutlich]","Cockcroft, John (1897-1967); Wirtz, Karl (1910-1994); Harteck, Paul",Brief
DE-611-HS-3684785,"Brief von Eberhard Wortmann an Werner Heisenberg, 07.04.1959",1959-04-07,"Wortmann, Eberhard","Heisenberg, Werner (1901-1976) [vermutlich]",,Brief
DE-611-HS-3684786,"Brief von Werner Heisenberg an Otto Schulmeister an Redaktion Wort und Wahrheit (Wien), 19.07.1963",1963-07-19,"Heisenberg, Werner (1901-1976)","Schulmeister, Otto (1916-); Redaktion Wort und Wahrheit (Wien)",,Brief
DE-611-HS-3684787,"Brief von Otto Schulmeister von Redaktion Wort und Wahrheit (Wien) an Werner Heisenberg, 10.07.1963",1963-07-10,"Schulmeister, Otto (1916-); Redaktion Wort und Wahrheit (Wien)","Heisenberg, Werner (1901-1976)",,Brief
DE-611-BF-81121,"506. IV. Institutionen, 1. Korrespondenz: Wre-Wy",1955,,,,unknown
DE-611-HS-3684812,"Brief von Marie Elisabeth Wrede von Hotel Garni ""Das blaue Haus"" (München) an Werner Heisenberg, 17.10.1962",1962-10-17,"Wrede, Marie Elisabeth","Heisenberg, Werner (1901-1976)",,Brief
DE-611-HS-3684813,Aktennotiz (Einheitstitel von Bearbeiter/in),unknown,,,,unknown
DE-611-HS-3684832,"Brief von Werner Heisenberg an Harold Douglas Wright an Pennsylvania State University . College of Mineral Industries (University Park, Pa.), 01.04.1959",1959-04-01,"Heisenberg, Werner (1901-1976)","Wright, Harold Douglas (1921-1969); Pennsylvania State University (University Park, Pa.). College of Mineral Industries","Hahn, Otto (1879-1968); Mattauch, Josef (1895-1976)",Brief
DE-611-HS-3684834,"Brief von Harold Douglas Wright von Pennsylvania State University . College of Mineral Industries (University Park, Pa.) an Werner Heisenberg an Max-Planck-Institut für Physik und Astrophysik, 20.03.1959",1959-03-20,"Wright, Harold Douglas (1921-1969); Pennsylvania State University (University Park, Pa.). College of Mineral Industries","Heisenberg, Werner (1901-1976); Max-Planck-Institut für Physik und Astrophysik (1958-1991)","Hahn, Otto (1879-1968)",Brief
DE-611-HS-3684837,"Brief von Vladimir Velmar-Janković an Werner Heisenberg an Max-Planck-Institut für Physik und Astrophysik, 16.02.1965",1965-02-16,"Velmar-Janković, Vladimir (1889-1976)","Heisenberg, Werner (1901-1976); Max-Planck-Institut für Physik und Astrophysik (1958-1991)",,Brief
DE-611-HS-3684840,"Brief von Karl Wührer an Werner Heisenberg, 09.05.1959",1959-05-09,"Wührer, Karl (1903-1973)","Heisenberg, Werner (1901-1976)",,Brief
DE-611-HS-3684841,"Brief von Werner Heisenberg von Max-Planck-Institut für Physik und Astrophysik an Karl Wührer, 28.04.1959",1959-04-28,"Heisenberg, Werner (1901-1976); Max-Planck-Institut für Physik und Astrophysik (1958-1991)","Wührer, Karl (1903-1973)",,Brief
DE-611-HS-3684844,"Brief von Unbekannt an Werner Heisenberg, 17.04.1959",1959-04-17,Unbekannt,"Heisenberg, Werner (1901-1976)",,Brief
DE-611-HS-3685027,"Brief von Adolf Butenandt an Erich Wünsch an Max-Planck-Institut für Eiweiß- und Lederforschung, 02.04.1970",1970-04-02,"Butenandt, Adolf (1903-1995)","Wünsch, Erich (1923-2013); Max-Planck-Institut für Eiweiß- und Lederforschung","Heisenberg, Werner (1901-1976)",Brief
DE-611-HS-3685054,Aktennotiz (Einheitstitel von Bearbeiter/in),unknown,,,,unknown
DE-611-HS-3685083,"Brief von Erich Wünsch von Max-Planck-Institut für Eiweiß- und Lederforschung an Werner Heisenberg, 03.02.1970",1970-02-03,"Wünsch, Erich (1923-2013); Max-Planck-Institut für Eiweiß- und Lederforschung","Heisenberg, Werner (1901-1976)","Grassmann, Wolfgang (1898-1978); Schwyzer, R.",Brief
DE-611-HS-3685092,"Brief von Ludwig-Maximilians-Universität München. Allgemeine Studentenvertretung an Werner Heisenberg, 25.11.1964",1964-11-25,Ludwig-Maximilians-Universität München. Allgemeine Studentenvertretung,"Heisenberg, Werner (1901-1976)",,Brief
DE-611-HS-3685094,"Brief von Werner Heisenberg an Ludwig-Maximilians-Universität München. Allgemeine Studentenvertretung, 17.11.1964",1964-11-17,"Heisenberg, Werner (1901-1976)",Ludwig-Maximilians-Universität München. Allgemeine Studentenvertretung,,Brief
DE-611-HS-3685109,"Brief von Helmuth F. Wüst an Werner Heisenberg an Alpensanatorium (Wiessee), 29.07.1975",1975-07-29,"Wüst, Helmuth F.","Heisenberg, Werner (1901-1976); Alpensanatorium (Wiessee)",,Brief
DE-611-HS-3685114,"Brief von Rudolf Wienecke und Ernst-Joachim Meusel von Max-Planck-Institut für Plasmaphysik (Garching b. München) an Werner Heisenberg an Max-Planck-Institut für Physik und Astrophysik, 15.05.1975",1975-05-15,"Wienecke, Rudolf; Meusel, Ernst-Joachim (1932-2006); Max-Planck-Institut für Plasmaphysik (Garching b. München) (1971-)","Heisenberg, Werner (1901-1976); Max-Planck-Institut für Physik und Astrophysik (1958-1991)",,Brief
DE-611-HS-3685119,"Brief von Annemarie Giese von Max-Planck-Institut für Physik. Direktion. Sekretariat an Rudolf Wienecke an Max-Planck-Institut für Plasmaphysik (Garching b. München), 06.06.1975",1975-06-06,"Giese, Annemarie; Max-Planck-Institut für Physik. Direktion. Sekretariat","Wienecke, Rudolf; Max-Planck-Institut für Plasmaphysik (Garching b. München) (1971-)","Heisenberg, Werner (1901-1976); Wüst, Helmuth F.",Brief
DE-611-HS-3685128,"Brief von Annemarie Giese von Max-Planck-Institut für Physik. Direktion. Sekretariat an A. Wüstefeld, 01.07.1958",1958-07-01,"Giese, Annemarie; Max-Planck-Institut für Physik. Direktion. Sekretariat","Wüstefeld, A.","Heisenberg, Werner (1901-1976)",Brief
DE-611-HS-3685387,"Brief von A. Wüstefeld an Werner Heisenberg, 10.06.1958",1958-06-10,"Wüstefeld, A.","Heisenberg, Werner (1901-1976)",,Brief
DE-611-HS-3685395,"Brief von Werner Heisenberg an Franz Wuesthoff, 30.10.1973",1973-10-30,"Heisenberg, Werner (1901-1976)","Wuesthoff, Franz",,Brief
DE-611-HS-3685398,"Brief von Franz Wuesthoff an Werner Heisenberg, 29.10.1973",1973-10-29,"Wuesthoff, Franz","Heisenberg, Werner (1901-1976)",,Brief
DE-611-HS-3685401,"Brief von Werner Heisenberg an Franz Wuesthoff, 31.07.1973",1973-07-31,"Heisenberg, Werner (1901-1976)","Wuesthoff, Franz",,Brief
DE-611-HS-3685402,"Brief von Franz Wuesthoff an Werner Heisenberg, 18.07.1973",1973-07-18,"Wuesthoff, Franz","Heisenberg, Werner (1901-1976)","Hettlage, Benno (1906-1986); Weizsäcker, Carl Friedrich von (1912-2007)",Brief
DE-611-HS-3685405,"Brief von Werner Heisenberg an Franz Wuesthoff, 12.07.1960",1960-07-12,"Heisenberg, Werner (1901-1976)","Wuesthoff, Franz","Wuesthoff, Freda (1896-1956)",Brief
DE-611-HS-3685432,"Brief von Franz Wuesthoff an Werner Heisenberg, 02.07.1960",1960-07-02,"Wuesthoff, Franz","Heisenberg, Werner (1901-1976)","Noel-Baker, Philip John",Brief
DE-611-HS-3685435,"Brief von Franz Wuesthoff von Forschungsgesellschaft für Friedenswissenschaft an Werner Heisenberg, 25.02.1959",1959-02-25,"Wuesthoff, Franz; Forschungsgesellschaft für Friedenswissenschaft (1958-)","Heisenberg, Werner (1901-1976)",,Brief
DE-611-HS-3685438,"Brief von Annemarie Giese von Max-Planck-Institut für Physik. Direktion. Sekretariat an Franz Wuesthoff, 13.05.1958",1958-05-13,"Giese, Annemarie; Max-Planck-Institut für Physik. Direktion. Sekretariat","Wuesthoff, Franz","Heisenberg, Werner (1901-1976)",Brief
DE-611-HS-3685443,"Brief von Franz Wuesthoff an Werner Heisenberg, 24.04.1958",1958-04-24,"Wuesthoff, Franz","Heisenberg, Werner (1901-1976)","Wuesthoff, Freda (1896-1956)",Brief
DE-611-HS-3685454,"Brief von Franz Wutz an Werner Heisenberg, 29.11.1961",1961-11-29,"Wutz, Franz","Heisenberg, Werner (1901-1976)",,Brief
DE-611-HS-3685459,"Brief von Wiltrud Huber von Max-Planck-Institut für Physik. Direktion. Sekretariat an Alfred Wurm an Alfred-Wurm-Verlag (Fachverlag für die Öffentlichkeit), 21.07.1967",1967-07-21,"Huber, Wiltrud; Max-Planck-Institut für Physik. Direktion. Sekretariat","Wurm, Alfred (1926-1983); Alfred-Wurm-Verlag (Fachverlag für die Öffentlichkeit)","Heisenberg, Werner (1901-1976)",Brief
DE-611-HS-3685463,"Brief von Alfred Wurm von Alfred-Wurm-Verlag (Fachverlag für die Öffentlichkeit) an Werner Heisenberg, 13.07.1967",1967-07-13,"Wurm, Alfred (1926-1983); Alfred-Wurm-Verlag (Fachverlag für die Öffentlichkeit)","Heisenberg, Werner (1901-1976)",,Brief
DE-611-HS-3685992,"Brief von Carl Wurster an Werner Heisenberg, 14.03.1972",1972-03-14,"Wurster, Carl (1900-1974)","Heisenberg, Werner (1901-1976)",,Brief
DE-611-HS-3686003,"Brief von Annemarie Giese an Irene Wu-Weitemeyer, 18.05.1957",1957-05-18,"Giese, Annemarie","Wu-Weitemeyer, Irene","Heisenberg, Werner (1901-1976)",Brief
DE-611-HS-3686006,"Brief von Werner Heisenberg an Wolfgang E. Burhenne an Interparlamentarische Arbeitsgemeinschaft, 24.01.1973",1973-01-24,"Heisenberg, Werner (1901-1976)","Burhenne, Wolfgang E. (1924-2017); Interparlamentarische Arbeitsgemeinschaft (1955-2014)",,Brief
DE-611-HS-3686010,"Brief von Wolfgang E. Burhenne von Interparlamentarische Arbeitsgemeinschaft an Werner Heisenberg, 14.01.1973",1973-01-14,"Burhenne, Wolfgang E. (1924-2017); Interparlamentarische Arbeitsgemeinschaft (1955-2014)","Heisenberg, Werner (1901-1976)",,Brief
DE-611-HS-3686021,"Brief von Werner Heisenberg an Robert C. Wyckoff an Germany. Scientifique and Technical Unit United States Naval Forces, 24.04.1957",1957-04-24,"Heisenberg, Werner (1901-1976)","Wyckoff, Robert C.; United States Naval Forces, Germany. Scientifique and Technical Unit",,Brief
DE-611-HS-3686029,"Brief von Robert C. Wyckoff von Germany. Scientifique and Technical Unit United States Naval Forces an Werner Heisenberg, 20.04.1957",1957-04-20,"Wyckoff, Robert C.; United States Naval Forces, Germany. Scientifique and Technical Unit","Heisenberg, Werner (1901-1976)",,Brief
DE-611-HS-3686049,"Brief von Albert Wyler von Universität Zürich. Mathematisches Institut an Werner Heisenberg, 08.03.1971",1971-03-08,"Wyler, Albert; Universität Zürich. Mathematisches Institut","Heisenberg, Werner (1901-1976)","Waerden, Bartel L. van der (1903-1996)",Brief
DE-611-HS-3686052,"Brief von Werner Heisenberg an Berthold Wyler, 28.02.1955",1955-02-28,"Heisenberg, Werner (1901-1976)","Wyler, Berthold (1913-)",,Brief
DE-611-HS-3686054,"Brief von Berthold Wyler an Werner Heisenberg, 18.02.1955",1955-02-18,"Wyler, Berthold (1913-)","Heisenberg, Werner (1901-1976)",,Brief
DE-611-HS-3686101,"Brief von Egil A. Wyller an Werner Heisenberg, 31.08.1972",1972-08-31,"Wyller, Egil A. (1925-2021)","Heisenberg, Werner (1901-1976)","Tau, Max (1897-1976) [vermutlich]",Brief
DE-611-HS-3686105,"Brief von Egil A. Wyller an Werner Heisenberg, 27.08.1972",1972-08-27,"Wyller, Egil A. (1925-2021)","Heisenberg, Werner (1901-1976)",,Brief
DE-611-HS-3686108,"Brief von Egil A. Wyller an Werner Heisenberg, o.D.",o.D.,"Wyller, Egil A. (1925-2021)","Heisenberg, Werner (1901-1976)",,Brief
DE-611-HS-3686112,"Brief von Egil A. Wyller von Universitetet i Oslo an Werner Heisenberg, 26.08.1971",1971-08-26,"Wyller, Egil A. (1925-2021); Universitetet i Oslo (1939-)","Heisenberg, Werner (1901-1976)",,Brief
DE-611-HS-3686113,"Brief von Annemarie Giese von Max-Planck-Institut für Physik. Direktion. Sekretariat an Egil A. Wyller an Universitetet i Oslo, 24.05.1971",1971-05-24,"Giese, Annemarie; Max-Planck-Institut für Physik. Direktion. Sekretariat","Wyller, Egil A. (1925-2021); Universitetet i Oslo (1939-)","Heisenberg, Werner (1901-1976)",Brief
DE-611-HS-3686114,"Brief von Egil A. Wyller an Werner Heisenberg, 21.05.1971",1971-05-21,"Wyller, Egil A. (1925-2021)","Heisenberg, Werner (1901-1976)",,Brief
DE-611-HS-3686115,"Brief von Egil A. Wyller von Universitetet i Oslo an Werner Heisenberg, 30.04.1971",1971-04-30,"Wyller, Egil A. (1925-2021); Universitetet i Oslo (1939-)","Heisenberg, Werner (1901-1976)","Tau, Max (1897-1976)",Brief
DE-611-HS-3686154,"Brief von Werner Heisenberg an Egil A. Wyller an Universitetet i Oslo, 22.04.1971",1971-04-22,"Heisenberg, Werner (1901-1976)","Wyller, Egil A. (1925-2021); Universitetet i Oslo (1939-)",,Brief
DE-611-HS-3686159,"Brief von Egil A. Wyller von Universitetet i Oslo an Werner Heisenberg, 17.04.1971",1971-04-17,"Wyller, Egil A. (1925-2021); Universitetet i Oslo (1939-)","Heisenberg, Werner (1901-1976)","Weizsäcker, Carl Friedrich von (1912-2007)",Brief
DE-611-HS-3686160,"Brief von Egil A. Wyller von Universitetet i Oslo an Werner Heisenberg, 05.04.1970",1970-04-05,"Wyller, Egil A. (1925-2021); Universitetet i Oslo (1939-)","Heisenberg, Werner (1901-1976)",Plato,Brief
DE-611-HS-3686161,"Brief von Werner Heisenberg an Egil A. Wyller an Universitetet i Oslo, 16.03.1970",1970-03-16,"Heisenberg, Werner (1901-1976)","Wyller, Egil A. (1925-2021); Universitetet i Oslo (1939-)",Plato,Brief
DE-611-HS-3686162,"Brief von Werner Heisenberg an Egil A. Wyller an Universitetet i Oslo, 18.01.1962",1962-01-18,"Heisenberg, Werner (1901-1976)","Wyller, Egil A. (1925-2021); Universitetet i Oslo (1939-)",Plato,Brief
DE-611-HS-3686163,"Brief von Egil A. Wyller an Werner Heisenberg, 06.12.1961",1961-12-06,"Wyller, Egil A. (1925-2021)","Heisenberg, Werner (1901-1976)","Plato; Heidegger, Martin (1889-1976)",Brief
DE-611-BF-79991,"507. IV. Institutionen, 1. Korrespondenz: Walcher, W.",1957,,,,unknown
DE-611-HS-3637994,Heisenbergdokumentation Alphabetisch (Incipit der Unterlage),unknown,,,,unknown
DE-611-HS-3638016,"Brief von Wilhelm Walcher an Werner Heisenberg, 17.03.1966",1966-03-17,"Walcher, Wilhelm (1910-2005)","Heisenberg, Werner (1901-1976)",,Brief
DE-611-HS-3638028,"Brief von Werner Heisenberg an Wilhelm Walcher an Philipps-Universität Marburg. Physikalisches Institut, 20.04.1966",1966-04-20,"Heisenberg, Werner (1901-1976)","Walcher, Wilhelm (1910-2005); Philipps-Universität Marburg. Physikalisches Institut",,Brief
DE-611-HS-3638041,Memorandum betreffend die Beschaffung eines Niederenergie-Beschleunigers für die Münchner Hochschulen (Incipit der Unterlage),1966,"Walcher, Wilhelm (1910-2005)",,,unknown
DE-611-HS-3638049,"Brief von Wilhelm Walcher an Werner Heisenberg, 04.06.1965",1965-06-04,"Walcher, Wilhelm (1910-2005)","Heisenberg, Werner (1901-1976)","Meyers, Franz (1908-2002)",Brief
DE-611-HS-3638056,"Brief von Wilhelm Walcher an Werner Heisenberg, 12.02.1964",1964-02-12,"Walcher, Wilhelm (1910-2005)","Heisenberg, Werner (1901-1976)","Faissner, Helmut (1928-2007); Neuert, Hugo (1912-1989)",Brief
DE-611-HS-3638073,"Brief von Werner Heisenberg an Wilhelm Walcher an Philipps-Universität Marburg. Physikalisches Institut, 20.12.1963",1963-12-20,"Heisenberg, Werner (1901-1976)","Walcher, Wilhelm (1910-2005); Philipps-Universität Marburg. Physikalisches Institut","Lauterjung, Karl Heinz (1914-2000); Faissner, Helmut (1928-2007); Krüger, Hubert (1914-2002)",Brief
DE-611-HS-3638090,"Brief von Wilhelm Walcher an Werner Heisenberg, 19.12.1963",1963-12-19,"Walcher, Wilhelm (1910-2005)","Heisenberg, Werner (1901-1976)","Lauterjung, Karl Heinz (1914-2000); Neuert, Hugo (1912-1989); Krüger, Hubert (1914-2002)",Brief
DE-611-HS-3638104,"Brief von Werner Heisenberg an Wilhelm Walcher an Philipps-Universität Marburg. Physikalisches Institut, 21.10.1963",1963-10-21,"Heisenberg, Werner (1901-1976)","Walcher, Wilhelm (1910-2005); Philipps-Universität Marburg. Physikalisches Institut","Prakash, Satya",Brief
DE-611-HS-3638116,"Brief von Wilhelm Walcher an Werner Heisenberg, 17.10.1963",1963-10-17,"Walcher, Wilhelm (1910-2005)","Heisenberg, Werner (1901-1976)","Prakash, Satya",Brief
DE-611-HS-3638124,"Brief von Wilhelm Walcher an Werner Heisenberg, 11.06.1957",1957-06-11,"Walcher, Wilhelm (1910-2005)","Heisenberg, Werner (1901-1976)",,Brief
DE-611-BF-79993,"508. IV. Institutionen, 1. Korrespondenz: Weltförderalisten e. V.",1962,,,,unknown
DE-611-HS-3638177,"Der Weltföderalist : Organ der ""Weltföderalisten e. V."" ; Zeitschrift für die Einigung der Welt und der Sicherung des Weltfriedens durch ein Weltrecht (Drucktitel)",1966,,,,unknown
DE-611-HS-3638194,"Brief von Werner Heisenberg an Oscar Jedzini an Weltföderalisten Deutschlands e.V., 07.12.1965",1965-12-07,"Heisenberg, Werner (1901-1976)","Jedzini, Oscar; Weltföderalisten Deutschlands e.V. (1949-)",,Brief
DE-611-HS-3638209,"Brief von Oscar Jedzini von Weltföderalisten Deutschlands e.V. an Werner Heisenberg, 07.12.1965",1965-12-07,"Jedzini, Oscar; Weltföderalisten Deutschlands e.V. (1949-)","Heisenberg, Werner (1901-1976)","Hahn, Otto (1879-1968); Sureth, Fritz (1897-1978)",Brief
DE-611-HS-3638212,"Der Weltföderalist : Organ der ""Weltföderalisten e. V."" ; Zeitschrift für die Einigung der Welt und der Sicherung des Weltfriedens durch ein Weltrecht (Drucktitel)",1965,,,,unknown
DE-611-HS-3638216,"Brief von Wilhelm Gontrum von Weltföderalisten Deutschlands e.V. an Werner Heisenberg, 23.03.1965",1965-03-23,"Gontrum, Wilhelm (1910-1969); Weltföderalisten Deutschlands e.V. (1949-)","Heisenberg, Werner (1901-1976)",,Brief
DE-611-HS-3638219,"Brief von Werner Heisenberg an Wilhelm Gontrum an Weltföderalisten Deutschlands e.V., 02.03.1965",1965-03-02,"Heisenberg, Werner (1901-1976)","Gontrum, Wilhelm (1910-1969); Weltföderalisten Deutschlands e.V. (1949-)",,Brief
DE-611-HS-3638222,"Brief von Wilhelm Gontrum von Weltföderalisten Deutschlands e.V. an Werner Heisenberg, 16.02.1965",1965-02-16,"Gontrum, Wilhelm (1910-1969); Weltföderalisten Deutschlands e.V. (1949-)","Heisenberg, Werner (1901-1976)",,Brief
DE-611-HS-3638228,"Der Weltföderalist : Organ der ""Weltföderalisten e. V."" ; Zeitschrift für die Einigung der Welt und der Sicherung des Weltfriedens durch ein Weltrecht (Drucktitel)",1662,,,,unknown
DE-611-HS-3638232,"Brief von Werner Heisenberg an Oscar Jedzini an Weltföderalisten Deutschlands e.V., 25.05.1962",1962-05-25,"Heisenberg, Werner (1901-1976)","Jedzini, Oscar; Weltföderalisten Deutschlands e.V. (1949-)",,Brief
DE-611-HS-3638236,"Brief von Oscar Jedzini von Weltföderalisten Deutschlands e.V. an Werner Heisenberg, 24.05.1962",1962-05-24,"Jedzini, Oscar; Weltföderalisten Deutschlands e.V. (1949-)","Heisenberg, Werner (1901-1976)",,Brief
DE-611-HS-3638246,"Der Weltföderalist : Organ der ""Weltföderalisten e. V."" ; Zeitschrift für die Einigung der Welt und der Sicherung des Weltfriedens durch ein Weltrecht (Drucktitel)",1662,,,,unknown
DE-611-BF-79994,"509. IV. Institutionen, 1. Korrespondenz: Wendel, Karl",1957,,,,unknown
DE-611-HS-3638409,"Brief von Karl Wendel an Werner Heisenberg, 02.06.1972",1972-06-02,"Wendel, Karl","Heisenberg, Werner (1901-1976)",,Brief
DE-611-HS-3638493,"Brief von Karl Wendel an Werner Heisenberg, 18.05.1972",1972-05-18,"Wendel, Karl","Heisenberg, Werner (1901-1976)","Eicke, Franz",Brief
DE-611-HS-3638496,"Brief von Annemarie Giese von Max-Planck-Institut für Physik. Direktion. Sekretariat an Karl Wendel, 10.08.1972",1972-08-10,"Giese, Annemarie; Max-Planck-Institut für Physik. Direktion. Sekretariat","Wendel, Karl","Heisenberg, Werner (1901-1976)",Brief
DE-611-HS-3638497,"Brief von Karl Wendel an Werner Heisenberg, 06.08.1972",1972-08-06,"Wendel, Karl","Heisenberg, Werner (1901-1976)",,Brief
DE-611-HS-3638499,"Brief von Werner Heisenberg an Karl Wendel, 12.06.1972",1972-06-12,"Heisenberg, Werner (1901-1976)","Wendel, Karl",,Brief
DE-611-HS-3638504,"Brief von Karl Wendel an Werner Heisenberg, 01.03.1972",1972-03-01,"Wendel, Karl","Heisenberg, Werner (1901-1976)","Doucet, Friedrich W.",Brief
DE-611-HS-3638505,"Brief von Karl Wendel an Werner Heisenberg, 16.02.1972",1972-02-16,"Wendel, Karl","Heisenberg, Werner (1901-1976)",,Brief
DE-611-HS-3638508,"Brief von Annemarie Giese von Max-Planck-Institut für Physik. Direktion. Sekretariat an Karl Wendel, 11.02.1972",1972-02-11,"Giese, Annemarie; Max-Planck-Institut für Physik. Direktion. Sekretariat","Wendel, Karl","Heisenberg, Werner (1901-1976)",Brief
DE-611-HS-3638511,"Brief von Karl Wendel an Werner Heisenberg, 07.02.1972",1972-02-07,"Wendel, Karl","Heisenberg, Werner (1901-1976)",,Brief
DE-611-HS-3638518,"Brief von Karl Wendel an Werner Heisenberg, 03.02.1970",1970-02-03,"Wendel, Karl","Heisenberg, Werner (1901-1976)","Eicke, Franz",Brief
DE-611-HS-3638527,"Brief von Karl Wendel an Werner Heisenberg, 13.01.1970",1970-01-13,"Wendel, Karl","Heisenberg, Werner (1901-1976)","Pauli, Wolfgang (1900-1958); Eicke, Franz",Brief
DE-611-HS-3638537,"Brief von Karl Wendel an Werner Heisenberg, 04.10.1969",1969-10-04,"Wendel, Karl","Heisenberg, Werner (1901-1976)","Pauli, Wolfgang (1900-1958); Rosenberg, Alfred (1893-1946); Eicke, Franz",Brief
DE-611-HS-3638555,"Brief von Karl Wendel an Werner Heisenberg, 02.12.1938",1938-12-02,"Wendel, Karl","Heisenberg, Werner (1901-1976)","Eicke, Franz",Brief
DE-611-HS-3638563,"Brief von Karl Wendel an Werner Heisenberg, 1947",1947,"Wendel, Karl","Heisenberg, Werner (1901-1976)","Eicke, Franz",Brief
DE-611-HS-3638567,"Brief von Karl Wendel an Werner Heisenberg, 08.07.1969",1969-07-08,"Wendel, Karl","Heisenberg, Werner (1901-1976)","Eicke, Franz",Brief
DE-611-HS-3638580,"Brief von Werner Heisenberg an Karl Wendel, 27.06.1969",1969-06-27,"Heisenberg, Werner (1901-1976)","Wendel, Karl","Eicke, Franz",Brief
DE-611-HS-3638639,"Brief von Karl Wendel an Werner Heisenberg, 25.06.1969",1969-06-25,"Wendel, Karl","Heisenberg, Werner (1901-1976)","Riemeck, Renate (1920-2003); Eicke, Franz",Brief
DE-611-HS-3638645,"Brief von Karl Wendel an Werner Heisenberg, 03.02.1961",1961-02-03,"Wendel, Karl","Heisenberg, Werner (1901-1976)","Schrödinger, Erwin (1887-1961); Eicke, Franz",Brief
DE-611-HS-3638648,"Brief von Werner Heisenberg an Karl Wendel, 07.06.1957",1957-06-07,"Heisenberg, Werner (1901-1976)","Wendel, Karl","Weizsäcker, Carl Friedrich von (1912-2007)",Brief
DE-611-HS-3638679,"Brief von Karl Wendel an Werner Heisenberg, 05.06.1957",1957-06-05,"Wendel, Karl","Heisenberg, Werner (1901-1976)",,Brief
DE-611-HS-3638688,"Brief von Karl Wendel an Werner Heisenberg, 13.05.1957",1957-05-13,"Wendel, Karl","Heisenberg, Werner (1901-1976)","Eicke, Franz",Brief
DE-611-HS-3638690,"Brief von Werner Heisenberg an Karl Wendel, 09.05.1957",1957-05-09,"Heisenberg, Werner (1901-1976)","Wendel, Karl",,Brief
DE-611-HS-3638694,"Brief von Karl Wendel an Werner Heisenberg, 07.05.1957",1957-05-07,"Wendel, Karl","Heisenberg, Werner (1901-1976)",,Brief
DE-611-HS-3638702,"Brief von Karl Wendel an Werner Heisenberg, 06.05.1957",1957-05-06,"Wendel, Karl","Heisenberg, Werner (1901-1976)","Rosenberg, Alfred (1893-1946); Eicke, Franz",Brief
DE-611-BF-79995,"510. IV. Institutionen, 1. Korrespondenz: Wenzel, Anneliese",unknown,,,,unknown
DE-611-HS-3638767,"Brief von Anneliese Wenzel an Werner Heisenberg, 23.06.1971",1971-06-23,"Wenzel, Anneliese","Heisenberg, Werner (1901-1976)",,Brief
DE-611-HS-3638839,"Brief von Werner Heisenberg an Anneliese Wenzel, 14.06.1971",1971-06-14,"Heisenberg, Werner (1901-1976)","Wenzel, Anneliese",,Brief
DE-611-HS-3638843,"Brief von Anneliese Wenzel an Werner Heisenberg, 02.06.1971",1971-06-02,"Wenzel, Anneliese","Heisenberg, Werner (1901-1976)",,Brief
DE-611-HS-3638851,"Brief von Anneliese Wenzel an Werner Heisenberg, 31.10.1968",1968-10-31,"Wenzel, Anneliese","Heisenberg, Werner (1901-1976)",,Brief
DE-611-HS-3638864,"Brief von Werner Heisenberg an Anneliese Wenzel, 17.10.1968",1968-10-17,"Heisenberg, Werner (1901-1976)","Wenzel, Anneliese","Pauling, Linus (1901-1994); Preuß, Heinzwerner",Brief
DE-611-HS-3638875,"Brief von Anneliese Wenzel an Werner Heisenberg, 10.09.1968",1968-09-10,"Wenzel, Anneliese","Heisenberg, Werner (1901-1976)",,Brief
DE-611-BF-79996,"511. IV. Institutionen, 1. Korrespondenz: Westphalen, Karl Graf von",1962,,,,unknown
DE-611-HS-3640669,"Brief von Karl Graf von Westphalen an Werner Heisenberg an Max-Planck-Institut für Physik und Astrophysik, 26.02.1964-16.06.1964",1964-02-26,"Westphalen, Karl Graf von (1898-1975)","Heisenberg, Werner (1901-1976) [vermutlich]; Max-Planck-Institut für Physik und Astrophysik (1958-1991) [vermutlich]","Kohut, Oswald A. (1901-1977); Haffner, Sebastian (1907-1999)",Brief
DE-611-HS-3640679,"Brief von Karl Graf von Westphalen an Werner Heisenberg, 20.03.1962",1962-03-20,"Westphalen, Karl Graf von (1898-1975)","Heisenberg, Werner (1901-1976)",,Brief
DE-611-BF-80049,"512. IV. Institutionen, 1. Korrespondenz: Wildermuth, Karl",1952,,,,unknown
DE-611-HS-3640701,"Brief von Karl Wildermuth an Werner Heisenberg, 23.08.1956",1956-08-23,"Wildermuth, Karl (1921-2005)","Heisenberg, Werner (1901-1976)","Giese, Annemarie",Brief
DE-611-HS-3640739,"Brief von Werner Heisenberg an Kurt Zierold an Deutsche Forschungsgemeinschaft, 23.08.1956",1956-08-23,"Heisenberg, Werner (1901-1976)","Zierold, Kurt (1899-1989) [vermutlich]; Deutsche Forschungsgemeinschaft (1951-)","Wildermuth, Karl (1921-2005)",Brief
DE-611-HS-3640759,Zweiteilchenmodell für leichte und mittelschwere Kerne (Incipit der Unterlage),1955,"Winterberg, Friedwardt (1929-)",,,unknown
DE-611-HS-3640768,"Brief von Karl Wildermuth an Werner Heisenberg an Max-Planck-Institut für Physik und Astrophysik, 28.04.1972",1972-04-28,"Wildermuth, Karl (1921-2005)","Heisenberg, Werner (1901-1976); Max-Planck-Institut für Physik und Astrophysik (1958-1991)","Kanellopoulos, Th. V.; Pfeiffer, Heinrich (1927-2016)",Brief
DE-611-HS-3640782,"Brief von Karl Wildermuth an Werner Heisenberg an Max-Planck-Institut für Physik und Astrophysik, 02.07.1971",1971-07-02,"Wildermuth, Karl (1921-2005)","Heisenberg, Werner (1901-1976); Max-Planck-Institut für Physik und Astrophysik (1958-1991)","Cüer, Pierre (1921-)",Brief
DE-611-HS-3640789,Aktenverweis (Einheitstitel von Bearbeiter/in),unknown,,,,unknown
DE-611-HS-3640795,"Brief von Werner Heisenberg an Karl Wildermuth an Eberhard Karls Universität Tübingen. Institut für Theoretische Physik, 22.12.1966",1966-12-22,"Heisenberg, Werner (1901-1976)","Wildermuth, Karl (1921-2005); Eberhard Karls Universität Tübingen. Institut für Theoretische Physik",,Brief
DE-611-HS-3640799,Aktenverweis (Einheitstitel von Bearbeiter/in),1963-04-25,"Heisenberg, Werner (1901-1976)",,,unknown
DE-611-HS-3640803,"Brief von Werner Heisenberg an Karl Wildermuth, 21.11.1962",1962-11-21,"Heisenberg, Werner (1901-1976)","Wildermuth, Karl (1921-2005)","Brenig, Wilhelm (1930-2022)",Brief
DE-611-HS-3640834,"Brief von Karl Wildermuth an Werner Heisenberg, 12.11.1962",1962-11-12,"Wildermuth, Karl (1921-2005)","Heisenberg, Werner (1901-1976)",,Brief
DE-611-HS-3640994,"Brief von Karl Wildermuth von Oak Ridge National Laboratory an Werner Heisenberg, 29.08.1962",1962-08-29,"Wildermuth, Karl (1921-2005); Oak Ridge National Laboratory","Heisenberg, Werner (1901-1976)",,Brief
DE-611-HS-3641004,"Brief von Karl Wildermuth an Werner Heisenberg, 31.03.1962",1962-03-31,"Wildermuth, Karl (1921-2005)","Heisenberg, Werner (1901-1976)",,Brief
DE-611-HS-3641009,Aktenverweis (Einheitstitel von Bearbeiter/in),1959-04-06,"Hutzler, ...",,,unknown
DE-611-HS-3641014,"Brief von Gisela Maus von Max-Planck-Institut für Physik. Direktion. Sekretariat an Karl Wildermuth an CERN. Theoretical Study Division, 12.03.1957",1957-03-12,"Maus, Gisela; Max-Planck-Institut für Physik. Direktion. Sekretariat","Wildermuth, Karl (1921-2005); CERN. Theoretical Study Division (1952-1957)","Heisenberg, Werner (1901-1976)",Brief
DE-611-HS-3641022,"Brief von Karl Wildermuth von CERN. Theoretical Study Division an Werner Heisenberg, 07.03.1957",1957-03-07,"Wildermuth, Karl (1921-2005); CERN. Theoretical Study Division (1952-1957)","Heisenberg, Werner (1901-1976)",,Brief
DE-611-HS-3641033,Die Nukleonenverteiltung in schweren Kernen (Incipit der Unterlage),1962,"Wildermuth, Karl (1921-2005); Kenschitzki, Carl-Heinrich von; Institut für Theoretische Physik (München)",,,unknown
DE-611-HS-3641047,Kernhydrodynamik und Deutung der Energiebreite der Kern-y-Resonanzen (Incipit der Unterlage),1957,"Wildermuth, Karl (1921-2005); Wittern, Hans W. (1928-2018); Institut für Theoretische Physik (München)",,,unknown
DE-611-HS-3641054,Arbeitsthemen in Kernphysik (Incipit der Unterlage),1955,,,,unknown
DE-611-HS-3641059,"Brief von Karl Wildermuth an Werner Heisenberg, 14.04.1955",1955-04-14,"Wildermuth, Karl (1921-2005)","Heisenberg, Werner (1901-1976)",,Brief
DE-611-HS-3641065,"Brief von Werner Heisenberg an Karl Wildermuth, 22.12.1954",1954-12-22,"Heisenberg, Werner (1901-1976)","Wildermuth, Karl (1921-2005)","Mittelstaedt, Peter (1929-2014); Freese, Ernst (1925-1990)",Brief
DE-611-HS-3641070,"Brief von Karl Wildermuth von Institut für Theoretische Physik (München) an Werner Heisenberg an Max-Planck-Institut für Physik, 07.10.1954",1954-10-07,"Wildermuth, Karl (1921-2005); Institut für Theoretische Physik (München)","Heisenberg, Werner (1901-1976); Max-Planck-Institut für Physik (1946-1958)","Flügge, Siegfried (1912-1997)",Brief
DE-611-HS-3641076,"Brief von Karl Wildermuth von Institut für Theoretische Physik (München) an Werner Heisenberg an Max-Planck-Institut für Physik, 21.07.1954",1954-07-21,"Wildermuth, Karl (1921-2005); Institut für Theoretische Physik (München)","Heisenberg, Werner (1901-1976); Max-Planck-Institut für Physik (1946-1958)",,Brief
DE-611-HS-3641172,"Brief von Werner Heisenberg an Karl Wildermuth, 30.04.1954",1954-04-30,"Heisenberg, Werner (1901-1976)","Wildermuth, Karl (1921-2005)","Macke, Wilhelm (1920-1994)",Brief
DE-611-HS-3641179,"Brief von Karl Wildermuth an Werner Heisenberg, 17.04.1954",1954-04-17,"Wildermuth, Karl (1921-2005)","Heisenberg, Werner (1901-1976)",,Brief
DE-611-HS-3641181,"Brief von Karl Wildermuth von Institut für Theoretische Physik (München) an Werner Heisenberg an Max-Planck-Institut für Physik, 17.07.1953",1953-07-17,"Wildermuth, Karl (1921-2005); Institut für Theoretische Physik (München)","Heisenberg, Werner (1901-1976); Max-Planck-Institut für Physik (1946-1958)","Giese, Annemarie",Brief
DE-611-HS-3641186,"Brief von Werner Heisenberg an Karl Wildermuth an Institut für Theoretische Physik (München), 14.07.1953",1953-07-14,"Heisenberg, Werner (1901-1976)","Wildermuth, Karl (1921-2005); Institut für Theoretische Physik (München)","Urban, Paul (1905-1995)",Brief
DE-611-HS-3641190,"Brief von Karl Wildermuth von Institut für Theoretische Physik (München) an Werner Heisenberg an Max-Planck-Institut für Physik, 06.07.1953",1953-07-06,"Wildermuth, Karl (1921-2005); Institut für Theoretische Physik (München)","Heisenberg, Werner (1901-1976); Max-Planck-Institut für Physik (1946-1958)","Giese, Annemarie; Urban, Paul (1905-1995); Mitter, Heinrich (1929-)",Brief
DE-611-HS-3641331,"Brief von Werner Heisenberg an Karl Th. Andersen an Philosophisch-Theologische Hochschule . Naturwissenschaftliche Abteilung (Regensburg), 15.05.1953",1953-05-15,"Heisenberg, Werner (1901-1976)","Andersen, Karl Th. (1898-); Philosophisch-Theologische Hochschule (Regensburg). Naturwissenschaftliche Abteilung","Wildermuth, Karl (1921-2005); Schlögl, Friedrich (1917-2011); Courant, Richard (1888-1972); Bopp, Fritz (1909-1987)",Brief
DE-611-HS-3641337,"Brief von Karl Th. Andersen von Philosophisch-Theologische Hochschule . Naturwissenschaftliche Abteilung (Regensburg) an Werner Heisenberg, 12.05.1953",1953-05-12,"Andersen, Karl Th. (1898-); Philosophisch-Theologische Hochschule (Regensburg). Naturwissenschaftliche Abteilung","Heisenberg, Werner (1901-1976)","Schlögl, Friedrich (1917-2011); Wildermuth, Karl (1921-2005); Sauter, Fritz (1906-1983)",Brief
DE-611-HS-3641339,"Brief von Werner Heisenberg an Karl Wildermuth an Institut für Theoretische Physik (München), 02.05.1953",1953-05-02,"Heisenberg, Werner (1901-1976)","Wildermuth, Karl (1921-2005); Institut für Theoretische Physik (München)","Urban, Paul (1905-1995); Lüders, Gerhart (1920-1995); Bopp, Fritz (1909-1987)",Brief
DE-611-HS-3641344,"Brief von Karl Wildermuth von Institut für Theoretische Physik (München) an Werner Heisenberg an Max-Planck-Institut für Physik, 23.04.1953",1953-04-23,"Wildermuth, Karl (1921-2005); Institut für Theoretische Physik (München)","Heisenberg, Werner (1901-1976); Max-Planck-Institut für Physik (1946-1958)","Urban, Paul (1905-1995); Bopp, Fritz (1909-1987)",Brief
DE-611-HS-3641350,"Brief von Karl Wildermuth an Werner Heisenberg, 07.07.1952",1952-07-07,"Wildermuth, Karl (1921-2005)","Heisenberg, Werner (1901-1976)","Lüders, Gerhart (1920-1995); Møller, Christian (1904-1980)",Brief
DE-611-HS-3641362,"Brief von Werner Heisenberg an Karl Wildermuth, 02.07.1952",1952-07-02,"Heisenberg, Werner (1901-1976)","Wildermuth, Karl (1921-2005)","Pauli, Wolfgang (1900-1958); Møller, Christian (1904-1980)",Brief
DE-611-HS-3641374,"Brief von Karl Wildermuth an Werner Heisenberg, 07.06.1952",1952-06-07,"Wildermuth, Karl (1921-2005)","Heisenberg, Werner (1901-1976)","Gell-Mann, Murray (1929-2019); Giese, Annemarie; Zumino, Bruno (1923-2014)",Brief
DE-611-HS-3641380,"Brief von Karl Wildermuth an Werner Heisenberg, 02.05.1952",1952-05-02,"Wildermuth, Karl (1921-2005)","Heisenberg, Werner (1901-1976)","Zumino, Bruno (1923-2014)",Brief
DE-611-HS-3641391,"Brief von Werner Heisenberg an Karl Wildermuth, 16.01.1952",1952-01-16,"Heisenberg, Werner (1901-1976)","Wildermuth, Karl (1921-2005)","Courant, Richard (1888-1972); Zumino, Bruno (1923-2014)",Brief
DE-611-BF-80050,"513. IV. Institutionen, 1. Korrespondenz: Winterberg, Friedwart",1956,,,,unknown
DE-611-HS-3641420,"Brief von Friedwardt Winterberg von Studiengesellschaft zur Förderung der Kernenergieverwertung in Schiffbau und Schiffahrt an Werner Heisenberg, 18.05.1956",1956-05-18,"Winterberg, Friedwardt (1929-); Studiengesellschaft zur Förderung der Kernenergieverwertung in Schiffbau und Schiffahrt","Heisenberg, Werner (1901-1976)",,Brief
DE-611-HS-3641424,"Brief von Friedwardt Winterberg an Werner Heisenberg, 28.06.1961",1961-06-28,"Winterberg, Friedwardt (1929-)","Heisenberg, Werner (1901-1976)",,Brief
DE-611-HS-3641428,"Brief von Friedwardt Winterberg von Desert Research Institute an Werner Heisenberg, 23.05.1969",1969-05-23,"Winterberg, Friedwardt (1929-); Desert Research Institute","Heisenberg, Werner (1901-1976)",,Brief
DE-611-HS-3641457,"Brief von Friedwardt Winterberg von International Centre for Theoretical Physics an Werner Heisenberg, 11.12.1967",1967-12-11,"Winterberg, Friedwardt (1929-); International Centre for Theoretical Physics","Heisenberg, Werner (1901-1976)",,Brief
DE-611-HS-3641466,"Brief von Gerth Dorff von Hochschulverband an Werner Heisenberg, 10.11.1967",1967-11-10,"Dorff, Gerth; Hochschulverband (1950-1986)","Heisenberg, Werner (1901-1976)","Winterberg, Friedwardt (1929-)",Brief
DE-611-HS-3641470,"Brief von Gerth Dorff von Hochschulverband an Werner Heisenberg, 03.11.1967",1967-11-03,"Dorff, Gerth; Hochschulverband (1950-1986)","Heisenberg, Werner (1901-1976)","Winterberg, Friedwardt (1929-)",Brief
DE-611-HS-3641477,"Brief von Alfred Klemm von Max-Planck-Institut für Chemie an Werner Heisenberg, 12.06.1967",1967-06-12,"Klemm, Alfred (1913-2013); Max-Planck-Institut für Chemie","Heisenberg, Werner (1901-1976)","Winterberg, Friedwardt (1929-)",Brief
DE-611-HS-3641489,"Brief von Werner Heisenberg an Friedwardt Winterberg an Desert Research Institute, 19.01.1966 [mutm.]",1966-01-19,"Heisenberg, Werner (1901-1976)","Winterberg, Friedwardt (1929-); Desert Research Institute","Schlüter, Arnulf (1922-2011)",Brief
DE-611-HS-3641495,"Brief von Werner Heisenberg an Arnulf Schlüter, 1966 [mutm.]",1966,"Heisenberg, Werner (1901-1976)","Schlüter, Arnulf (1922-2011)","Winterberg, Friedwardt (1929-)",Brief
DE-611-HS-3641505,"Brief von Friedwardt Winterberg an Werner Heisenberg, 07.05.1965",1965-05-07,"Winterberg, Friedwardt (1929-)","Heisenberg, Werner (1901-1976)","Linhart, J. G.",Brief
DE-611-HS-3641649,"Brief von Werner Heisenberg an Alfred Klemm an Zeitschrift für Naturforschung, 03.07.1967",1967-07-03,"Heisenberg, Werner (1901-1976)","Klemm, Alfred (1913-2013); Zeitschrift für Naturforschung (1946-)","Winterberg, Friedwardt (1929-); Pfirsch, Dieter (1927-2004)",Brief
DE-611-HS-3641654,"Brief von Friedwardt Winterberg von Desert Research Institute an Werner Heisenberg, 12.05.1967",1967-05-12,"Winterberg, Friedwardt (1929-); Desert Research Institute","Heisenberg, Werner (1901-1976)","Schlüter, Arnulf (1922-2011)",Brief
DE-611-HS-3641660,"Brief von Friedwardt Winterberg von Desert Research Institute an Werner Heisenberg, 05.05.1967",1967-05-05,"Winterberg, Friedwardt (1929-); Desert Research Institute","Heisenberg, Werner (1901-1976)",,Brief
DE-611-HS-3641670,"Brief von Werner Heisenberg an Friedwardt Winterberg an Princeton University. Plasma Physics Laboratory, 03.04.1967",1967-04-03,"Heisenberg, Werner (1901-1976)","Winterberg, Friedwardt (1929-); Princeton University. Plasma Physics Laboratory","Schlüter, Arnulf (1922-2011)",Brief
DE-611-HS-3641673,"Brief von Friedwardt Winterberg von Princeton University. Plasma Physics Laboratory an Werner Heisenberg, 28.03.1967",1967-03-28,"Winterberg, Friedwardt (1929-); Princeton University. Plasma Physics Laboratory","Heisenberg, Werner (1901-1976)","Schlüter, Arnulf (1922-2011); Symanzik, Kurt (1923-1983)",Brief
DE-611-HS-3641691,"Brief von Friedwardt Winterberg von Desert Research Institute an Werner Heisenberg, 08.12.1966",1966-12-08,"Winterberg, Friedwardt (1929-); Desert Research Institute","Heisenberg, Werner (1901-1976)","Teller, Edward (1908-2003)",Brief
DE-611-HS-3641698,"Brief von Friedwardt Winterberg an Werner Heisenberg, 14.06.1966",1966-06-14,"Winterberg, Friedwardt (1929-)","Heisenberg, Werner (1901-1976)",,Brief
DE-611-HS-3641708,"Brief von Friedwardt Winterberg von Institut für Hochtemperaturforschung (Stuttgart) an Werner Heisenberg, 24.05.1965",1965-05-24,"Winterberg, Friedwardt (1929-); Institut für Hochtemperaturforschung (Stuttgart) (1961-1966)","Heisenberg, Werner (1901-1976)","Schlüter, Arnulf (1922-2011)",Brief
DE-611-HS-3641711,"Brief von Friedwardt Winterberg von Institut für Hochtemperaturforschung (Stuttgart) an Werner Heisenberg, 29.05.1964",1964-05-29,"Winterberg, Friedwardt (1929-); Institut für Hochtemperaturforschung (Stuttgart) (1961-1966)","Heisenberg, Werner (1901-1976)","Höcker, K. H. (1915-1998); Teller, Edward (1908-2003)",Brief
DE-611-HS-3641714,"Brief von Arnulf Schlüter an Friedwardt Winterberg und Werner Heisenberg an Princeton University. Plasma Physics Laboratory, 18.05.1965",1965-05-18,"Schlüter, Arnulf (1922-2011)","Winterberg, Friedwardt (1929-); Heisenberg, Werner (1901-1976); Princeton University. Plasma Physics Laboratory",,Brief
DE-611-HS-3641715,"Brief von Friedwardt Winterberg von Institut für Hochtemperaturforschung (Stuttgart) an Werner Heisenberg, 05.07.1965",1965-07-05,"Winterberg, Friedwardt (1929-); Institut für Hochtemperaturforschung (Stuttgart) (1961-1966)","Heisenberg, Werner (1901-1976)","Schlüter, Arnulf (1922-2011)",Brief
DE-611-HS-3643451,Visitenkarte mit Grüßen (Einheitstitel von Bearbeiter/in),1965,,"Heisenberg, Werner (1901-1976)",,unknown
DE-611-HS-3643461,"Brief von Margot Hobert von Max-Planck-Institut für Physik. Direktion. Sekretariat an Friedwardt Winterberg und K. H. Höcker an Institut für Hochtemperaturforschung (Stuttgart), 11.06.1964",1964-06-11,"Hobert, Margot (1912-); Max-Planck-Institut für Physik. Direktion. Sekretariat","Winterberg, Friedwardt (1929-); Höcker, K. H. (1915-1998); Institut für Hochtemperaturforschung (Stuttgart) (1961-1966)","Heisenberg, Werner (1901-1976); Oberth, Hermann (1894-1989)",Brief
DE-611-HS-3643502,"Brief von Friedwardt Winterberg von Desert Research Institute an Werner Heisenberg, 16.04.1964",1964-04-16,"Winterberg, Friedwardt (1929-); Desert Research Institute","Heisenberg, Werner (1901-1976)","Oberth, Hermann (1894-1989); Teller, Edward (1908-2003); Höcker, K. H. (1915-1998)",Brief
DE-611-HS-3643509,"Brief von Werner Heisenberg an Friedwardt Winterberg, 06.02.1964",1964-02-06,"Heisenberg, Werner (1901-1976)","Winterberg, Friedwardt (1929-)",,Brief
DE-611-HS-3643527,"Brief von Friedwardt Winterberg von Desert Research Institute an Werner Heisenberg, 30.01.1964",1964-01-30,"Winterberg, Friedwardt (1929-); Desert Research Institute","Heisenberg, Werner (1901-1976)",,Brief
DE-611-HS-3643540,"Brief von Werner Heisenberg an Ludwig Raiser, 10.01.1963",1963-01-10,"Heisenberg, Werner (1901-1976)","Raiser, Ludwig (1904-1980)","Winterberg, Friedwardt (1929-); Maier-Leibnitz, Heinz (1911-2000); Gerlach, Walther (1889-1979)",Brief
DE-611-HS-3643552,"Brief von Ludwig Raiser an Werner Heisenberg, 07.01.1963",1963-01-07,"Raiser, Ludwig (1904-1980)","Heisenberg, Werner (1901-1976)","Winterberg, Friedwardt (1929-); Gerlach, Walther (1889-1979); Maier-Leibnitz, Heinz (1911-2000)",Brief
DE-611-HS-3643566,"Brief von Werner Heisenberg an Sigmund Waldemar Leifson an Reno. Department of Physics University of Nevada, 11.05.1962",1962-05-11,"Heisenberg, Werner (1901-1976)","Leifson, Sigmund Waldemar; University of Nevada, Reno. Department of Physics","Winterberg, Friedwardt (1929-); Rosenbluth, Marshall N.",Brief
DE-611-HS-3643577,"Brief von Sigmund Waldemar Leifson von Reno. Department of Physics University of Nevada an Werner Heisenberg, 03.05.1962",1962-05-03,"Leifson, Sigmund Waldemar; University of Nevada, Reno. Department of Physics","Heisenberg, Werner (1901-1976)","Winterberg, Friedwardt (1929-)",Brief
DE-611-HS-3643591,"Brief von Friedwardt Winterberg von Case Institute of Technology an Werner Heisenberg, 24.04.1962",1962-04-24,"Winterberg, Friedwardt (1929-); Case Institute of Technology","Heisenberg, Werner (1901-1976)",,Brief
DE-611-HS-3643599,"Brief von Friedwardt Winterberg von Case Institute of Technology an Werner Heisenberg, 16.12.1959",1959-12-16,"Winterberg, Friedwardt (1929-); Case Institute of Technology","Heisenberg, Werner (1901-1976)","Mößbauer, Rudolf Ludwig (1929-2011)",Brief
DE-611-HS-3643611,"Brief von Werner Heisenberg an Marshall N. Rosenbluth an General Dynamics Corporation . General Atomic Division (San Diego, Calif.), 15.06.1959",1959-06-15,"Heisenberg, Werner (1901-1976)","Rosenbluth, Marshall N.; General Dynamics Corporation (San Diego, Calif.). General Atomic Division","Winterberg, Friedwardt (1929-); Rosenbluth, Marshall N.",Brief
DE-611-HS-3643619,"Brief von Werner Heisenberg an Henry Anthony an General Dynamics Corporation . General Atomic Division (San Diego, Calif.), 15.06.1959",1959-06-15,"Heisenberg, Werner (1901-1976)","Anthony, Henry [vermutlich]; General Dynamics Corporation (San Diego, Calif.). General Atomic Division","Winterberg, Friedwardt (1929-); Rosenbluth, Marshall N.",Brief
DE-611-HS-3643629,"Brief von Werner Heisenberg an T. W. Griesinger an Space Technology Laboratories, 15.06.1959",1959-06-15,"Heisenberg, Werner (1901-1976)","Griesinger, T. W.; Space Technology Laboratories","Winterberg, Friedwardt (1929-); Rosenbluth, Marshall N.",Brief
DE-611-HS-3643637,Zum nachfolgenden Entwurf eines Gutachtens über Hrn. Winterberg (Incipit der Unterlage),1959-06-12,"Lüders, Gerhart (1920-1995)","Heisenberg, Werner (1901-1976) [vermutlich]",,unknown
DE-611-HS-3643654,"Brief von Werner Heisenberg an Friedwardt Winterberg, 15.06.1959",1959-06-15,"Heisenberg, Werner (1901-1976)","Winterberg, Friedwardt (1929-)",,Brief
DE-611-HS-3643664,"Brief von Henry Anthony von General Dynamics Corporation . General Atomic Division (San Diego, Calif.) an Werner Heisenberg, 11.06.1959",1959-06-11,"Anthony, Henry; General Dynamics Corporation (San Diego, Calif.). General Atomic Division","Heisenberg, Werner (1901-1976)","Winterberg, Friedwardt (1929-)",Brief
DE-611-HS-3643757,"Brief von Friedwardt Winterberg an Werner Heisenberg, 05.06.1959",1959-06-05,"Winterberg, Friedwardt (1929-)","Heisenberg, Werner (1901-1976)","Rosenbluth, Marshall N.",Brief
DE-611-HS-3643759,"Brief von Marshall N. Rosenbluth von General Dynamics Corporation . General Atomic Division (San Diego, Calif.) an Werner Heisenberg, 04.06.1959",1959-06-04,"Rosenbluth, Marshall N.; General Dynamics Corporation (San Diego, Calif.). General Atomic Division","Heisenberg, Werner (1901-1976)","Winterberg, Friedwardt (1929-)",Brief
DE-611-HS-3643761,"Brief von T. W. Griesinger von Space Technology Laboratories an Werner Heisenberg, 02.06.1959",1959-06-02,"Griesinger, T. W.; Space Technology Laboratories","Heisenberg, Werner (1901-1976)","Winterberg, Friedwardt (1929-)",Brief
DE-611-HS-3643766,"Brief von Friedwardt Winterberg an Werner Heisenberg, 08.01.1959",1959-01-08,"Winterberg, Friedwardt (1929-)","Heisenberg, Werner (1901-1976)","Oberth, Hermann (1894-1989)",Brief
DE-611-HS-3643772,"Brief von Ludwig Biermann an Friedwardt Winterberg an Gesellschaft für Kernenergieverwertung in Schiffbau und Schiffahrt, 17.01.1958",1958-01-17,"Biermann, Ludwig (1907-1986)","Winterberg, Friedwardt (1929-); Gesellschaft für Kernenergieverwertung in Schiffbau und Schiffahrt (1956-1979)","Heisenberg, Werner (1901-1976)",Brief
DE-611-HS-3643774,"Brief von Friedwardt Winterberg von Gesellschaft für Kernenergieverwertung in Schiffbau und Schiffahrt an Werner Heisenberg, 19.12.1957",1957-12-19,"Winterberg, Friedwardt (1929-); Gesellschaft für Kernenergieverwertung in Schiffbau und Schiffahrt (1956-1979)","Heisenberg, Werner (1901-1976)",,Brief
DE-611-HS-3643776,"Brief von Werner Heisenberg an Friedwardt Winterberg, 12.04.1957",1957-04-12,"Heisenberg, Werner (1901-1976)","Winterberg, Friedwardt (1929-)",,Brief
DE-611-HS-3643780,"Brief von Werner Heisenberg an Friedwardt Winterberg, 15.06.1956",1956-06-15,"Heisenberg, Werner (1901-1976)","Winterberg, Friedwardt (1929-)","Bagge, Erich (1912-1996)",Brief
DE-611-HS-3643786,"Brief von Friedwardt Winterberg an Werner Heisenberg, 27.03.1957",1957-03-27,"Winterberg, Friedwardt (1929-)","Heisenberg, Werner (1901-1976)","Littmann, Tamara [vermutlich]",Brief
DE-611-BF-80051,"514. IV. Institutionen, 1. Korrespondenz: Wissenschaftsrat",1962,,,,unknown
DE-611-HS-3643956,Vorsitzender des Wissenschaftsrates (Incipit der Unterlage),o.D.,,,,unknown
DE-611-HS-3643960,Wissenschaftsrat : Empfehlungen zur Neuordnung des Studiums an wissenschaftlichen Hochschulen (Incipit der Unterlage),1966-05-14,,,,unknown
DE-611-HS-3643967,Wissenschaftsrat : Bericht des Vorsitzenden über die Arbeit des Wissenschaftsrates 1961-1964 (Incipit der Unterlage),1965,,,,unknown
DE-611-HS-3643977,Aktenverweis  (Incipit der Unterlage),unknown,,,,unknown
DE-611-HS-3643983,Wissenschaftsrat : Stellungnahme des Wissenschaftsrates zur Errichtung eines Max-Planck-Instituts für Astronomie (Incipit der Unterlage),1967-07-08,,,,unknown
DE-611-HS-3643988,"Brief von Hans Leussink von Wissenschaftsrat an Werner Heisenberg, 28.07.1967",1967-07-28,"Leussink, Hans (1912-2008); Wissenschaftsrat (1957-)","Heisenberg, Werner (1901-1976)",,Brief
DE-611-HS-3643993,Aktenverweis (Incipit der Unterlage),unknown,,,,unknown
DE-611-HS-3644005,"Brief von Julius Speer an Adolf Butenandt und Rudolf Sieverts, 07.12.1966",1966-12-07,"Speer, Julius (1905-1984)","Butenandt, Adolf (1903-1995); Sieverts, Rudolf (1903-)",,Brief
DE-611-HS-3644013,"Brief von Hans Leussink von Wissenschaftsrat an Werner Heisenberg, 09.09.1966",1966-09-09,"Leussink, Hans (1912-2008); Wissenschaftsrat (1957-)","Heisenberg, Werner (1901-1976)","Erhard, Ludwig (1897-1977); Stoltenberg, Gerhard (1928-2001)",Brief
DE-611-HS-3644015,"Brief von Edmund Marsch von Max-Planck-Gesellschaft zur Förderung der Wissenschaften. Generalverwaltung an Werner Heisenberg, 31.05.1965",1965-05-31,"Marsch, Edmund (1931-2020); Max-Planck-Gesellschaft zur Förderung der Wissenschaften. Generalverwaltung","Heisenberg, Werner (1901-1976)",,Brief
DE-611-HS-3644024,"Brief von Werner Heisenberg an Hans Leussink an Wissenschaftsrat, 05.07.1966",1966-07-05,"Heisenberg, Werner (1901-1976)","Leussink, Hans (1912-2008); Wissenschaftsrat (1957-)","Hirsch, ...",Brief
DE-611-HS-3644274,"Brief von Hans Leussink von Wissenschaftsrat an Werner Heisenberg, 01.07.1966",1966-07-01,"Leussink, Hans (1912-2008); Wissenschaftsrat (1957-)","Heisenberg, Werner (1901-1976)",,Brief
DE-611-HS-3644276,"Brief von Hans Leussink von Wissenschaftsrat an Werner Heisenberg, 03.03.1965",1965-03-03,"Leussink, Hans (1912-2008); Wissenschaftsrat (1957-)","Heisenberg, Werner (1901-1976)",,Brief
DE-611-HS-3644277,Aktenverweis (Incipit der Unterlage),unknown,,,,unknown
DE-611-HS-3644279,Aktenverweis (Incipit der Unterlage),unknown,,,,unknown
DE-611-HS-3644282,Vermerk über die Besprechung zwischen Vertretern der Akademien der Wissenschaften und Vertretern des Wissenschaftsrates am 30. November 1962 in München (Incipit der Unterlage),1962-12-17,,,,unknown
DE-611-BF-80052,"515. IV. Institutionen, 1. Korrespondenz: Wissenschaftspolitik",1968,,,,unknown
DE-611-HS-3644291,Sammlung von Material zur Wissenschaftspolitik (Einheitstitel von Bearbeiter/in),1968,,,,unknown
DE-611-HS-3644292,Aktenverweis (Einheitstitel von Bearbeiter/in),unknown,,,,unknown
DE-611-HS-3644298,Sammlung von Material zur Wissenschaftspolitik (Einheitstitel von Bearbeiter/in),1957,,,,unknown
DE-611-BF-80053,"516. IV. Institutionen, 1. Korrespondenz: Wohlrab, K. S.",1956,,,,unknown
DE-611-HS-3645720,"Brief von Werner Heisenberg an Karl-Siegmund Wohlrab, 26.09.1974",1974-09-26,"Heisenberg, Werner (1901-1976)","Wohlrab, Karl-Siegmund",,Brief
DE-611-HS-3645727,"Brief von Karl-Siegmund Wohlrab an Werner Heisenberg, 10.07.1974",1974-07-10,"Wohlrab, Karl-Siegmund","Heisenberg, Werner (1901-1976)","Weisskopf, Victor Frederick (1908-2002)",Brief
DE-611-HS-3645740,"Brief von Karl-Siegmund Wohlrab an Werner Heisenberg, 12.08.1974",1974-08-12,"Wohlrab, Karl-Siegmund","Heisenberg, Werner (1901-1976)","Weisskopf, Victor Frederick (1908-2002)",Brief
DE-611-HS-3645751,"Brief von Werner Heisenberg an Karl-Siegmund Wohlrab, 20.03.1972",1972-03-20,"Heisenberg, Werner (1901-1976)","Wohlrab, Karl-Siegmund","Rosenfeld, Léon (1904-1974) [vermutlich]",Brief
DE-611-HS-3645756,"Brief von Karl-Siegmund Wohlrab an Werner Heisenberg, 10.03.1972",1972-03-10,"Wohlrab, Karl-Siegmund","Heisenberg, Werner (1901-1976)","Rosenfeld, Léon (1904-1974) [vermutlich]",Brief
DE-611-HS-3645760,"Brief von Werner Heisenberg an Karl-Siegmund Wohlrab an Zentralinstitut für Optik und Spektroskopie, 23.02.1972",1972-02-23,"Heisenberg, Werner (1901-1976)","Wohlrab, Karl-Siegmund; Zentralinstitut für Optik und Spektroskopie (1948-)",,Brief
DE-611-HS-3645771,"Brief von Karl-Siegmund Wohlrab von Zentralinstitut für Optik und Spektroskopie an Werner Heisenberg, 18.02.1972",1972-02-18,"Wohlrab, Karl-Siegmund; Zentralinstitut für Optik und Spektroskopie (1948-)","Heisenberg, Werner (1901-1976)",,Brief
DE-611-HS-3645777,"Brief von Werner Heisenberg an Karl-Siegmund Wohlrab an Zentralinstitut für Optik und Spektroskopie, 04.01.1972",1972-01-04,"Heisenberg, Werner (1901-1976)","Wohlrab, Karl-Siegmund; Zentralinstitut für Optik und Spektroskopie (1948-)",,Brief
DE-611-HS-3645783,"Brief von Karl-Siegmund Wohlrab von Zentralinstitut für Optik und Spektroskopie an Werner Heisenberg, 15.11.1971",1971-11-15,"Wohlrab, Karl-Siegmund; Zentralinstitut für Optik und Spektroskopie (1948-)","Heisenberg, Werner (1901-1976)",,Brief
DE-611-HS-3645807,"Brief von Werner Heisenberg an Karl-Siegmund Wohlrab an Zentralinstitut für Optik und Spektroskopie, 29.05.1970",1970-05-29,"Heisenberg, Werner (1901-1976)","Wohlrab, Karl-Siegmund; Zentralinstitut für Optik und Spektroskopie (1948-)",,Brief
DE-611-HS-3645849,"Brief von Karl-Siegmund Wohlrab von Zentralinstitut für Optik und Spektroskopie an Werner Heisenberg, 08.04.1970",1970-04-08,"Wohlrab, Karl-Siegmund; Zentralinstitut für Optik und Spektroskopie (1948-)","Heisenberg, Werner (1901-1976)",,Brief
DE-611-HS-3645854,"Brief von Annemarie Giese von Max-Planck-Institut für Physik. Direktion. Sekretariat an Karl-Siegmund Wohlrab an Zentralinstitut für Optik und Spektroskopie, 30.04.1970",1970-04-30,"Giese, Annemarie; Max-Planck-Institut für Physik. Direktion. Sekretariat","Wohlrab, Karl-Siegmund; Zentralinstitut für Optik und Spektroskopie (1948-)","Heisenberg, Werner (1901-1976)",Brief
DE-611-HS-3645873,"Brief von Karl-Siegmund Wohlrab von Institut Miersdorf an Werner Heisenberg, 20.08.1961",1961-08-20,"Wohlrab, Karl-Siegmund; Institut Miersdorf (1950-1957)","Heisenberg, Werner (1901-1976)",,Brief
DE-611-HS-3645910,"Brief von Karl-Siegmund Wohlrab von Institut Miersdorf an Werner Heisenberg, 1957 [verm. 22.01.1957]",1957,"Wohlrab, Karl-Siegmund; Institut Miersdorf (1950-1957) [vermutlich]","Heisenberg, Werner (1901-1976)",,Brief
DE-611-HS-3645912,"Brief von Karl-Siegmund Wohlrab von Institut Miersdorf an Werner Heisenberg, 01.02.1957",1957-02-01,"Wohlrab, Karl-Siegmund; Institut Miersdorf (1950-1957) [vermutlich]","Heisenberg, Werner (1901-1976)",,Brief
DE-611-HS-3645914,"Brief von Werner Heisenberg an Karl-Siegmund Wohlrab, 28.01.1957",1957-01-28,"Heisenberg, Werner (1901-1976)","Wohlrab, Karl-Siegmund",,Brief
DE-611-HS-3645918,"Brief von Werner Heisenberg an Karl-Siegmund Wohlrab, 11.12.1956",1956-12-11,"Heisenberg, Werner (1901-1976)","Wohlrab, Karl-Siegmund",,Brief
DE-611-HS-3646003,"Brief von Karl-Siegmund Wohlrab an Werner Heisenberg, 01.02.1957",1957-02-01,"Wohlrab, Karl-Siegmund","Heisenberg, Werner (1901-1976)","Kockel, Bernhard (1909-1987)",Brief
DE-611-BF-80054,"517. IV. Institutionen, 1. Korrespondenz: World Academy of Art and Science, Rehovot",1962,,,,unknown
DE-611-HS-3646010,"Brief von Hugo Boyko von World Academy of Art and Science an Werner Heisenberg, 21.02.1962",1962-02-21,"Boyko, Hugo (1892-1970); World Academy of Art and Science","Heisenberg, Werner (1901-1976) [vermutlich]",,Brief
DE-611-HS-3646017,"Brief von Hugo Boyko von World Academy of Art and Science an Werner Heisenberg, 15.06.1962",1962-06-15,"Boyko, Hugo (1892-1970) [vermutlich]; World Academy of Art and Science","Heisenberg, Werner (1901-1976)","Kennedy, John F. (1917-1963)",Brief
DE-611-BF-80055,"518. IV. Institutionen, 1. Korrespondenz: World Constitutional Convention",1961,,,,unknown
DE-611-HS-3646329,Sammlung von Drucksachen der World Constitution and Parliament Association (Einheitstitel von Bearbeiter/in),1961,,"Heisenberg, Werner (1901-1976)",,unknown
DE-611-BF-80056,"519. IV. Institutionen, 1. Korrespondenz: Wyss, Joachim",1951,,,,unknown
DE-611-HS-3646391,"Brief von Joachim Wyss an Werner Heisenberg, 29.01.1952",1952-01-29,"Wyss, Joachim","Heisenberg, Werner (1901-1976)",,Brief
DE-611-HS-3646396,"Brief von Annemarie Giese und Werner Heisenberg von Max-Planck-Institut für Physik. Direktion. Sekretariat an Joachim Wyss, 08.02.1952",1952-02-08,"Giese, Annemarie; Heisenberg, Werner (1901-1976); Max-Planck-Institut für Physik. Direktion. Sekretariat","Wyss, Joachim",,Brief
DE-611-HS-3646405,"Brief von Joachim Wyss an Werner Heisenberg, 23.01.1953",1953-01-23,"Wyss, Joachim","Heisenberg, Werner (1901-1976)",,Brief
DE-611-HS-3648068,"Brief von Massey-Harris Company (Toronto) an Werner Heisenberg, 16.03.1953",1953-03-16,Massey-Harris Company (Toronto) (1830-1952),"Heisenberg, Werner (1901-1976)","Wägele, Rolf",Brief
DE-611-HS-3648074,"Brief von Werner Heisenberg an Wolfgang Waeger, 17.11.1969",1969-11-17,"Heisenberg, Werner (1901-1976)","Waeger, Wolfgang [vermutlich]",,Brief
DE-611-HS-3648077,"Brief von Wolfgang Waeger an Werner Heisenberg, 10.11.1969",1969-11-10,"Waeger, Wolfgang [vermutlich]","Heisenberg, Werner (1901-1976)",,Brief
DE-611-HS-3648083,"Brief von Werner Heisenberg an Erhard Wägner, 05.06.1973",1973-06-05,"Heisenberg, Werner (1901-1976)","Wägner, Erhard",,Brief
DE-611-HS-3648088,"Brief von Erhard Wägner an Werner Heisenberg, 02.06.1973",1973-06-02,"Wägner, Erhard","Heisenberg, Werner (1901-1976)",,Brief
DE-611-HS-3648091,"Brief von Werner Heisenberg an Erhard Wägner, 12.02.1973",1973-02-12,"Heisenberg, Werner (1901-1976)","Wägner, Erhard",,Brief
DE-611-HS-3648094,"Brief von Therese Waeselmann an Werner Heisenberg, 22.06.1964",1964-06-22,"Waeselmann, Therese","Heisenberg, Werner (1901-1976)",,Brief
DE-611-HS-3648099,"Brief von Werner Heisenberg an Therese Waeselmann, 16.06.1964",1964-06-16,"Heisenberg, Werner (1901-1976)","Waeselmann, Therese",,Brief
DE-611-HS-3648104,"Brief von Therese Waeselmann an Werner Heisenberg, 11.06.1964",1964-06-11,"Waeselmann, Therese","Heisenberg, Werner (1901-1976)",,Brief
DE-611-HS-3648127,"Brief von Hildegard Wöhrle von Max-Planck-Institut für Physik. Direktion. Sekretariat an Otfried Wagenbreth, 25.03.1966",1966-03-25,"Wöhrle, Hildegard (1934-2020); Max-Planck-Institut für Physik. Direktion. Sekretariat","Wagenbreth, Otfried (1927-2017)","Heisenberg, Werner (1901-1976)",Brief
DE-611-HS-3648131,"Brief von Otfried Wagenbreth an Werner Heisenberg, 06.03.1966",1966-03-06,"Wagenbreth, Otfried (1927-2017)","Heisenberg, Werner (1901-1976)",,Brief
DE-611-HS-3648138,"Brief von Klaus Wagn an Werner Heisenberg, 12.12.1970",1970-12-12,"Wagn, Klaus","Heisenberg, Werner (1901-1976)",,Brief
DE-611-HS-3648164,"Brief von Werner Heisenberg an August H. Wagner, 17.03.1966",1966-03-17,"Heisenberg, Werner (1901-1976)","Wagner, August H.",,Brief
DE-611-HS-3648166,"Brief von August H. Wagner an Werner Heisenberg, 10.03.1966",1966-03-10,"Wagner, August H.","Heisenberg, Werner (1901-1976)",,Brief
DE-611-HS-3648175,"Brief von Carl Wagner an Werner Heisenberg, 26.06.1971",1971-06-26,"Wagner, Carl (1901-1977)","Heisenberg, Werner (1901-1976)",,Brief
DE-611-HS-3648183,"Brief von Carl Wagner von Max-Planck-Institut für Biophysikalische Chemie an Werner Heisenberg, 30.04.1971",1971-04-30,"Wagner, Carl (1901-1977); Max-Planck-Institut für Biophysikalische Chemie (1971-2021)","Heisenberg, Werner (1901-1976)","Weizsäcker, Carl Friedrich von (1912-2007)",Brief
DE-611-HS-3648187,"Brief von Werner Heisenberg an Hanne Wagner, 25.09.1972",1972-09-25,"Heisenberg, Werner (1901-1976)","Wagner, Hanne",,Brief
DE-611-HS-3648193,"Brief von Hanne Wagner an Werner Heisenberg, 03.09.1972",1972-09-03,"Wagner, Hanne","Heisenberg, Werner (1901-1976)",,Brief
DE-611-HS-3648216,"Brief von Werner Heisenberg an Studienstiftung des Deutschen Volkes, 30.01.1961",1961-01-30,"Heisenberg, Werner (1901-1976)",Studienstiftung des Deutschen Volkes (1925-),"Wagner, Herbert (1935-)",Brief
DE-611-HS-3648219,"Brief von Peter Mittelstaedt an Klaus Hieronymus Wagner, 23.03.1962",1962-03-23,"Mittelstaedt, Peter (1929-2014)","Wagner, Klaus Hieronymus","Heisenberg, Werner (1901-1976)",Brief
DE-611-HS-3648220,"Brief von Klaus Hieronymus Wagner an Werner Heisenberg, 21.03.1962",1962-03-21,"Wagner, Klaus Hieronymus","Heisenberg, Werner (1901-1976)",,Brief
DE-611-HS-3648221,"Brief von Werner Heisenberg an Kurt Wagner, 10.04.1974",1974-04-10,"Heisenberg, Werner (1901-1976)","Wagner, Kurt","Weigmann, Walter (1902-1945)",Brief
DE-611-HS-3648223,"Brief von Kurt Wagner an Werner Heisenberg, 08.04.1974",1974-04-08,"Wagner, Kurt","Heisenberg, Werner (1901-1976)",,Brief
DE-611-HS-3648228,"Brief von Paul Wagner an Werner Heisenberg, 09.06.1968",1968-06-09,"Wagner, Paul","Heisenberg, Werner (1901-1976)","Weizsäcker, Carl Friedrich von (1912-2007); Einstein, Albert (1879-1955)",Brief
DE-611-HS-3648242,"Brief von Annemarie Giese von Max-Planck-Institut für Physik. Direktion. Sekretariat an Rainer Wagner, 28.04.1967",1967-04-28,"Giese, Annemarie; Max-Planck-Institut für Physik. Direktion. Sekretariat","Wagner, Rainer","Heisenberg, Werner (1901-1976)",Brief
DE-611-HS-3648243,"Brief von Rainer Wagner an Werner Heisenberg, 31.03.1967",1967-03-31,"Wagner, Rainer","Heisenberg, Werner (1901-1976)",,Brief
DE-611-HS-3648244,"Brief von Richard Wagner an Werner Heisenberg, 04.12.1961",1961-12-04,"Wagner, Richard","Heisenberg, Werner (1901-1976)",,Brief
DE-611-HS-3648245,"Brief von Waltraud Wagner an Werner Heisenberg, 06.10.1972",1972-10-06,"Wagner, Waltraud","Heisenberg, Werner (1901-1976)",,Brief
DE-611-HS-3648246,"Brief von Waltraud Wagner von Gesellschaft für Bedrohte Völker. Arbeitsgruppe für Nordamerikanische Indianer an Werner Heisenberg, 06.10.1972",1972-10-06,"Wagner, Waltraud; Gesellschaft für Bedrohte Völker. Arbeitsgruppe für Nordamerikanische Indianer","Heisenberg, Werner (1901-1976)",,Brief
DE-611-HS-3648250,Ein dreihundertjähriger Irrtum der Wissenschaft : die Schwerkraft aus neuer Sicht ; der Nachweis eines Basalmediums und seiner Aggregate im Weltraum (Incipit der Unterlage),1971,"Wahl, Friedrich August","Heisenberg, Werner (1901-1976) [vermutlich]",,unknown
DE-611-HS-3648251,"Brief von Friedrich August Wahl an Werner Heisenberg, 23.06.1969",1969-06-23,"Wahl, Friedrich August","Heisenberg, Werner (1901-1976)",,Brief
DE-611-HS-3648259,"Brief von Werner Heisenberg an Friedrich Wahl, 23.06.1962",1962-06-23,"Heisenberg, Werner (1901-1976)","Wahl, Friedrich (1932-)",,Brief
DE-611-HS-3648263,"Brief von Friedrich Wahl an Werner Heisenberg, 19.06.1962",1962-06-19,"Wahl, Friedrich (1932-)","Heisenberg, Werner (1901-1976)",,Brief
DE-611-HS-3648277,"Brief von USA. Bureau of Standards an Werner Heisenberg, 13.04.1959",1959-04-13,USA. Bureau of Standards,"Heisenberg, Werner (1901-1976)",,Brief
DE-611-HS-3648282,Aktenverweis (Incipit der Unterlage),unknown,,,,unknown
DE-611-HS-3648410,Aktenverweis (Incipit der Unterlage),unknown,,,,unknown
DE-611-HS-3648418,"Brief von Annemarie Giese von Max-Planck-Institut für Physik. Direktion. Sekretariat an Per Waldal, 12.03.1963",1963-03-12,"Giese, Annemarie; Max-Planck-Institut für Physik. Direktion. Sekretariat","Waldal, Per","Heisenberg, Werner (1901-1976)",Brief
DE-611-HS-3648430,"Brief von Lawrence Radiation Laboratory an Werner Heisenberg, 26.02.1957",1957-02-26,Lawrence Radiation Laboratory (1936-1958),"Heisenberg, Werner (1901-1976)",,Brief
DE-611-HS-3648473,"Brief von Ludwig Waldmann von Physikalisches Institut der Universität Erlangen-Nürnberg. Institut für Theoretische Physik an Werner Heisenberg, 07.02.1967",1967-02-07,"Waldmann, Ludwig (1913-1980); Physikalisches Institut der Universität Erlangen-Nürnberg. Institut für Theoretische Physik","Heisenberg, Werner (1901-1976)",,Brief
DE-611-HS-3648485,"Brief von Klaus Mahler an Werner Heisenberg, 1969 [mutm.]",1969,"Mahler, Klaus","Heisenberg, Werner (1901-1976)","Wald, George (1906-1997)",Brief
DE-611-HS-3648489,Aktenverweis (Incipit der Unterlage),unknown,,,,unknown
DE-611-HS-3648501,"Brief von R. A. Waldron an Werner Heisenberg, 21.06.1960",1960-06-21,"Waldron, R. A.","Heisenberg, Werner (1901-1976)","Maxwell, James Clerk (1831-1879); Einstein, Albert (1879-1955); Finkelstein, David Ritz; Dingle, Herbert (1890-1978)",Brief
DE-611-HS-3648510,"Brief von Werner Heisenberg an R. A. Waldron, 06.05.1959",1959-05-06,"Heisenberg, Werner (1901-1976)","Waldron, R. A.",,Brief
DE-611-HS-3648519,"Brief von R. A. Waldron an Werner Heisenberg, 05.04.1959",1959-04-05,"Waldron, R. A.","Heisenberg, Werner (1901-1976)","Einstein, Albert (1879-1955)",Brief
DE-611-HS-3648525,"Brief von John Dirk Walecka von Massachusetts Institute of Technology. Department of Physics an Werner Heisenberg, 11.02.1958",1958-02-11,"Walecka, John Dirk; Massachusetts Institute of Technology. Department of Physics","Heisenberg, Werner (1901-1976)",,Brief
DE-611-HS-3648534,"Brief von R. J. Walen von Institut za nuklearne nauke ""Boris Kidrič"" an Werner Heisenberg, 15.07.1954",1954-07-15,"Walen, R. J.; Institut za nuklearne nauke ""Boris Kidrič"" (1953-1991)","Heisenberg, Werner (1901-1976)",,Brief
DE-611-HS-3648537,"Brief von Werner Heisenberg an Mark E. Walker, 04.09.1974",1974-09-04,"Heisenberg, Werner (1901-1976)","Walker, Mark E. [vermutlich]","Democritus, Abderita; Gassendi, Pierre (1592-1655)",Brief
DE-611-HS-3648545,"Brief von Mark E. Walker an Werner Heisenberg, 20.08.1974",1974-08-20,"Walker, Mark E. [vermutlich]","Heisenberg, Werner (1901-1976)",,Brief
DE-611-HS-3648555,"Brief von Bernd Wall an Werner Heisenberg, 13.08.1967",1967-08-13,"Wall, Bernd (1945-)","Heisenberg, Werner (1901-1976)",,Brief
DE-611-HS-3648561,"Brief von Bernd Wall an Max-Planck-Institut für Physik und Astrophysik, 24.09.1966",1966-09-24,"Wall, Bernd (1945-)",Max-Planck-Institut für Physik und Astrophysik (1958-1991),"Heisenberg, Werner (1901-1976)",Brief
DE-611-HS-3648564,Aktenverweis (Incipit der Unterlage),unknown,,,,unknown
DE-611-HS-3650607,"Brief von H. A. Wallis an Werner Heisenberg, 28.08.1959",1959-08-28,"Wallis, H. A.","Heisenberg, Werner (1901-1976)",,Brief
DE-611-HS-3650617,"Brief von Pedro Waloschek von Istituto di Fisica (Bologna) an Werner Heisenberg, 18.03.1957",1957-03-18,"Waloschek, Pedro (-2012); Istituto di Fisica (Bologna)","Heisenberg, Werner (1901-1976)","Ceccarelli, Marcello",Brief
DE-611-HS-3650623,"Brief von Werner Heisenberg an Pedro Waloschek an Istituto di Fisica (Bologna), 02.02.1957",1957-02-02,"Heisenberg, Werner (1901-1976)","Waloschek, Pedro (-2012); Istituto di Fisica (Bologna)","Crussard, Jean; Gottstein, Klaus (1924-2020)",Brief
DE-611-HS-3650636,"Brief von Werner Heisenberg an Hans-Albert Walter, 08.05.1974",1974-05-08,"Heisenberg, Werner (1901-1976)","Walter, Hans-Albert (1935-2016)","Roubiczek, Hjördis",Brief
DE-611-HS-3650645,"Brief von Hans-Albert Walter an Werner Heisenberg, 02.05.1974",1974-05-02,"Walter, Hans-Albert (1935-2016)","Heisenberg, Werner (1901-1976)","Roubiczek, Hjördis; Roubiczek, Paul (1898-1972)",Brief
DE-611-HS-3650675,"Brief von Hans-Dieter Walter an Werner Heisenberg, o.D.",o.D.,"Walter, Hans-Dieter","Heisenberg, Werner (1901-1976)",,Brief
DE-611-HS-3650686,"Brief von Hildegard Wöhrle von Max-Planck-Institut für Physik. Direktion. Sekretariat an Walter-Verlag (Olten), 25.10.1965",1965-10-25,"Wöhrle, Hildegard (1934-2020); Max-Planck-Institut für Physik. Direktion. Sekretariat",Walter-Verlag (Olten) (1916-2010),"Heisenberg, Werner (1901-1976); Haverbeck, Werner Georg (1909-1999)",Brief
DE-611-HS-3650698,"Brief von Annemarie Giese von Max-Planck-Institut für Physik. Direktion. Sekretariat an Ludwig Vaubel an Walter-Raymond-Stiftung der BDA, 05.08.1969",1969-08-05,"Giese, Annemarie; Max-Planck-Institut für Physik. Direktion. Sekretariat","Vaubel, Ludwig; Walter-Raymond-Stiftung der BDA (1959-)","Heisenberg, Werner (1901-1976)",Brief
DE-611-HS-3650710,"Brief von Ludwig Vaubel von Walter-Raymond-Stiftung der BDA an Werner Heisenberg, 22.07.1969",1969-07-22,"Vaubel, Ludwig; Walter-Raymond-Stiftung der BDA (1959-)","Heisenberg, Werner (1901-1976)",,Brief
DE-611-HS-3650714,Aktenverweis (Incipit der Unterlage),unknown,,,,unknown
DE-611-HS-3650727,"Brief von Werner Heisenberg an Ernst Carl Gerlach Stueckelberg von Breidenbach an Université de Lausanne . Laboratoire de physique (Lausanne), 13.12.1960",1960-12-13,"Heisenberg, Werner (1901-1976)","Stueckelberg von Breidenbach, Ernst Carl Gerlach; Université de Lausanne (Lausanne). Laboratoire de physique","Wanders, Gérard (1930-)",Brief
DE-611-HS-3650738,"Brief von Ernst Carl Gerlach Stueckelberg von Breidenbach von Université de Lausanne . Laboratoire de physique (Lausanne) an Werner Heisenberg, 05.12.1960",1960-12-05,"Stueckelberg von Breidenbach, Ernst Carl Gerlach; Université de Lausanne (Lausanne). Laboratoire de physique","Heisenberg, Werner (1901-1976)",,Brief
DE-611-HS-3650799,"Brief von Gérard Wanders an Werner Heisenberg, 30.09.1959",1959-09-30,"Wanders, Gérard (1930-)","Heisenberg, Werner (1901-1976)","Lehmann, Harry (1924-1998); Zimmermann, Wolfhart (1928-2016)",Brief
DE-611-HS-3650820,"Brief von Annemarie Giese von Max-Planck-Institut für Physik. Direktion. Sekretariat an Erich Wanek, 30.07.1962",1962-07-30,"Giese, Annemarie; Max-Planck-Institut für Physik. Direktion. Sekretariat","Wanek, Erich (1926-2010)","Heisenberg, Werner (1901-1976)",Brief
DE-611-HS-3650854,"Brief von Erich Wanek an Werner Heisenberg, 13.07.1962",1962-07-13,"Wanek, Erich (1926-2010)","Heisenberg, Werner (1901-1976)",,Brief
DE-611-HS-3650887,"Brief von Werner Heisenberg an Chia Ping Wang an Case Western Reserve University. Department of Physics, 10.04.1970",1970-04-10,"Heisenberg, Werner (1901-1976)","Wang, Chia Ping; Case Western Reserve University. Department of Physics",,Brief
DE-611-HS-3650916,"Brief von Chia Ping Wang von Case Western Reserve University. Department of Physics an Werner Heisenberg, 08.03.1970",1970-03-08,"Wang, Chia Ping; Case Western Reserve University. Department of Physics","Heisenberg, Werner (1901-1976)",,Brief
DE-611-HS-3650929,"Brief von Wolfgang Wangler an Werner Heisenberg, 20.01.1970 [ca.]",1970-01-20,"Wangler, Wolfgang","Heisenberg, Werner (1901-1976)",,Brief
DE-611-HS-3650936,Am 1. August 1970 verstarb im 87. Lebensjahr Professor ... Otto Warburg (Incipit der Unterlage),1970-08-03,,,,unknown
DE-611-HS-3650942,"Brief von Otto Warburg an Werner Heisenberg, 17.11.1969",1969-11-17,"Warburg, Otto (1883-1970)","Heisenberg, Werner (1901-1976)",,Brief
DE-611-HS-3650996,"Brief von Kurt Ballreich von Max-Planck-Gesellschaft zur Förderung der Wissenschaften. Generalverwaltung an Max-Planck-Gesellschaft zur Förderung der Wissenschaften, 16.09.1963",1963-09-16,"Ballreich, Kurt; Max-Planck-Gesellschaft zur Förderung der Wissenschaften. Generalverwaltung",Max-Planck-Gesellschaft zur Förderung der Wissenschaften (1948-),"Warburg, Otto (1883-1970)",Brief
DE-611-HS-3651012,"Brief von Werner Heisenberg an Otto Warburg an Max-Planck-Institut für Zellphysiologie, 13.12.1957",1957-12-13,"Heisenberg, Werner (1901-1976)","Warburg, Otto (1883-1970); Max-Planck-Institut für Zellphysiologie (1953-1973)","Szilard, Leo (1898-1964) [vermutlich]",Brief
DE-611-HS-3651053,"Brief von Otto Warburg an Werner Heisenberg, 10.12.1957",1957-12-10,"Warburg, Otto (1883-1970)","Heisenberg, Werner (1901-1976)","Szilard, Leo (1898-1964) [vermutlich]",Brief
DE-611-HS-3651064,"Brief von Werner Heisenberg an Hildebrand Gurlitt an Kunstverein für die Rheinlande und Westfalen, 26.07.1955",1955-07-26,"Heisenberg, Werner (1901-1976)","Gurlitt, Hildebrand (1895-1956); Kunstverein für die Rheinlande und Westfalen (1829-)","Warburg, Otto (1883-1970)",Brief
DE-611-HS-3651321,"Brief von Walther von Wartburg an Werner Heisenberg, 22.05.1968",1968-05-22,"Wartburg, Walther von (1888-1971)","Heisenberg, Werner (1901-1976) [vermutlich]",,Brief
DE-611-HS-3651324,"Brief von Werner Heisenberg an Eligio Perucca an Politecnico di Torino, 30.01.1951",1951-01-30,"Heisenberg, Werner (1901-1976)","Perucca, Eligio; Politecnico di Torino (1906-)","Wataghin, Gleb (1899-1986)",Brief
DE-611-HS-3651329,"Brief von Eligio Perucca von Politecnico di Torino an Werner Heisenberg, 25.01.1951",1951-01-25,"Perucca, Eligio; Politecnico di Torino (1906-)","Heisenberg, Werner (1901-1976)",,Brief
DE-611-HS-3651341,"Brief von Gleb Wataghin von Università degli studi di Torino. Instituto di fisica an Werner Heisenberg, 18.07.1949",1949-07-18,"Wataghin, Gleb (1899-1986); Università degli studi di Torino. Instituto di fisica","Heisenberg, Werner (1901-1976)","Leal Ferreira, José Hugo",Brief
DE-611-HS-3651348,"Brief von Gleb Wataghin von Università degli studi di Torino. Instituto di fisica an Werner Heisenberg, 14.06.1949",1949-06-14,"Wataghin, Gleb (1899-1986); Università degli studi di Torino. Instituto di fisica","Heisenberg, Werner (1901-1976)","Heisenberg, Elisabeth (1914-1998); Koppe, Heinz (1918-2000)",Brief
DE-611-HS-3651353,"Brief von Gleb Wataghin von Università degli studi di Torino. Instituto di fisica an Werner Heisenberg, 01.03.1949",1949-03-01,"Wataghin, Gleb (1899-1986); Università degli studi di Torino. Instituto di fisica","Heisenberg, Werner (1901-1976)","Amaldi, Edoardo (1908-1989)",Brief
DE-611-HS-3651364,"Brief von A. P. Waterson von St. Thomas' Hospital (London) an Max-Planck-Institut für Physik. Direktion. Sekretariat, 25.01.1965",1965-01-25,"Waterson, A. P.; St. Thomas' Hospital (London)",Max-Planck-Institut für Physik. Direktion. Sekretariat,,Brief
DE-611-HS-3651383,"Brief von Cambridge University Press an Werner Heisenberg, 17.04.1948",1948-04-17,Cambridge University Press (1583-),"Heisenberg, Werner (1901-1976)","Roberts, Sydney C.",Brief
DE-611-HS-3651394,Aktenverweis (Incipit der Unterlage),unknown,,,,unknown
DE-611-HS-3651404,"Brief von Werner Heisenberg an Wayss-und-Freytag-Aktiengesellschaft, 16.05.1961",1961-05-16,"Heisenberg, Werner (1901-1976)",Wayss-und-Freytag-Aktiengesellschaft (1924-1932),,Brief
DE-611-HS-3651409,"Brief von Wayss-und-Freytag-Aktiengesellschaft an Werner Heisenberg, 12.05.1961",1961-05-12,Wayss-und-Freytag-Aktiengesellschaft (1924-1932),"Heisenberg, Werner (1901-1976)",,Brief
DE-611-HS-3651419,"Brief von Werner Heisenberg an Robert Alexander Weale an University of London. Institute of Ophthalmology, 24.01.1950",1950-01-24,"Heisenberg, Werner (1901-1976)","Weale, Robert Alexander (1922-2013); University of London. Institute of Ophthalmology",,Brief
DE-611-HS-3651425,"Brief von Robert Alexander Weale von University of London. Institute of Ophthalmology an Werner Heisenberg, 20.01.1950",1950-01-20,"Weale, Robert Alexander (1922-2013); University of London. Institute of Ophthalmology","Heisenberg, Werner (1901-1976)",,Brief
DE-611-HS-3651436,"Brief von Warren Weaver von The Rockefeller Foundation an Werner Heisenberg, 22.11.1949",1949-11-22,"Weaver, Warren (1923-1997); The Rockefeller Foundation","Heisenberg, Werner (1901-1976)",,Brief
DE-611-HS-3651456,"Brief von Wilmot H. Webb von Princeton University. Department of Aeronautical Engineering an Werner Heisenberg, 22.08.1961",1961-08-22,"Webb, Wilmot H.; Princeton University. Department of Aeronautical Engineering (-1978)","Heisenberg, Werner (1901-1976)",,Brief
DE-611-BF-80361,"495. IV. Institutionen, 1. Korrespondenz: Webe-Weid",1951,,,,unknown
DE-611-HS-3651606,"Brief von Anton Weber an Werner Heisenberg, 05.12.1970",1970-12-05,"Weber, Anton","Heisenberg, Werner (1901-1976)",,Brief
DE-611-HS-3651612,"Brief von Werner Heisenberg an Anton Weber, 10.12.1970",1970-12-10,"Heisenberg, Werner (1901-1976)","Weber, Anton",,Brief
DE-611-HS-3651617,Aktenverweis (Einheitstitel von Bearbeiter/in),1970,,,,unknown
DE-611-HS-3651628,"Brief von Annemarie Giese von Max-Planck-Institut für Physik. Direktion. Sekretariat an Europäische Kommission. Verbindungsbüro, 14.06.1968",1968-06-14,"Giese, Annemarie; Max-Planck-Institut für Physik. Direktion. Sekretariat",Europäische Kommission. Verbindungsbüro (1967-1976),"Heisenberg, Werner (1901-1976)",Brief
DE-611-HS-3651635,"Brief von Werner Heisenberg an Alfred Weber, 11.01.1954",1954-01-11,"Heisenberg, Werner (1901-1976)","Weber, Alfred (1868-1958)",,Brief
DE-611-HS-3651647,"Brief von Alfred Weber an Werner Heisenberg, 06.01.1954",1954-01-06,"Weber, Alfred (1868-1958)","Heisenberg, Werner (1901-1976)",,Brief
DE-611-HS-3651664,"Brief von Klaus Gottstein an Erwin Weber, 24.01.1969",1969-01-24,"Gottstein, Klaus (1924-2020)","Weber, Erwin",,Brief
DE-611-HS-3651679,Aktenverweis (Einheitstitel von Bearbeiter/in),1964-10-02,,,,unknown
DE-611-HS-3651685,"Brief von Annemarie Giese von Max-Planck-Institut für Physik. Direktion. Sekretariat an Günter Gerhard Weber an Theoretical Chemistry Institute, 05.11.1964",1964-11-05,"Giese, Annemarie; Max-Planck-Institut für Physik. Direktion. Sekretariat","Weber, Günter Gerhard [vermutlich]; Theoretical Chemistry Institute","Heisenberg, Werner (1901-1976); Biermann, Ludwig (1907-1986)",Brief
DE-611-HS-3651695,Am 12. Juni 1974 starb in Heidelberg ... Professor ... Hans-Hermann Weber (Incipit der Unterlage),1974-06-15,"Lüst, Reimar (1923-2020); Max-Planck-Gesellschaft zur Förderung der Wissenschaften (1948-)",,,unknown
DE-611-HS-3651699,Aktenverweis (Einheitstitel von Bearbeiter/in),1970,,,,unknown
DE-611-HS-3651718,"Brief von Hans Hermann Weber von Max-Planck-Institut für Medizinische Forschung. Institut für Physiologie, Max-Planck-Gesellschaft zur Förderung der Wissenschaften. Biologisch-Medizinische Sektion an Werner Heisenberg, 03.06.1969",1969-06-03,"Weber, Hans Hermann (1896-1974); Max-Planck-Institut für Medizinische Forschung. Institut für Physiologie; Max-Planck-Gesellschaft zur Förderung der Wissenschaften. Biologisch-Medizinische Sektion","Heisenberg, Werner (1901-1976)","Melchers, Georg (1906-1997)",Brief
DE-611-HS-3653521,"Brief von Werner Heisenberg an Hans Hermann Weber an Max-Planck-Gesellschaft zur Förderung der Wissenschaften. Biologisch-Medizinische Sektion, 22.05.1969",1969-05-22,"Heisenberg, Werner (1901-1976)","Weber, Hans Hermann (1896-1974); Max-Planck-Gesellschaft zur Förderung der Wissenschaften. Biologisch-Medizinische Sektion","Melcher, Rudolf",Brief
DE-611-HS-3653529,"Brief von Hans Hermann Weber von Max-Planck-Institut für Medizinische Forschung. Institut für Physiologie, Max-Planck-Gesellschaft zur Förderung der Wissenschaften. Biologisch-Medizinische Sektion an Werner Heisenberg, 16.05.1969",1969-05-16,"Weber, Hans Hermann (1896-1974); Max-Planck-Institut für Medizinische Forschung. Institut für Physiologie; Max-Planck-Gesellschaft zur Förderung der Wissenschaften. Biologisch-Medizinische Sektion","Heisenberg, Werner (1901-1976)","Melchers, Georg (1906-1997)",Brief
DE-611-HS-3653547,"Brief von Werner Heisenberg an Spedition Hermann Weber, 10.07.1958",1958-07-10,"Heisenberg, Werner (1901-1976)",Spedition Hermann Weber (1892-),,Brief
DE-611-HS-3653552,"Brief von Werner Heisenberg an Horst Weber, 05.08.1974",1974-08-05,"Heisenberg, Werner (1901-1976)","Weber, Horst","Weizsäcker, Carl Friedrich von (1912-2007)",Brief
DE-611-HS-3653596,"Brief von Horst Weber an Werner Heisenberg, 31.07.1974",1974-07-31,"Weber, Horst","Heisenberg, Werner (1901-1976)",,Brief
DE-611-HS-3653621,"Brief von Jack M. Webster an Werner Heisenberg, 14.05.1972",1972-05-14,"Webster, Jack M.","Heisenberg, Werner (1901-1976)","Einstein, Albert (1879-1955)",Brief
DE-611-HS-3653641,"Brief von Jack M. Webster an Werner Heisenberg, 11.05.1972",1972-05-11,"Webster, Jack M.","Heisenberg, Werner (1901-1976)","Einstein, Albert (1879-1955)",Brief
DE-611-HS-3653652,"Brief von Thomas Wechs an Werner Heisenberg, 1968",1968,"Wechs, Thomas (1893-1970)","Heisenberg, Werner (1901-1976) [vermutlich]",,Brief
DE-611-HS-3653664,Aktenverweis (Einheitstitel von Bearbeiter/in),unknown,,,,unknown
DE-611-HS-3653669,"Brief von Werner Heisenberg an Thomas Wechs und Thomas Wechs, 27.07.1964",1964-07-27,"Heisenberg, Werner (1901-1976)","Wechs, Thomas (1893-1970); Wechs, Thomas",,Brief
DE-611-HS-3653673,"Brief von Thomas Wechs an Werner Heisenberg, 20.07.1964",1964-07-20,"Wechs, Thomas (1893-1970)","Heisenberg, Werner (1901-1976)","Wechs, Thomas",Brief
DE-611-HS-3653688,"Brief von Wiltrud Huber von Max-Planck-Institut für Physik. Direktion. Sekretariat an Rudolph Weckering, 02.06.1967",1967-06-02,"Huber, Wiltrud; Max-Planck-Institut für Physik. Direktion. Sekretariat","Weckering, Rudolph [vermutlich]","Heisenberg, Werner (1901-1976)",Brief
DE-611-HS-3653699,"Brief von Rudolph Weckering an Werner Heisenberg, 15.05.1967",1967-05-15,"Weckering, Rudolph","Heisenberg, Werner (1901-1976)",,Brief
DE-611-HS-3653706,"Brief von Graf von Emil Wedel an Werner Heisenberg, 1962 [November]",1962,"Wedel, Emil, Graf von","Heisenberg, Werner (1901-1976) [vermutlich]",,Brief
DE-611-HS-3653721,"Brief von Werner Heisenberg an Graf von Emil Wedel, 30.04.1962",1962-04-30,"Heisenberg, Werner (1901-1976)","Wedel, Emil, Graf von",,Brief
DE-611-HS-3653732,"Brief von Graf von Emil Wedel an Werner Heisenberg, 24.04.1962",1962-04-24,"Wedel, Emil, Graf von","Heisenberg, Werner (1901-1976)","Bernal, John D. (1901-1971)",Brief
DE-611-HS-3653885,"Brief von Werner Heisenberg an Mogens Wegener, 22.02.1963",1963-02-22,"Heisenberg, Werner (1901-1976)","Wegener, Mogens","Bohr, Niels (1885-1962)",Brief
DE-611-HS-3653908,"Brief von Mogens Wegener an Werner Heisenberg, 17.02.1963",1963-02-17,"Wegener, Mogens","Heisenberg, Werner (1901-1976)","Bohr, Niels (1885-1962)",Brief
DE-611-HS-3653922,"Brief von Peter P. Wegener von US Naval Ordnance Laboratory (White Oak, Md.) an Werner Heisenberg, 24.09.1951",1951-09-24,"Wegener, Peter P. (1917-2008); US Naval Ordnance Laboratory (White Oak, Md.)","Heisenberg, Werner (1901-1976)",,Brief
DE-611-HS-3653927,"Brief von Howard McMillen von US Naval Ordnance Laboratory (White Oak, Md.) an Werner Heisenberg, 24.07.1951",1951-07-24,"McMillen, Howard [vermutlich]; US Naval Ordnance Laboratory (White Oak, Md.)","Heisenberg, Werner (1901-1976)","Wegener, Peter P. (1917-2008)",Brief
DE-611-HS-3653940,"Brief von Raymond J. Seeger von US Naval Ordnance Laboratory (White Oak, Md.) an Werner Heisenberg, 24.07.1951",1951-07-24,"Seeger, Raymond J.; US Naval Ordnance Laboratory (White Oak, Md.)","Heisenberg, Werner (1901-1976)","Wegener, Peter P. (1917-2008); Kurzweg, Hermann (1908-2000); Weizsäcker, Carl Friedrich von (1912-2007)",Brief
DE-611-HS-3653961,"Brief von Karl Hermann Wegerhoff an Werner Heisenberg, o.D.",o.D.,"Wegerhoff, Karl Hermann (1926-)","Heisenberg, Werner (1901-1976)",,Brief
DE-611-HS-3653969,"Brief von Annemarie Giese von Max-Planck-Institut für Physik. Direktion. Sekretariat an Christian-Wegner-Verlag, 03.11.1967",1967-11-03,"Giese, Annemarie; Max-Planck-Institut für Physik. Direktion. Sekretariat",Christian-Wegner-Verlag,"Heisenberg, Werner (1901-1976)",Brief
DE-611-HS-3653978,"Brief von Maria Honeit von Christian-Wegner-Verlag an Werner Heisenberg, 05.09.1967",1967-09-05,"Honeit, Maria; Christian-Wegner-Verlag","Heisenberg, Werner (1901-1976)",,Brief
DE-611-HS-3654007,"Brief von Hans A. Neunzig von Christian-Wegner-Verlag an Werner Heisenberg, 09.12.1966",1966-12-09,"Neunzig, Hans A.; Christian-Wegner-Verlag","Heisenberg, Werner (1901-1976)",,Brief
DE-611-HS-3654008,"Brief von Werner Heisenberg an Hans A. Neunzig an Christian-Wegner-Verlag, 19.12.1966",1966-12-19,"Heisenberg, Werner (1901-1976)","Neunzig, Hans A.; Christian-Wegner-Verlag",,Brief
DE-611-HS-3654014,"Brief von Annemarie Giese von Max-Planck-Institut für Physik. Direktion. Sekretariat an Wilfried Wehling, 02.02.1971",1971-02-02,"Giese, Annemarie; Max-Planck-Institut für Physik. Direktion. Sekretariat","Wehling, Wilfried","Heisenberg, Werner (1901-1976)",Brief
DE-611-HS-3654017,"Brief von Wilfried Wehling an Werner Heisenberg, 23.01.1971",1971-01-23,"Wehling, Wilfried","Heisenberg, Werner (1901-1976)",,Brief
DE-611-HS-3654022,"Brief von Werner Heisenberg an Günther Wehr, 23.05.1973",1973-05-23,"Heisenberg, Werner (1901-1976)","Wehr, Günther [vermutlich]","Simmerding, Franz [vermutlich]",Brief
DE-611-HS-3654186,"Brief von Werner Heisenberg an O. H. Wehrmann an Boeing Scientific Laboratories (Seattle), 14.06.1967",1967-06-14,"Heisenberg, Werner (1901-1976)","Wehrmann, O. H.; Boeing Scientific Laboratories (Seattle)",,Brief
DE-611-HS-3654199,"Brief von O. H. Wehrmann von Boeing Scientific Laboratories (Seattle) an Werner Heisenberg, 05.06.1967",1967-06-05,"Wehrmann, O. H.; Boeing Scientific Laboratories (Seattle)","Heisenberg, Werner (1901-1976)",,Brief
DE-611-HS-3654212,"Brief von Hartmut Wehrt an Annemarie Giese, 12.03.1973",1973-03-12,"Wehrt, Hartmut [vermutlich]","Giese, Annemarie","Heisenberg, Werner (1901-1976)",Brief
DE-611-HS-3654263,"Brief von Hartmut Wehrt an Annemarie Giese, 03.02.1973",1973-02-03,"Wehrt, Hartmut [vermutlich]","Giese, Annemarie","Heisenberg, Werner (1901-1976)",Brief
DE-611-HS-3654302,"Brief von Annemarie Giese an Hartmut Wehrt, 18.10.1971",1971-10-18,"Giese, Annemarie","Wehrt, Hartmut","Heisenberg, Werner (1901-1976)",Brief
DE-611-HS-3654314,"Brief von Hartmut Wehrt an Annemarie Giese, 06.11.1970",1970-11-06,"Wehrt, Hartmut [vermutlich]","Giese, Annemarie","Heisenberg, Werner (1901-1976)",Brief
DE-611-HS-3654320,"Brief von Hartmut Wehrt an Annemarie Giese, 09.09.1968",1968-09-09,"Wehrt, Hartmut [vermutlich]","Giese, Annemarie","Heisenberg, Werner (1901-1976)",Brief
DE-611-HS-3654328,"Brief von Hartmut Wehrt an Annemarie Giese, 04.09.1968",1968-09-04,"Wehrt, Hartmut [vermutlich]","Giese, Annemarie","Heisenberg, Werner (1901-1976)",Brief
DE-611-HS-3654338,"Brief von Annemarie Giese an Hartmut Wehrt, 21.09.1966",1966-09-21,"Giese, Annemarie","Wehrt, Hartmut","Heisenberg, Werner (1901-1976)",Brief
DE-611-HS-3654354,"Brief von Hartmut Wehrt an Annemarie Giese, 19.09.1966",1966-09-19,"Wehrt, Hartmut [vermutlich]","Giese, Annemarie","Heisenberg, Werner (1901-1976)",Brief
DE-611-HS-3654363,"Brief von Annemarie Giese an Hartmut Wehrt, 17.08.1966",1966-08-17,"Giese, Annemarie","Wehrt, Hartmut","Heisenberg, Werner (1901-1976)",Brief
DE-611-HS-3654370,"Brief von Hartmut Wehrt an Annemarie Giese, 1966 [Aug.]",1966,"Wehrt, Hartmut [vermutlich]","Giese, Annemarie","Heisenberg, Werner (1901-1976)",Brief
DE-611-HS-3654376,Aktenverweis (Einheitstitel von Bearbeiter/in),unknown,,,,unknown
DE-611-HS-3654393,"Brief von L. Y. Wei von University of Washington. Department of Electrical Engineering an Werner Heisenberg, 07.07.1959",1959-07-07,"Wei, L. Y.; University of Washington. Department of Electrical Engineering (-2018)","Heisenberg, Werner (1901-1976)",,Brief
DE-611-HS-3654423,"Brief von L. Weibel-Baron an Werner Heisenberg, 1968 [ca.]",1968,"Weibel-Baron, L.","Heisenberg, Werner (1901-1976) [vermutlich]",,Brief
DE-611-HS-3654439,"Brief von L. Weibel-Baron an Werner Heisenberg, 10.02.1968",1968-02-10,"Weibel-Baron, L.","Heisenberg, Werner (1901-1976)",,Brief
DE-611-HS-3654468,"Brief von Werner Heisenberg an Klaus Weidauer, 07.03.1968",1968-03-07,"Heisenberg, Werner (1901-1976)","Weidauer, Klaus (1921-2013)",,Brief
DE-611-HS-3654477,"Brief von Klaus Weidauer von Schule Birklehof an Werner Heisenberg, 26.02.1968",1968-02-26,"Weidauer, Klaus (1921-2013); Schule Birklehof (1932-)","Heisenberg, Werner (1901-1976)",,Brief
DE-611-HS-3654481,"Brief von Werner Heisenberg an Klaus Weidauer an Schule Birklehof, 22.02.1968",1968-02-22,"Heisenberg, Werner (1901-1976)","Weidauer, Klaus (1921-2013); Schule Birklehof (1932-)",,Brief
DE-611-HS-3654489,"Brief von Klaus Weidauer von Schule Birklehof an Werner Heisenberg, 14.02.1968",1968-02-14,"Weidauer, Klaus (1921-2013); Schule Birklehof (1932-)","Heisenberg, Werner (1901-1976)",,Brief
DE-611-HS-3654638,"Brief von Elisabeth Weidauer an Werner Heisenberg, 14.05.1953",1953-05-14,"Weidauer, Elisabeth","Heisenberg, Werner (1901-1976)",,Brief
DE-611-HS-3654672,"Brief von Bernd Acker von Universität Karlsruhe. Institut für Technische Mechanik an Werner Heisenberg, 18.12.1970",1970-12-18,"Acker, Bernd; Universität Karlsruhe. Institut für Technische Mechanik (-2009)","Heisenberg, Werner (1901-1976)","Weidenhammer, F.",Brief
DE-611-HS-3654682,Aktenverweis (Einheitstitel von Bearbeiter/in),unknown,,,,unknown
DE-611-HS-3654690,"Brief von Gerhart Lüders an Hans-Arwed Weidenmüller an University of Minnesota. Department of Physics, 02.06.1959",1959-06-02,"Lüders, Gerhart (1920-1995)","Weidenmüller, Hans-Arwed (1933-); University of Minnesota. Department of Physics",,Brief
DE-611-HS-3654693,"Brief von Gerhart Lüders an Hans-Arwed Weidenmüller an University of Minnesota. Department of Physics, 10.06.1959",1959-06-10,"Lüders, Gerhart (1920-1995)","Weidenmüller, Hans-Arwed (1933-); University of Minnesota. Department of Physics","Heisenberg, Werner (1901-1976)",Brief
DE-611-HS-3654700,"Brief von Hans-Arwed Weidenmüller von University of Minnesota. Department of Physics an Gerhart Lüders, 15.06.1959",1959-06-15,"Weidenmüller, Hans-Arwed (1933-); University of Minnesota. Department of Physics","Lüders, Gerhart (1920-1995)","Heisenberg, Werner (1901-1976)",Brief
DE-611-HS-3654706,"Brief von Gerhart Lüders an Hans-Arwed Weidenmüller an University of Minnesota. Department of Physics, 23.06.1959",1959-06-23,"Lüders, Gerhart (1920-1995)","Weidenmüller, Hans-Arwed (1933-); University of Minnesota. Department of Physics",,Brief
DE-611-HS-3655589,Aktenverweis (Einheitstitel von Bearbeiter/in),1972-07-11,,,,unknown
DE-611-HS-3655594,Aktenverweis (Einheitstitel von Bearbeiter/in),1958-11-10,,,,unknown
DE-611-HS-3655599,"Brief von Annemarie Giese von Max-Planck-Institut für Physik. Direktion. Sekretariat an Julius Weidner, 03.11.1958",1958-11-03,"Giese, Annemarie; Max-Planck-Institut für Physik. Direktion. Sekretariat","Weidner, Julius","Heisenberg, Werner (1901-1976); Lüders, Gerhart (1920-1995); Symanzik, Kurt (1923-1983)",Brief
DE-611-HS-3655601,"Brief von Julius Weidner an Werner Heisenberg, 28.07.1958",1958-07-28,"Weidner, Julius","Heisenberg, Werner (1901-1976)",,Brief
DE-611-HS-3655607,"Brief von Werner Heisenberg an Julius Weidner, 24.05.1957",1957-05-24,"Heisenberg, Werner (1901-1976)","Weidner, Julius",,Brief
DE-611-HS-3655609,"Brief von Julius Weidner an Werner Heisenberg, 22.05.1958",1958-05-22,"Weidner, Julius","Heisenberg, Werner (1901-1976)",,Brief
DE-611-HS-3655614,"Brief von Julius Weidner an Werner Heisenberg, 01.05.1957",1957-05-01,"Weidner, Julius","Heisenberg, Werner (1901-1976)","Bopp, Fritz (1909-1987)",Brief
DE-611-HS-3655618,"Brief von Julius Weidner an Werner Heisenberg, 10.09.1956",1956-09-10,"Weidner, Julius","Heisenberg, Werner (1901-1976)","Bopp, Fritz (1909-1987)",Brief
DE-611-HS-3655630,"Brief von Werner Heisenberg an Bernd Acker an Universität Karlsruhe. Institut für Technische Mechanik, 21.12.1970",1970-12-21,"Heisenberg, Werner (1901-1976)","Acker, Bernd; Universität Karlsruhe. Institut für Technische Mechanik (-2009)","Weidenhammer, F.",Brief
DE-611-BF-80362,"496. IV. Institutionen, 1. Korrespondenz: Weig-Weiz",1951,,,,unknown
DE-611-HS-3655663,"Brief von Walter Weigmann an Werner Heisenberg, 09.03.1937",1937-03-09,"Weigmann, Walter (1902-1945) [vermutlich]","Heisenberg, Werner (1901-1976)","Heisenberg, Elisabeth (1914-1998)",Brief
DE-611-HS-3655724,"Brief von Werner Heisenberg an Hermann J. Weihe, 07.07.1971",1971-07-07,"Heisenberg, Werner (1901-1976)","Weihe, Hermann J.",,Brief
DE-611-HS-3655730,"Brief von Hermann J. Weihe an Werner Heisenberg, 21.06.1971",1971-06-21,"Weihe, Hermann J.","Heisenberg, Werner (1901-1976)",,Brief
DE-611-HS-3655735,"Brief von Werner Heisenberg an Karl Weimer, 22.05.1957",1957-05-22,"Heisenberg, Werner (1901-1976)","Weimer, Karl","Gierke, Gerhart von (1922-2003)",Brief
DE-611-HS-3655737,"Brief von Karl Weimer von Physikalische Studiengesellschaft (Düsseldorf) an Werner Heisenberg, 24.04.1957",1957-04-24,"Weimer, Karl; Physikalische Studiengesellschaft (Düsseldorf)","Heisenberg, Werner (1901-1976)",,Brief
DE-611-HS-3655742,Visitenkarte Hermann Wein (Einheitstitel von Bearbeiter/in),1967,,,,unknown
DE-611-HS-3655747,"Brief von Hermann Wein an Werner Heisenberg, o.D.",o.D.,"Wein, Hermann","Heisenberg, Werner (1901-1976)",,Brief
DE-611-HS-3655752,"Brief von Martin Wein an Werner Heisenberg, 27.02.1967",1967-02-27,"Wein, Martin (1925-) [vermutlich]","Heisenberg, Werner (1901-1976)",,Brief
DE-611-HS-3655753,"Brief von Werner Heisenberg an Martin Wein, 15.03.1966",1966-03-15,"Heisenberg, Werner (1901-1976)","Wein, Martin (1925-)",,Brief
DE-611-HS-3655756,"Brief von Martin Wein an Werner Heisenberg, 08.03.1966",1966-03-08,"Wein, Martin (1925-) [vermutlich]","Heisenberg, Werner (1901-1976)",,Brief
DE-611-HS-3655909,"Brief von Werner Heisenberg an Steven Weinberg an Massachusetts Institute of Technology. Department of Physics, 12.07.1968",1968-07-12,"Heisenberg, Werner (1901-1976)","Weinberg, Steven (1933-2021); Massachusetts Institute of Technology. Department of Physics","Dürr, Hans-Peter (1929-2014)",Brief
DE-611-HS-3655911,Aktennotizen (Einheitstitel von Bearbeiter/in),unknown,,,,unknown
DE-611-HS-3655918,Aktennotizen (Einheitstitel von Bearbeiter/in),unknown,,,,unknown
DE-611-HS-3655922,"Brief von Annemarie Giese von Max-Planck-Institut für Physik. Direktion. Sekretariat an Richard M. Weiner an Rheinische Friedrich-Wilhelms-Universität Bonn. Physikalisches Institut, 12.05.1970",1970-05-12,"Giese, Annemarie; Max-Planck-Institut für Physik. Direktion. Sekretariat","Weiner, Richard M. (1930-2020); Rheinische Friedrich-Wilhelms-Universität Bonn. Physikalisches Institut","Heisenberg, Werner (1901-1976)",Brief
DE-611-HS-3655927,"Brief von Richard M. Weiner von Rheinische Friedrich-Wilhelms-Universität Bonn. Physikalisches Institut an Werner Heisenberg, 23.04.1970",1970-04-23,"Weiner, Richard M. (1930-2020); Rheinische Friedrich-Wilhelms-Universität Bonn. Physikalisches Institut","Heisenberg, Werner (1901-1976)",,Brief
DE-611-HS-3655932,"Brief von T. Weiner von Rutgers University. Department of Physics an Werner Heisenberg, 11.05.1959",1959-05-11,"Weiner, T.; Rutgers University. Department of Physics","Heisenberg, Werner (1901-1976)",,Brief
DE-611-HS-3655934,"Brief von T. Weiner von Rutgers University. Department of Physics an Werner Heisenberg, 02.05.1959",1959-05-02,"Weiner, T.; Rutgers University. Department of Physics","Heisenberg, Werner (1901-1976)",,Brief
DE-611-HS-3655937,"Brief von T. Weiner an Werner Heisenberg, 03.01.1954",1954-01-03,"Weiner, T.","Heisenberg, Werner (1901-1976)",,Brief
DE-611-HS-3655938,"Brief von Werner Heisenberg an T. Weiner, 15.12.1953",1953-12-15,"Heisenberg, Werner (1901-1976)","Weiner, T.",,Brief
DE-611-HS-3655939,"Brief von T. Weiner an Werner Heisenberg, 29.11.1953",1953-11-29,"Weiner, T.","Heisenberg, Werner (1901-1976)","Einstein, Albert (1879-1955)",Brief
DE-611-HS-3656616,"Brief von Albert Weinik an Werner Heisenberg, 06.09.1968",1968-09-06,"Weinik, Albert","Heisenberg, Werner (1901-1976)","Einstein, Albert (1879-1955)",Brief
DE-611-HS-3656624,"Brief von Werner Heisenberg an Ingeborg Weiß, 15.01.1973",1973-01-15,"Heisenberg, Werner (1901-1976)","Weiß, Ingeborg",,Brief
DE-611-HS-3656632,"Brief von Ingeborg Weiß an Werner Heisenberg, 10.01.1973",1973-01-10,"Weiß, Ingeborg","Heisenberg, Werner (1901-1976)",,Brief
DE-611-HS-3656643,"Brief von Karl Günther Weiss von Bayern. Oberlandesgericht (München) an Werner Heisenberg, 15.10.1970",1970-10-15,"Weiss, Karl Günther (1917-2001); Bayern. Oberlandesgericht (München)","Heisenberg, Werner (1901-1976)",,Brief
DE-611-HS-3656648,"Brief von Annemarie Giese von Max-Planck-Institut für Physik. Direktion. Sekretariat an Karl Günther Weiss, 21.10.1970",1970-10-21,"Giese, Annemarie; Max-Planck-Institut für Physik. Direktion. Sekretariat","Weiss, Karl Günther (1917-2001)","Heisenberg, Werner (1901-1976)",Brief
DE-611-HS-3656657,"Brief von Werner Heisenberg an Norbert Weiss, 21.12.1970",1970-12-21,"Heisenberg, Werner (1901-1976)","Weiss, Norbert","Kadjew, Rollan (1940-)",Brief
DE-611-HS-3656677,"Brief von Norbert Weiss an Werner Heisenberg, 05.12.1970",1970-12-05,"Weiss, Norbert","Heisenberg, Werner (1901-1976)","Kadjew, Rollan (1940-)",Brief
DE-611-HS-3656721,"Brief von Norbert Weiss an Werner Heisenberg, 16.05.1970",1970-05-16,"Weiss, Norbert","Heisenberg, Werner (1901-1976)",,Brief
DE-611-HS-3656728,"Brief von Werner Heisenberg an Paul A. Weiss, 13.12.1973",1973-12-13,"Heisenberg, Werner (1901-1976)","Weiss, Paul A. (1898-1989)",,Brief
DE-611-HS-3656737,"Brief von Paul A. Weiss von Rockefeller University an Werner Heisenberg, 09.08.1972",1972-08-09,"Weiss, Paul A. (1898-1989); Rockefeller University (1965-)","Heisenberg, Werner (1901-1976)","Kreutzberg, Georg W. (1932-2019)",Brief
DE-611-HS-3656740,"Brief von Werner Heisenberg an Paul A. Weiss an Rockefeller University, 24.07.1972",1972-07-24,"Heisenberg, Werner (1901-1976)","Weiss, Paul A. (1898-1989); Rockefeller University (1965-)",,Brief
DE-611-HS-3656753,"Brief von Paul A. Weiss von Rockefeller University an Werner Heisenberg, 18.07.1972",1972-07-18,"Weiss, Paul A. (1898-1989); Rockefeller University (1965-)","Heisenberg, Werner (1901-1976)",,Brief
DE-611-HS-3656760,"Brief von Annemarie Giese von Max-Planck-Institut für Physik. Direktion. Sekretariat an Paul A. Weiss an Rockefeller University, 11.02.1972",1972-02-11,"Giese, Annemarie; Max-Planck-Institut für Physik. Direktion. Sekretariat","Weiss, Paul A. (1898-1989); Rockefeller University (1965-)","Heisenberg, Werner (1901-1976)",Brief
DE-611-HS-3656775,"Brief von Werner Heisenberg an Paul A. Weiss an Rockefeller University, 08.01.1970",1970-01-08,"Heisenberg, Werner (1901-1976)","Weiss, Paul A. (1898-1989); Rockefeller University (1965-)",,Brief
DE-611-HS-3656791,"Brief von Paul A. Weiss von Rockefeller University an Werner Heisenberg, 09.12.1969",1969-12-09,"Weiss, Paul A. (1898-1989); Rockefeller University (1965-)","Heisenberg, Werner (1901-1976)","Anshen, Ruth Nanda (1900-2003); Compton, Arthur Holly (1892-1962); Schrödinger, Erwin (1887-1961)",Brief
DE-611-HS-3656935,"Brief von Werner Heisenberg an Alexander Weissberg-Cybulski, 28.11.1951",1951-11-28,"Heisenberg, Werner (1901-1976)","Weissberg-Cybulski, Alexander (1901-)","Houtermans, Fritz Georg (1903-1966) [vermutlich]; Stalin, Josif Vissarionovič (1878-1953)",Brief
DE-611-HS-3656984,"Brief von Alexander Weissberg-Cybulski von Verlag der Frankfurter Hefte an Werner Heisenberg, 15.11.1951",1951-11-15,"Weissberg-Cybulski, Alexander (1901-); Verlag der Frankfurter Hefte","Heisenberg, Werner (1901-1976)","Astor, David (1912-2001)",Brief
DE-611-HS-3656997,"Brief von L. Arnold Weissberger an Werner Heisenberg, 01.09.1960",1960-09-01,"Weissberger, L. Arnold (1907-1981) [vermutlich]","Heisenberg, Werner (1901-1976)",,Brief
DE-611-HS-3657012,"Brief von Wiltrud Huber von Max-Planck-Institut für Physik. Direktion. Sekretariat an Günther Weitzel an Eberhard Karls Universität Tübingen. Physiologisch-Chemisches Institut, 13.11.1967",1967-11-13,"Huber, Wiltrud; Max-Planck-Institut für Physik. Direktion. Sekretariat","Weitzel, Günther (1915-1984); Eberhard Karls Universität Tübingen. Physiologisch-Chemisches Institut (-2004)","Heisenberg, Werner (1901-1976)",Brief
DE-611-HS-3657016,"Brief von Günther Weitzel von Eberhard Karls Universität Tübingen. Physiologisch-Chemisches Institut an Wiltrud Huber an Max-Planck-Institut für Physik und Astrophysik, 09.11.1967",1967-11-09,"Weitzel, Günther (1915-1984); Eberhard Karls Universität Tübingen. Physiologisch-Chemisches Institut (-2004)","Huber, Wiltrud; Max-Planck-Institut für Physik und Astrophysik (1958-1991)","Butenandt, Adolf (1903-1995); Karlson, Peter [vermutlich]",Brief
DE-611-HS-3657024,"Brief von Wiltrud Huber von Max-Planck-Institut für Physik. Direktion. Sekretariat an Günther Weitzel an Eberhard Karls Universität Tübingen. Physiologisch-Chemisches Institut, 07.11.1967",1967-11-07,"Huber, Wiltrud; Max-Planck-Institut für Physik. Direktion. Sekretariat","Weitzel, Günther (1915-1984); Eberhard Karls Universität Tübingen. Physiologisch-Chemisches Institut (-2004)","Heisenberg, Werner (1901-1976)",Brief
DE-611-HS-3657029,Aktennotizen (Einheitstitel von Bearbeiter/in),unknown,,,,unknown
DE-611-HS-3657034,Aktennotizen (Einheitstitel von Bearbeiter/in),unknown,,,,unknown
DE-611-HS-3657036,Aktennotizen (Einheitstitel von Bearbeiter/in),unknown,,,,unknown
DE-611-HS-3657044,Weizmann Institute of Science (Incipit des Druckes),1964,"Hahn, Otto (1879-1968); Warburg, Siegmund (1902-1982); Salin, Edgar (1892-1974)",,,unknown
DE-611-BF-80363,"497. IV. Institutionen, 1. Korrespondenz: Welk-Welt",1946,,,,unknown
DE-611-HS-3657104,"Brief von Heinrich Welker an Werner Heisenberg, 29.05.1948",1948-05-29,"Welker, Heinrich","Heisenberg, Werner (1901-1976)",,Brief
DE-611-HS-3657116,"Brief von Werner Heisenberg an Heinrich Welker, 05.05.1948",1948-05-05,"Heisenberg, Werner (1901-1976)","Welker, Heinrich",,Brief
DE-611-HS-3657120,"Brief von Werner Heisenberg an Heinrich Welker, 23.03.1948",1948-03-23,"Heisenberg, Werner (1901-1976)","Welker, Heinrich",,Brief
DE-611-HS-3657124,"Brief von Heinrich Welker an Werner Heisenberg, 05.11.1948",1948-11-05,"Welker, Heinrich","Heisenberg, Werner (1901-1976)",,Brief
DE-611-HS-3657134,"Brief von Ludwig-Maximilians-Universität München. Physikalisches Institut an Werner Heisenberg, 24.02.1948",1948-02-24,Ludwig-Maximilians-Universität München. Physikalisches Institut,"Heisenberg, Werner (1901-1976)","Welker, Heinrich",Brief
DE-611-HS-3657353,"Brief von Jacob Neufeld von Well Surveys Incorporated an Werner Heisenberg, 08.07.1947",1947-07-08,"Neufeld, Jacob; Well Surveys Incorporated","Heisenberg, Werner (1901-1976)",,Brief
DE-611-HS-3657361,"Brief von Werner Heisenberg an Albert Wellek an Johannes Gutenberg-Universität Mainz. Psychologisches Institut, 31.03.1967",1967-03-31,"Heisenberg, Werner (1901-1976)","Wellek, Albert (1904-1972); Johannes Gutenberg-Universität Mainz. Psychologisches Institut",,Brief
DE-611-HS-3657380,"Brief von Albert Wellek von Johannes Gutenberg-Universität Mainz. Psychologisches Institut an Werner Heisenberg, 06.03.1967",1967-03-06,"Wellek, Albert (1904-1972); Johannes Gutenberg-Universität Mainz. Psychologisches Institut","Heisenberg, Werner (1901-1976)","Krueger, Felix (1874-1948); Lersch, Philipp (1898-1972)",Brief
DE-611-HS-3657389,"Brief von Elisabeth Wellhöfer an Werner Heisenberg, 29.08.1965",1965-08-29,"Wellhöfer, Elisabeth","Heisenberg, Werner (1901-1976)",,Brief
DE-611-HS-3657404,"Brief von Hans-Peter Dürr an Elisabeth Wellhöfer, 14.09.1965",1965-09-14,"Dürr, Hans-Peter (1929-2014)","Wellhöfer, Elisabeth","Heisenberg, Werner (1901-1976)",Brief
DE-611-HS-3657443,"Brief von Werner Heisenberg an Friedrich Schneider an Max-Planck-Gesellschaft zur Förderung der Wissenschaften, 14.12.1970",1970-12-14,"Heisenberg, Werner (1901-1976)","Schneider, Friedrich (1913-1981); Max-Planck-Gesellschaft zur Förderung der Wissenschaften (1948-)","Welser, Maria von (1946-) [vermutlich]",Brief
DE-611-HS-3657499,"Brief von F. Read an Otto Hahn, 15.04.1946",1946-04-15,"Read, F.","Hahn, Otto (1879-1968)","Heisenberg, Werner (1901-1976); Welsh, Eric",Brief
DE-611-HS-3657511,"Brief von Eric Welsh an Werner Heisenberg, 05.04.1946",1946-04-05,"Welsh, Eric","Heisenberg, Werner (1901-1976)",,Brief
DE-611-HS-3657531,"Brief von Werner Heisenberg an Eric Welsh, 04.03.1946",1946-03-04,"Heisenberg, Werner (1901-1976)","Welsh, Eric",,Brief
DE-611-HS-3657547,"Brief von Werner Heisenberg an Hans Dohrenbusch an Redaktion Welt der Arbeit (Köln), 29.08.1955",1955-08-29,"Heisenberg, Werner (1901-1976)","Dohrenbusch, Hans; Redaktion Welt der Arbeit (Köln)",,Brief
DE-611-HS-3657555,"Brief von Hans Dohrenbusch von Redaktion Welt der Arbeit (Köln) an Werner Heisenberg, 16.08.1955",1955-08-16,"Dohrenbusch, Hans; Redaktion Welt der Arbeit (Köln)","Heisenberg, Werner (1901-1976)","Hahn, Otto (1879-1968)",Brief
DE-611-HS-3657560,"Brief von Werner Heisenberg an Hans Dohrenbusch an Redaktion Welt der Arbeit (Köln), 19.01.1955",1955-01-19,"Heisenberg, Werner (1901-1976)","Dohrenbusch, Hans; Redaktion Welt der Arbeit (Köln)",,Brief
DE-611-HS-3657565,"Brief von Hans Dohrenbusch von Redaktion Welt der Arbeit (Köln) an Werner Heisenberg, 15.01.1955",1955-01-15,"Dohrenbusch, Hans; Redaktion Welt der Arbeit (Köln)","Heisenberg, Werner (1901-1976)",,Brief
DE-611-HS-3657583,"Brief von Werner Heisenberg an Oskar Vogelhuber an Welt der Schule. Schriftleitung, 08.10.1956",1956-10-08,"Heisenberg, Werner (1901-1976)","Vogelhuber, Oskar (1878-1971); Welt der Schule. Schriftleitung","Schneider, Rudolf [vermutlich]",Brief
DE-611-HS-3657592,"Brief von Oskar Vogelhuber von Welt der Schule. Schriftleitung an Werner Heisenberg, 07.08.1956",1956-08-07,"Vogelhuber, Oskar (1878-1971); Welt der Schule. Schriftleitung","Heisenberg, Werner (1901-1976)",,Brief
DE-611-HS-3657600,"Brief von Rudolf Schneider von Welt der Schule. Schriftleitung an Werner Heisenberg, 24.11.1954",1954-11-24,"Schneider, Rudolf [vermutlich]; Welt der Schule. Schriftleitung","Heisenberg, Werner (1901-1976)",,Brief
DE-611-HS-3657614,"Brief von Annemarie Giese von Max-Planck-Institut für Physik. Direktion. Sekretariat an Rudolf Schneider an Welt der Schule. Schriftleitung, 04.11.1954",1954-11-04,"Giese, Annemarie; Max-Planck-Institut für Physik. Direktion. Sekretariat","Schneider, Rudolf; Welt der Schule. Schriftleitung","Heisenberg, Werner (1901-1976)",Brief
DE-611-HS-3657622,"Brief von Rudolf Schneider von Welt der Schule. Schriftleitung an Werner Heisenberg, 25.10.1954",1954-10-25,"Schneider, Rudolf; Welt der Schule. Schriftleitung","Heisenberg, Werner (1901-1976)",,Brief
DE-611-HS-3657627,Jahresbericht des Arbeitskreises München der W.O.M.A.N. für das Jahr 1964 (Incipit der Unterlage),1965-01-21,"Küpper, Christel",,,unknown
DE-611-HS-3657683,"Brief von Günther Schwab von World Union for Protection of Life an Werner Heisenberg, 1963 [ca.]",1963,"Schwab, Günther (1904-2006); World Union for Protection of Life (1962-)","Heisenberg, Werner (1901-1976)",,Brief
DE-611-HS-3657688,"Brief von Annemarie Giese von Max-Planck-Institut für Physik. Direktion. Sekretariat an World Union for Protection of Life, 04.05.1973",1973-05-04,"Giese, Annemarie; Max-Planck-Institut für Physik. Direktion. Sekretariat",World Union for Protection of Life (1962-),"Heisenberg, Werner (1901-1976)",Brief
DE-611-HS-3657700,"Brief von World Union for Protection of Life an Werner Heisenberg, 10.04.1973",1973-04-10,World Union for Protection of Life (1962-),"Heisenberg, Werner (1901-1976)",,Brief
DE-611-HS-3657715,"Brief von Karl Saller von World Federation of Scientific Workers an Werner Heisenberg, 01.10.1962",1962-10-01,"Saller, Karl (1902-1969); World Federation of Scientific Workers (1946-1994)","Heisenberg, Werner (1901-1976)",,Brief
DE-611-HS-3657727,"Brief von Werner Heisenberg an Weltfriedensbewegung, 30.11.1967",1967-11-30,"Heisenberg, Werner (1901-1976)",Weltfriedensbewegung,,Brief
DE-611-HS-3657739,"Brief von Willy Heimberg und Ferdinand Pieck von Weltfriedensbewegung an Werner Heisenberg, 15.11.1967",1967-11-15,"Heimberg, Willy; Pieck, Ferdinand; Weltfriedensbewegung","Heisenberg, Werner (1901-1976)",,Brief
DE-611-HS-3659631,Aktennotiz (Einheitstitel von Bearbeiter/in),unknown,,,,unknown
DE-611-HS-3659642,Aktennotiz (Einheitstitel von Bearbeiter/in),unknown,,,,unknown
DE-611-HS-3659661,"Brief von Verlagshaus Die Welt (Hamburg u.a.) an Werner Heisenberg an Max-Planck-Institut für Physik und Astrophysik, 15.12.1967",1967-12-15,Verlagshaus Die Welt (Hamburg u.a.),"Heisenberg, Werner (1901-1976); Max-Planck-Institut für Physik und Astrophysik (1958-1991)",,Brief
DE-611-HS-3659671,"Brief von Werner Heisenberg an Lorenz Stucki an Weltwoche  / Redaktion (Zürich), 07.10.1959",1959-10-07,"Heisenberg, Werner (1901-1976)","Stucki, Lorenz; Weltwoche (Zürich) / Redaktion",,Brief
DE-611-HS-3659682,"Brief von Lorenz Stucki von Weltwoche  / Redaktion (Zürich) an Werner Heisenberg, 28.09.1959",1959-09-28,"Stucki, Lorenz; Weltwoche (Zürich) / Redaktion","Heisenberg, Werner (1901-1976)",,Brief
DE-611-HS-3659689,"Brief von Werner Heisenberg an Georg Gerster an Weltwoche  / Redaktion (Zürich), 29.05.1953",1953-05-29,"Heisenberg, Werner (1901-1976)","Gerster, Georg (1928-2019); Weltwoche (Zürich) / Redaktion",,Brief
DE-611-HS-3659703,"Brief von Georg Gerster von Weltwoche  / Redaktion (Zürich) an Werner Heisenberg, 26.04.1953",1953-04-26,"Gerster, Georg (1928-2019); Weltwoche (Zürich) / Redaktion","Heisenberg, Werner (1901-1976)",,Brief
DE-611-HS-3659710,"Brief von Annemarie Giese von Max-Planck-Institut für Physik. Direktion. Sekretariat an Lily Abegg an Weltwoche  / Redaktion (Zürich), 16.09.1950",1950-09-16,"Giese, Annemarie; Max-Planck-Institut für Physik. Direktion. Sekretariat","Abegg, Lily (1901-1974); Weltwoche (Zürich) / Redaktion","Heisenberg, Werner (1901-1976)",Brief
DE-611-HS-3659714,"Brief von Werner Heisenberg an Lily Abegg an Weltwoche  / Redaktion (Zürich), 09.09.1950",1950-09-09,"Heisenberg, Werner (1901-1976)","Abegg, Lily (1901-1974); Weltwoche (Zürich) / Redaktion",,Brief
DE-611-HS-3659740,"Brief von Lily Abegg von Weltwoche  / Redaktion (Zürich) an Werner Heisenberg, 10.06.1950",1950-06-10,"Abegg, Lily (1901-1974); Weltwoche (Zürich) / Redaktion","Heisenberg, Werner (1901-1976)",,Brief
DE-611-HS-3659759,"Brief von Werner Heisenberg an Rudolf Schneider an Welt der Schule. Schriftleitung, 19.11.1954",1954-11-19,"Heisenberg, Werner (1901-1976)","Schneider, Rudolf; Welt der Schule. Schriftleitung",,Brief
DE-611-BF-80364,"498. IV. Institutionen, 1. Korrespondenz: Welz-Wenzl",1954,,,,unknown
DE-611-HS-3659833,"Brief von Annemarie Giese von Max-Planck-Institut für Physik. Direktion. Sekretariat an Käthe Welzel, 12.05.1958",1958-05-12,"Giese, Annemarie; Max-Planck-Institut für Physik. Direktion. Sekretariat","Welzel, Käthe","Heisenberg, Werner (1901-1976)",Brief
DE-611-HS-3659847,"Brief von Käthe Welzel an Werner Heisenberg, 30.04.1958",1958-04-30,"Welzel, Käthe","Heisenberg, Werner (1901-1976)",,Brief
DE-611-HS-3659868,"Brief von Unbekannt an Werner Heisenberg, 26.03.1961",1961-03-26,Unbekannt,"Heisenberg, Werner (1901-1976)","Eggert, John (1891-) [vermutlich]",Brief
DE-611-HS-3659903,"Brief von Clarence A. Wendel von Deutschland . Amerikanischer Hochkommissar (Bundesrepublik) an Werner Heisenberg, 30.03.1954",1954-03-30,"Wendel, Clarence A.; Deutschland (Bundesrepublik). Amerikanischer Hochkommissar","Heisenberg, Werner (1901-1976)","Friedrich, Walther",Brief
DE-611-HS-3659912,"Brief von Clarence A. Wendel von Deutschland . Amerikanischer Hochkommissar (Bundesrepublik) an Werner Heisenberg, 16.03.1954",1954-03-16,"Wendel, Clarence A.; Deutschland (Bundesrepublik). Amerikanischer Hochkommissar","Heisenberg, Werner (1901-1976)",,Brief
DE-611-HS-3659917,"Brief von Clarence A. Wendel von Deutschland . Amerikanischer Hochkommissar (Bundesrepublik) an Werner Heisenberg, 22.01.1954",1954-01-22,"Wendel, Clarence A.; Deutschland (Bundesrepublik). Amerikanischer Hochkommissar","Heisenberg, Werner (1901-1976)",,Brief
DE-611-HS-3659923,"Brief von Karl Wendel an Werner Heisenberg, 18.10.1973",1973-10-18,"Wendel, Karl","Heisenberg, Werner (1901-1976)","Bohr, Niels (1885-1962); Lessing, Theodor (1872-1933); Eicke, Franz",Brief
DE-611-HS-3660000,"Brief von Kurt Wendlandt an Werner Heisenberg, 28.06.1972",1972-06-28,"Wendlandt, Kurt (1917-1998)","Heisenberg, Werner (1901-1976)",,Brief
DE-611-HS-3660003,"Brief von Werner Heisenberg an Siegfried Wendt, 30.04.1958",1958-04-30,"Heisenberg, Werner (1901-1976)","Wendt, Siegfried (1901-1966)","Schumacher, Hermann (1868-1952)",Brief
DE-611-HS-3660006,"Brief von Siegfried Wendt an Werner Heisenberg, 23.04.1958",1958-04-23,"Wendt, Siegfried (1901-1966)","Heisenberg, Werner (1901-1976)","Schumacher, Hermann (1868-1952)",Brief
DE-611-HS-3660013,Aktenverweis (Einheitstitel von Bearbeiter/in),unknown,,,,unknown
DE-611-HS-3660020,"Brief von Werner Heisenberg an Luise-Charlotte Wentzel, 24.01.1973",1973-01-24,"Heisenberg, Werner (1901-1976)","Wentzel, Luise-Charlotte",,Brief
DE-611-HS-3660025,"Brief von Luise-Charlotte Wentzel an Werner Heisenberg, 16.01.1973",1973-01-16,"Wentzel, Luise-Charlotte","Heisenberg, Werner (1901-1976)",,Brief
DE-611-HS-3660027,"Brief von Werner Heisenberg an Magda von Wenz, 16.10.1974",1974-10-16,"Heisenberg, Werner (1901-1976)","Wenz, Magda von",,Brief
DE-611-HS-3660030,"Brief von Magda von Wenz an Werner Heisenberg, 09.10.1974",1974-10-09,"Wenz, Magda von","Heisenberg, Werner (1901-1976)",,Brief
DE-611-HS-3660148,Aktenverweis (Einheitstitel von Bearbeiter/in),unknown,,,,unknown
DE-611-HS-3660156,"Brief von Karl-Heinz Wenzel an Werner Heisenberg an Max-Planck-Institut für Physik und Astrophysik, 10.12.1967",1967-12-10,"Wenzel, Karl-Heinz","Heisenberg, Werner (1901-1976); Max-Planck-Institut für Physik und Astrophysik (1958-1991)",,Brief
DE-611-HS-3660164,"Brief von Werner Heisenberg an Karl-Heinz Wenzel, 01.12.1967",1967-12-01,"Heisenberg, Werner (1901-1976)","Wenzel, Karl-Heinz",,Brief
DE-611-HS-3660177,"Brief von Karl-Heinz Wenzel an Werner Heisenberg an Max-Planck-Institut für Physik und Astrophysik, 29.08.1967",1967-08-29,"Wenzel, Karl-Heinz","Heisenberg, Werner (1901-1976); Max-Planck-Institut für Physik und Astrophysik (1958-1991)",,Brief
DE-611-HS-3660452,"Brief von Werner Heisenberg an Wilhelm Wenzel, 14.06.1972",1972-06-14,"Heisenberg, Werner (1901-1976)","Wenzel, Wilhelm",,Brief
DE-611-HS-3660473,"Brief von Wilhelm Wenzel an Werner Heisenberg, 09.05.1972",1972-05-09,"Wenzel, Wilhelm","Heisenberg, Werner (1901-1976)",,Brief
DE-611-HS-3660493,"Brief von Anton Neuhäusler an Werner Heisenberg, 06.09.1966",1966-09-06,"Neuhäusler, Anton (1919-1997)","Heisenberg, Werner (1901-1976)","Wenzl, Aloys (1887-1967)",Brief
DE-611-BF-80365,"499. IV. Institutionen, 1. Korrespondenz: Werg-West",1950,,,,unknown
DE-611-HS-3660514,"Brief von Hermann Josef Werhahn an Werner Heisenberg, 05.07.1963",1963-07-05,"Werhahn, Hermann Josef (1923-2016)","Heisenberg, Werner (1901-1976)",,Brief
DE-611-HS-3660516,"Brief von Werner Heisenberg an Hermann Josef Werhahn, 02.07.1963",1963-07-02,"Heisenberg, Werner (1901-1976)","Werhahn, Hermann Josef (1923-2016)","Martini, Paul (1889-1964)",Brief
DE-611-HS-3660541,"Brief von Hermann Josef Werhahn an Werner Heisenberg, 25.06.1963",1963-06-25,"Werhahn, Hermann Josef (1923-2016)","Heisenberg, Werner (1901-1976)","Kennedy, John F. (1917-1963); Rahner, Karl (1904-1984); Schaefer, Hans (1906-2000); Martini, Paul (1889-1964)",Brief
DE-611-HS-3660556,"Brief von Heinz Kloppenburg, Ulrike Marie Meinhof, Herbert Mochalski und Gerd Hirschauer von Redaktion Werkhefte (München) an Werner Heisenberg, 14.02.1963",1963-02-14,"Kloppenburg, Heinz (1903-1986); Meinhof, Ulrike Marie (1934-1976); Mochalski, Herbert (1910-1992); Hirschauer, Gerd (1928-2007); Redaktion Werkhefte (München)","Heisenberg, Werner (1901-1976)",,Brief
DE-611-HS-3660574,"Brief von Werner Heisenberg an Eugen Werle an Chirurgische Klinik (München, Universität, Medizinische Fakultät), 07.11.1968",1968-11-07,"Heisenberg, Werner (1901-1976)","Werle, Eugen; Chirurgische Klinik (München, Universität, Medizinische Fakultät) (-1974)",,Brief
DE-611-HS-3660589,"Brief von Ernst Coenen von Fritz-Thyssen-Stiftung an Werner Heisenberg, 09.11.1968",1968-11-09,"Coenen, Ernst (1906-1996); Fritz-Thyssen-Stiftung (1959-)","Heisenberg, Werner (1901-1976)","Werle, Eugen",Brief
DE-611-HS-3660597,"Brief von Werner Heisenberg an Ernst Coenen an Fritz-Thyssen-Stiftung, 07.11.1968",1968-11-07,"Heisenberg, Werner (1901-1976)","Coenen, Ernst (1906-1996); Fritz-Thyssen-Stiftung (1959-)","Werle, Eugen; Frey, Emil (1888-1977)",Brief
DE-611-HS-3660610,"Brief von Emil Frey an Werner Heisenberg, 05.11.1968",1968-11-05,"Frey, Emil (1888-1977)","Heisenberg, Werner (1901-1976)","Werle, Eugen",Brief
DE-611-HS-3660617,"Brief von Fritz Werner an Werner Heisenberg, 25.01.1970",1970-01-25,"Werner, Fritz","Heisenberg, Werner (1901-1976)",,Brief
DE-611-HS-3660627,"Brief von Annemarie Giese von Max-Planck-Institut für Physik. Direktion. Sekretariat an Georg Werner, 26.06.1958",1958-06-26,"Giese, Annemarie; Max-Planck-Institut für Physik. Direktion. Sekretariat","Werner, Georg","Heisenberg, Werner (1901-1976)",Brief
DE-611-HS-3660673,"Brief von Georg Werner an Hans Wenke, 27.05.1958",1958-05-27,"Werner, Georg","Wenke, Hans (1903-1971)",,Brief
DE-611-HS-3660675,Beobachtungen über Organisation und Entwicklung der sowjetischen Archäologie (Stand 1963) (Incipit der Unterlage),1963,"Werner, Joachim (1909-)",,,unknown
DE-611-HS-3660681,"Brief von Annemarie Giese von Max-Planck-Institut für Physik. Direktion. Sekretariat an Klaus Werner, 30.11.1964",1964-11-30,"Giese, Annemarie; Max-Planck-Institut für Physik. Direktion. Sekretariat","Werner, Klaus","Heisenberg, Werner (1901-1976)",Brief
DE-611-HS-3660684,"Brief von Klaus Werner an Werner Heisenberg, 12.11.1964",1964-11-12,"Werner, Klaus","Heisenberg, Werner (1901-1976)",,Brief
DE-611-HS-3660693,"Brief von Werner Heisenberg an R. Werner an Universität  . Institut für neuzeitliche Betriebsführung (Heidelberg), 04.03.1971",1971-03-04,"Heisenberg, Werner (1901-1976)","Werner, R.; Universität (Heidelberg) . Institut für neuzeitliche Betriebsführung",,Brief
DE-611-HS-3660699,"Brief von R. Werner von Universität  . Institut für neuzeitliche Betriebsführung (Heidelberg) an Werner Heisenberg, 25.02.1971",1971-02-25,"Werner, R.; Universität (Heidelberg) . Institut für neuzeitliche Betriebsführung","Heisenberg, Werner (1901-1976)","Krueger, Felix (1874-1948); Driesch, Hans (1867-1941); Litt, Theodor (1880-1962); Goerdeler, Carl (1884-1945); Mutschmann, Martin (1879-1947)",Brief
DE-611-HS-3661431,"Brief von E. Schreckeneder von Werner Reimers Stiftung an Werner Heisenberg an Max-Planck-Institut für Physik und Astrophysik, 28.02.1964",1964-02-28,"Schreckeneder, E.; Werner Reimers Stiftung (1976-2001)","Heisenberg, Werner (1901-1976); Max-Planck-Institut für Physik und Astrophysik (1958-1991)",,Brief
DE-611-HS-3661439,"Brief von Edmund Werra an Werner Heisenberg, 26.06.1957",1957-06-26,"Werra, Edmund","Heisenberg, Werner (1901-1976)","Hartmann, Nicolai (1882-1950)",Brief
DE-611-HS-3661449,"Brief von Hans Werthmüller an Werner Heisenberg, 06.01.1950",1950-01-06,"Werthmüller, Hans (1912-)","Heisenberg, Werner (1901-1976)","Jünger, Ernst (1895-1998); Speiser, Andreas (1885-1970)",Brief
DE-611-HS-3661457,"Brief von Hans Weser an Werner Heisenberg, 10.06.1954",1954-06-10,"Weser, Hans (1896-)","Heisenberg, Werner (1901-1976)",,Brief
DE-611-HS-3661462,"Brief von Hans Weser an Werner Heisenberg, 27.05.1954",1954-05-27,"Weser, Hans (1896-)","Heisenberg, Werner (1901-1976)",,Brief
DE-611-HS-3661469,"Brief von Adam Wesp an Werner Heisenberg, 29.01.1964",1964-01-29,"Wesp, Adam","Heisenberg, Werner (1901-1976)",,Brief
DE-611-HS-3661478,"Brief von Günter Wessel von National Research Council of Canada. Division of Physics an Werner Heisenberg an Max-Planck-Institut für Physik, 21.04.1952",1952-04-21,"Wessel, Günter; National Research Council of Canada. Division of Physics","Heisenberg, Werner (1901-1976); Max-Planck-Institut für Physik (1946-1958)",,Brief
DE-611-HS-3661489,"Brief von Werner Heisenberg an Günter Wessel an National Research Council of Canada. Division of Physics, 20.03.1952",1952-03-20,"Heisenberg, Werner (1901-1976)","Wessel, Günter; National Research Council of Canada. Division of Physics",,Brief
DE-611-HS-3661492,"Brief von Günter Wessel von National Research Council of Canada. Division of Physics an Werner Heisenberg an Max-Planck-Institut für Physik, 14.03.1952",1952-03-14,"Wessel, Günter; National Research Council of Canada. Division of Physics","Heisenberg, Werner (1901-1976); Max-Planck-Institut für Physik (1946-1958)","Kopfermann, Hans (1895-1963)",Brief
DE-611-HS-3661553,"Brief von Walter Wessel an Werner Heisenberg, 01.07.1973",1973-07-01,"Wessel, Walter","Heisenberg, Werner (1901-1976)",,Brief
DE-611-HS-3661560,"Brief von Werner Heisenberg an Walter Wessel, 19.04.1971",1971-04-19,"Heisenberg, Werner (1901-1976)","Wessel, Walter","Euler, Hans (1909-); Dürr, Hans-Peter (1929-2014); Hund, Friedrich (1896-1997); Gerlach, Walther (1889-1979)",Brief
DE-611-HS-3661690,"Brief von Walter Wessel an Werner Heisenberg, 12.04.1971",1971-04-12,"Wessel, Walter","Heisenberg, Werner (1901-1976)","Born, Max (1882-1970); Euler, Hans (1909-); Dürr, Hans-Peter (1929-2014)",Brief
DE-611-HS-3661696,"Brief von Walter Wessel von USAF Institut of Technology an Unbekannt, 21.09.1950",1950-09-21,"Wessel, Walter; USAF Institut of Technology",Unbekannt,,Brief
DE-611-HS-3661707,"Brief von Pavel Vesselov an Werner Heisenberg, 15.06.1963",1963-06-15,"Vesselov, Pavel","Heisenberg, Werner (1901-1976)",,Brief
DE-611-HS-3661752,"Brief von Max-Planck-Institut für Physik und Astrophysik an Werner Heisenberg, 14.08.1963",1963-08-14,Max-Planck-Institut für Physik und Astrophysik (1958-1991),"Heisenberg, Werner (1901-1976)","Hobert, Margot (1912-); Lenz, Hans (1907-1968); Ruthardt, Konrad (1906-1973); Peierls, Rudolf Ernst (1907-1995)",Brief
DE-611-HS-3661757,"Brief von Werner Heisenberg an Georg Westermann Verlag, 19.06.1954",1954-06-19,"Heisenberg, Werner (1901-1976)",Georg Westermann Verlag,"Honsell, Robert; Heiseler, Bernt von (1907-1969)",Brief
DE-611-HS-3661758,Aktennotiz,unknown,,,,unknown
DE-611-HS-3661760,"Brief von Georg Westermann Verlag an Werner Heisenberg, 10.06.1954",1954-06-10,Georg Westermann Verlag,"Heisenberg, Werner (1901-1976)","Honsell, Robert; Heiseler, Bernt von (1907-1969)",Brief
DE-611-HS-3661762,"Brief von Hermann Boekhoff von Georg Westermann Verlag an Werner Heisenberg, 24.04.1954",1954-04-24,"Boekhoff, Hermann; Georg Westermann Verlag","Heisenberg, Werner (1901-1976)","Hartmann, Hans (1888-1976) [vermutlich]",Brief
DE-611-HS-3661767,"Brief von Werner Heisenberg an Hermann Boekhoff an Georg Westermann Verlag, 15.04.1954",1954-04-15,"Heisenberg, Werner (1901-1976)","Boekhoff, Hermann; Georg Westermann Verlag","Hartmann, Hans (1888-1976)",Brief
DE-611-HS-3661768,"Brief von Hermann Boekhoff von Georg Westermann Verlag an Werner Heisenberg, 06.04.1954",1954-04-06,"Boekhoff, Hermann; Georg Westermann Verlag","Heisenberg, Werner (1901-1976)","Retzlaff, Erich (1899-1993)",Brief
DE-611-HS-3661773,"Brief von Werner Heisenberg an Hermann Boekhoff an Georg Westermann Verlag, 10.02.1954",1954-02-10,"Heisenberg, Werner (1901-1976)","Boekhoff, Hermann; Georg Westermann Verlag","Binz, Tita (1903-1970); Retzlaff, Erich (1899-1993)",Brief
DE-611-HS-3661778,"Brief von Hermann Boekhoff von Georg Westermann Verlag an Werner Heisenberg, 05.02.1954",1954-02-05,"Boekhoff, Hermann; Georg Westermann Verlag","Heisenberg, Werner (1901-1976)",,Brief
DE-611-HS-3661788,"Brief von Werner Heisenberg an Arne Westgren, 30.11.1950",1950-11-30,"Heisenberg, Werner (1901-1976)","Westgren, Arne (1889-1975)",,Brief
DE-611-HS-3661793,"Brief von Heinrich Westphal an Werner Heisenberg, 04.02.1974",1974-02-04,"Westphal, Heinrich","Heisenberg, Werner (1901-1976)","Podewils, Clemens (1905-); Haber, Wolfgang (1925-); Ziegler, Wolfram",Brief
DE-611-HS-3661811,"Brief von Werner Heisenberg an Heinrich Westphal, 08.02.1974",1974-02-08,"Heisenberg, Werner (1901-1976)","Westphal, Heinrich","Ziegler, Wolfram",Brief
DE-611-BF-81113,"500. IV. Institutionen, 1. Korrespondenz: Wet-Wh",1950,,,,unknown
DE-611-HS-3662732,"Brief von Eduard W. Wette an Werner Heisenberg, 08.05.1968",1968-05-08,"Wette, Eduard W. (1925-)","Heisenberg, Werner (1901-1976)","Dürr, Hans-Peter (1929-2014); Mittelstaedt, Peter (1929-2014); Einstein, Albert (1879-1955); Planck, Max (1858-1947); Kleene, Stephen Cole; Schütte, Dieter",Brief
DE-611-HS-3662741,"Brief von Hans-Peter Dürr an Eduard W. Wette, 19.03.1958",1958-03-19,"Dürr, Hans-Peter (1929-2014)","Wette, Eduard W. (1925-)","Heisenberg, Werner (1901-1976)",Brief
DE-611-HS-3662750,"Brief von Eduard W. Wette an Werner Heisenberg, 08.03.1958",1958-03-08,"Wette, Eduard W. (1925-)","Heisenberg, Werner (1901-1976)","Planck, Max (1858-1947)",Brief
DE-611-HS-3662767,"Brief von Eduard W. Wette an Werner Heisenberg, 03.03.1958",1958-03-03,"Wette, Eduard W. (1925-)","Heisenberg, Werner (1901-1976)","Lorenzen, Paul (1915-1994)",Brief
DE-611-HS-3662779,"Brief von Werner Heisenberg an Paul Wewior, 30.04.1958",1958-04-30,"Heisenberg, Werner (1901-1976)","Wewior, Paul",,Brief
DE-611-HS-3662787,"Brief von Paul Wewior an Werner Heisenberg, 22.04.1958",1958-04-22,"Wewior, Paul","Heisenberg, Werner (1901-1976)",,Brief
DE-611-HS-3662796,"Brief von Annemarie Giese von Max-Planck-Institut für Physik. Direktion. Sekretariat an Fritz Joachim Weyl, 24.06.1950",1950-06-24,"Giese, Annemarie; Max-Planck-Institut für Physik. Direktion. Sekretariat","Weyl, Fritz Joachim (1915-1977)","Windaus, Günter; Courant, Richard (1888-1972)",Brief
DE-611-HS-3662856,"Brief von W. Gordon Whaley von University of Texas an Werner Heisenberg, 12.03.1959",1959-03-12,"Whaley, W. Gordon (1914-1982); University of Texas (1883-1967)","Heisenberg, Werner (1901-1976)",,Brief
DE-611-HS-3662868,"Brief von Merit P. White an Werner Heisenberg, o.D.",o.D.,"White, Merit P.","Heisenberg, Werner (1901-1976)","Dirac, P. A. M. (1902-1984); Taylor, Geoffrey Ingram",Brief
DE-611-HS-3662882,"Brief von Who's who - Book & Publishing (Verlag für Biographien) an Werner Heisenberg, 07.12.1973",1973-12-07,Who's who - Book & Publishing (Verlag für Biographien),"Heisenberg, Werner (1901-1976)",,Brief
DE-611-HS-3662927,"Brief von Who's who - Book & Publishing (Verlag für Biographien) an Werner Heisenberg, 02.05.1973",1973-05-02,Who's who - Book & Publishing (Verlag für Biographien),"Heisenberg, Werner (1901-1976)",,Brief
DE-611-HS-3662936,"Brief von Werner Heisenberg an Who's who - Book & Publishing (Verlag für Biographien), 31.01.1973",1973-01-31,"Heisenberg, Werner (1901-1976)",Who's who - Book & Publishing (Verlag für Biographien),,Brief
DE-611-HS-3662946,"Brief von Jackson Martindell von Inc. Marquis Who's Who (Chicago, Ill.) an Werner Heisenberg, 10.07.1961 [ca.]",1961-07-10,"Martindell, Jackson; Marquis Who's Who, Inc. (Chicago, Ill.)","Heisenberg, Werner (1901-1976)",,Brief
DE-611-HS-3662949,"Brief von Wheeler Sammons von Inc. Marquis Who's Who (Chicago, Ill.) an Werner Heisenberg, 1957",1957,"Sammons, Wheeler; Marquis Who's Who, Inc. (Chicago, Ill.)","Heisenberg, Werner (1901-1976)",,Brief
DE-611-HS-3662953,"Brief von Who's Who (London), A & C Black an Werner Heisenberg, 10.07.1961 [ca.]",1961-07-10,Who's Who (London); A & C Black (1807-),"Heisenberg, Werner (1901-1976) [vermutlich]",,Brief
DE-611-HS-3662957,Aktennotiz (Einheitstitel von Bearbeiter/in),unknown,,,,unknown
DE-611-HS-3662967,"Brief von Lancelot Law Whyte an Werner Heisenberg, 23.07.1962",1962-07-23,"Whyte, Lancelot Law (1896-1972)","Heisenberg, Werner (1901-1976) [vermutlich]",,Brief
DE-611-HS-3662970,"Brief von Werner Heisenberg an Lancelot Law Whyte, 19.07.1962",1962-07-19,"Heisenberg, Werner (1901-1976)","Whyte, Lancelot Law (1896-1972)",,Brief
DE-611-HS-3662972,"Brief von Annemarie Giese von Max-Planck-Institut für Physik. Direktion. Sekretariat an Lancelot Law Whyte, 06.07.1962",1962-07-06,"Giese, Annemarie; Max-Planck-Institut für Physik. Direktion. Sekretariat","Whyte, Lancelot Law (1896-1972)","Heisenberg, Werner (1901-1976)",Brief
DE-611-HS-3662980,"Brief von Lancelot Law Whyte an Werner Heisenberg, 25.06.1962",1962-06-25,"Whyte, Lancelot Law (1896-1972)","Heisenberg, Werner (1901-1976) [vermutlich]",,Brief
DE-611-HS-3662983,"Brief von Werner Heisenberg an Lancelot Law Whyte, 07.03.1953",1953-03-07,"Heisenberg, Werner (1901-1976)","Whyte, Lancelot Law (1896-1972)",,Brief
DE-611-HS-3662985,"Brief von Lancelot Law Whyte an Werner Heisenberg, 04.02.1953",1953-02-04,"Whyte, Lancelot Law (1896-1972)","Heisenberg, Werner (1901-1976) [vermutlich]","Rasetti, Franco",Brief
DE-611-HS-3662987,"Brief von Werner Heisenberg an Lancelot Law Whyte, 29.01.1953",1953-01-29,"Heisenberg, Werner (1901-1976)","Whyte, Lancelot Law (1896-1972)","Rasetti, Franco",Brief
DE-611-HS-3662990,"Brief von Lancelot Law Whyte an Werner Heisenberg, 25.01.1953",1953-01-25,"Whyte, Lancelot Law (1896-1972)","Heisenberg, Werner (1901-1976) [vermutlich]",,Brief
DE-611-HS-3662994,"Brief von Lancelot Law Whyte an Werner Heisenberg, 28.08.1950",1950-08-28,"Whyte, Lancelot Law (1896-1972)","Heisenberg, Werner (1901-1976) [vermutlich]",,Brief
DE-611-HS-3662999,"Brief von Werner Heisenberg an Lancelot Law Whyte, 23.06.1950",1950-06-23,"Heisenberg, Werner (1901-1976)","Whyte, Lancelot Law (1896-1972)",,Brief
DE-611-HS-3663002,"Brief von Lancelot Law Whyte an Werner Heisenberg, 09.06.1950",1950-06-09,"Whyte, Lancelot Law (1896-1972)","Heisenberg, Werner (1901-1976) [vermutlich]",,Brief
DE-611-BF-81114,"501. IV. Institutionen, 1. Korrespondenz: Wib-Wirk",1949,,,,unknown
DE-611-HS-3663239,"Brief von Nils Wiberg an Werner Heisenberg, 1973 [mutm.]",1973,"Wiberg, Nils (1934-2007)","Heisenberg, Werner (1901-1976)","Vasisht, Sham Kumar",Brief
DE-611-HS-3663260,"Brief von Nils Wiberg an Werner Heisenberg, 07.05.1973",1973-05-07,"Wiberg, Nils (1934-2007)","Heisenberg, Werner (1901-1976)","Vasisht, Sham Kumar",Brief
DE-611-HS-3663271,Aktenverweis (Einheitstitel von Bearbeiter/in),unknown,,,,unknown
DE-611-HS-3663275,"Brief von Werner Heisenberg an Egon Wiberg an Institut für Anorganische Chemie (München), 14.07.1964",1964-07-14,"Heisenberg, Werner (1901-1976)","Wiberg, Egon (1901-1976); Institut für Anorganische Chemie (München)",,Brief
DE-611-HS-3663280,"Brief von Egon Wiberg von Institut für Anorganische Chemie (München) an Werner Heisenberg, 10.07.1964",1964-07-10,"Wiberg, Egon (1901-1976); Institut für Anorganische Chemie (München)","Heisenberg, Werner (1901-1976)",,Brief
DE-611-HS-3663285,"Brief von Werner Heisenberg an Egon Wiberg an Institut für Anorganische Chemie (München), 06.12.1956",1956-12-06,"Heisenberg, Werner (1901-1976)","Wiberg, Egon (1901-1976); Institut für Anorganische Chemie (München)",,Brief
DE-611-HS-3663287,"Brief von Egon Wiberg von Institut für Anorganische Chemie (München) an Werner Heisenberg, 03.12.1956",1956-12-03,"Wiberg, Egon (1901-1976); Institut für Anorganische Chemie (München)","Heisenberg, Werner (1901-1976)",,Brief
DE-611-HS-3663296,"Brief von Barbara Allason an Werner Heisenberg, 16.05.1958",1958-05-16,"Allason, Barbara (1877-1968)","Heisenberg, Werner (1901-1976)","Frontali, Clara",Brief
DE-611-HS-3663309,"Brief von Werner Heisenberg an Barbara Allason, 05.05.1958",1958-05-05,"Heisenberg, Werner (1901-1976)","Allason, Barbara (1877-1968)","Frontali, Clara; Borsellino, Antonio",Brief
DE-611-HS-3663324,"Brief von Werner Heisenberg an G. Widmer an Eidgenössische Technische Hochschule Zürich. Institut für Höhere Elektrotechnik, 21.04.1960",1960-04-21,"Heisenberg, Werner (1901-1976)","Widmer, G.; Eidgenössische Technische Hochschule Zürich. Institut für Höhere Elektrotechnik",,Brief
DE-611-HS-3663337,"Brief von G. Widmer von Eidgenössische Technische Hochschule Zürich. Institut für Höhere Elektrotechnik an Werner Heisenberg, 12.04.1960",1960-04-12,"Widmer, G.; Eidgenössische Technische Hochschule Zürich. Institut für Höhere Elektrotechnik","Heisenberg, Werner (1901-1976)","Waldmeier, Max (1912-2000)",Brief
DE-611-HS-3663342,"Brief von Werner Heisenberg an Franz Wieacker, 24.06.1974",1974-06-24,"Heisenberg, Werner (1901-1976)","Wieacker, Franz (1908-1994)",,Brief
DE-611-HS-3663358,Folgende Persönlichkeiten haben ... zugesagt (Incipit der Unterlage),1949-10-31,,,,unknown
DE-611-HS-3663410,"Brief von Georg Wieduwilt an Werner Heisenberg, 01.04.1974",1974-04-01,"Wieduwilt, Georg","Heisenberg, Werner (1901-1976)","Savonius, Sigurd Johannes; Genscher, Hans-Dietrich (1927-2016)",Brief
DE-611-HS-3663422,"Brief von Werner Heisenberg an Georg Wieduwilt, 19.03.1974",1974-03-19,"Heisenberg, Werner (1901-1976)","Wieduwilt, Georg",,Brief
DE-611-HS-3663431,"Brief von Georg Wieduwilt an Werner Heisenberg, 25.03.1974",1974-03-25,"Wieduwilt, Georg","Heisenberg, Werner (1901-1976)","Savonius, Sigurd Johannes; Genscher, Hans-Dietrich (1927-2016)",Brief
DE-611-HS-3663467,"Brief von Hans Jürgen Wiehe an Werner Heisenberg an Max-Planck-Institut für Physik und Astrophysik, 29.04.1966",1966-04-29,"Wiehe, Hans Jürgen","Heisenberg, Werner (1901-1976); Max-Planck-Institut für Physik und Astrophysik (1958-1991)",,Brief
DE-611-HS-3663504,"Brief von Werner Heisenberg an Hans Jürgen Wiehe, 18.04.1966",1966-04-18,"Heisenberg, Werner (1901-1976)","Wiehe, Hans Jürgen","Fraser, Ronald G. J. (1899-1985); Bohr, Niels (1885-1962); Hahn, Otto (1879-1968); Olmes, Friedrich [vermutlich]; Heisenberg, Elisabeth (1914-1998)",Brief
DE-611-HS-3663523,"Brief von Hans Jürgen Wiehe an Werner Heisenberg, 15.04.1966",1966-04-15,"Wiehe, Hans Jürgen","Heisenberg, Werner (1901-1976)","Olmes, Friedrich [vermutlich]",Brief
DE-611-HS-3663532,"Brief von Werner Heisenberg an Hans Jürgen Wiehe, 07.02.1966",1966-02-07,"Heisenberg, Werner (1901-1976)","Wiehe, Hans Jürgen","Bar-Zohar, Mikhẚel (1938-)",Brief
DE-611-HS-3663551,"Brief von Hans Jürgen Wiehe an Werner Heisenberg, 02.02.1966",1966-02-02,"Wiehe, Hans Jürgen","Heisenberg, Werner (1901-1976)","Olmes, Friedrich [vermutlich]; Hitler, Adolf (1889-1945)",Brief
DE-611-HS-3663659,"Brief von Albert Wieland an Werner Heisenberg, 09.03.1958",1958-03-09,"Wieland, Albert (1920-2010)","Heisenberg, Werner (1901-1976)","Hahn, Otto (1879-1968); Weizsäcker, Carl Friedrich von (1912-2007); Spranger, Eduard (1882-1963); Heuss, Theodor (1884-1963); Von Braun, Wernher (1912-1977)",Brief
DE-611-HS-3663667,"Brief von Otto Wieland an Werner Heisenberg, 03.10.1972",1972-10-03,"Wieland, Otto (1920-)","Heisenberg, Werner (1901-1976)",,Brief
DE-611-HS-3663686,"Brief von Wiener Institut für Entwicklungsfragen an Werner Heisenberg, 1964 [Dez.]",1964,Wiener Institut für Entwicklungsfragen,"Heisenberg, Werner (1901-1976)","Ewell, Raymond Henry",Brief
DE-611-HS-3663698,"Brief von Werner Heisenberg an Alexander Witeschnik an Wiener Kulturkreis, 03.08.1966",1966-08-03,"Heisenberg, Werner (1901-1976)","Witeschnik, Alexander (1909-1993); Wiener Kulturkreis",,Brief
DE-611-HS-3663708,"Brief von Alexander Witeschnik von Wiener Kulturkreis an Werner Heisenberg, 19.07.1966",1966-07-19,"Witeschnik, Alexander (1909-1993); Wiener Kulturkreis","Heisenberg, Werner (1901-1976)",,Brief
DE-611-HS-3663726,"Brief von Kurt Wieser an Werner Heisenberg, 06.10.1948",1948-10-06,"Wieser, Kurt","Heisenberg, Werner (1901-1976)",,Brief
DE-611-HS-3663743,"Brief von Kurt Wieser an Werner Heisenberg, 10.09.1948",1948-09-10,"Wieser, Kurt","Heisenberg, Werner (1901-1976)",,Brief
DE-611-HS-3663774,"Brief von Werner Heisenberg und Wiltrud Huber von Max-Planck-Institut für Physik. Direktion. Sekretariat an Kurt Wieser, 30.05.1947",1947-05-30,"Heisenberg, Werner (1901-1976); Huber, Wiltrud; Max-Planck-Institut für Physik. Direktion. Sekretariat","Wieser, Kurt",,Brief
DE-611-HS-3663778,"Brief von Kurt Wieser an Werner Heisenberg, 15.05.1947",1947-05-15,"Wieser, Kurt","Heisenberg, Werner (1901-1976)",,Brief
DE-611-HS-3664687,"Brief von Wiltrud Huber von Max-Planck-Institut für Physik. Direktion. Sekretariat an Peter Wiest, 08.08.1973",1973-08-08,"Huber, Wiltrud; Max-Planck-Institut für Physik. Direktion. Sekretariat","Wiest, Peter",,Brief
DE-611-HS-3664691,"Brief von Peter Wiest an Werner Heisenberg, 02.08.1973",1973-08-02,"Wiest, Peter","Heisenberg, Werner (1901-1976)",,Brief
DE-611-HS-3664707,"Brief von A. S. Wightman von Laboratoire de Physique (Paris) an Werner Heisenberg, 07.12.1957",1957-12-07,"Wightman, A. S. (1922-2013); Laboratoire de Physique (Paris)","Heisenberg, Werner (1901-1976)","Symanzik, Kurt (1923-1983)",Brief
DE-611-HS-3664722,"Brief von Werner Heisenberg an Charles Wighton, 28.01.1955",1955-01-28,"Heisenberg, Werner (1901-1976)","Wighton, Charles",,Brief
DE-611-HS-3664730,"Brief von Charles Wighton an Werner Heisenberg, 07.12.1957",1957-12-07,"Wighton, Charles","Heisenberg, Werner (1901-1976)",,Brief
DE-611-HS-3664739,"Brief von Werner Heisenberg an Manfred Wild, 08.11.1974",1974-11-08,"Heisenberg, Werner (1901-1976)","Wild, Manfred",,Brief
DE-611-HS-3664741,"Brief von Manfred Wild an Werner Heisenberg, 07.12.1957",1957-12-07,"Wild, Manfred","Heisenberg, Werner (1901-1976)",,Brief
DE-611-HS-3664744,"Brief von Werner Heisenberg an Eduard Wildhagen, 19.12.1966",1966-12-19,"Heisenberg, Werner (1901-1976)","Wildhagen, Eduard (1890-1970)",,Brief
DE-611-HS-3664746,"Brief von Eduard Wildhagen an Werner Heisenberg, 22.11.1966",1966-11-22,"Wildhagen, Eduard (1890-1970)","Heisenberg, Werner (1901-1976)","Zierold, Kurt (1899-1989)",Brief
DE-611-HS-3664758,"Brief von Johann Wilhelm an Werner Heisenberg, 30.01.1973",1973-01-30,"Wilhelm, Johann","Heisenberg, Werner (1901-1976)",,Brief
DE-611-HS-3664762,"Brief von Werner Heisenberg an Wolfgang Wilhelm, 18.06.1963",1963-06-18,"Heisenberg, Werner (1901-1976)","Wilhelm, Wolfgang",,Brief
DE-611-HS-3664771,"Brief von Wolfgang Wilhelm an Werner Heisenberg, 11.06.1963",1963-06-11,"Wilhelm, Wolfgang","Heisenberg, Werner (1901-1976)",,Brief
DE-611-HS-3664778,"Brief von Werner Heisenberg an Wolfgang Wilhelm, 10.01.1963",1963-01-10,"Heisenberg, Werner (1901-1976)","Wilhelm, Wolfgang",,Brief
DE-611-HS-3664782,"Brief von Wolfgang Wilhelm an Werner Heisenberg, 03.01.1963",1963-01-03,"Wilhelm, Wolfgang","Heisenberg, Werner (1901-1976)",,Brief
DE-611-HS-3664783,"Brief von Wolfgang Wilhelm an Werner Heisenberg, 08.10.1961",1961-10-08,"Wilhelm, Wolfgang","Heisenberg, Werner (1901-1976)",,Brief
DE-611-HS-3664846,"Brief von Alexander Wilkens an Werner Heisenberg, 02.02.1954",1954-02-02,"Wilkens, Alexander (1881-1968)","Heisenberg, Werner (1901-1976)","Lopez, Jose Alvarez",Brief
DE-611-HS-3664852,"Brief von Werner Heisenberg an Alexander Wilkens, 25.01.1954",1954-01-25,"Heisenberg, Werner (1901-1976)","Wilkens, Alexander (1881-1968)","Lopez, Jose Alvarez; Laue, Max von (1879-1960)",Brief
DE-611-HS-3664857,"Brief von Alexander Wilkens an Werner Heisenberg, 06.01.1954",1954-01-06,"Wilkens, Alexander (1881-1968)","Heisenberg, Werner (1901-1976)","Lopez, Jose Alvarez",Brief
DE-611-HS-3664866,"Brief von Werner Heisenberg an Ewald Wille, 21.03.1961",1961-03-21,"Heisenberg, Werner (1901-1976)","Wille, Ewald","Maier-Leibnitz, Heinz (1911-2000)",Brief
DE-611-HS-3664872,"Brief von Werner Heisenberg an Gernot Willers, 02.05.1958",1958-05-02,"Heisenberg, Werner (1901-1976)","Willers, Gernot",,Brief
DE-611-HS-3664876,"Brief von Gernot Willers an Werner Heisenberg, 30.04.1958",1958-04-30,"Willers, Gernot","Heisenberg, Werner (1901-1976)",,Brief
DE-611-HS-3664883,"Brief von Uno Erik Wilhelm Willers an Werner Heisenberg, 29.05.1961",1961-05-29,"Willers, Uno Erik Wilhelm (1911-1980)","Heisenberg, Werner (1901-1976)",,Brief
DE-611-HS-3664892,"Brief von Werner Heisenberg an Uno Erik Wilhelm Willers an Kungliga Biblioteket Stockholm, 25.10.1960",1960-10-25,"Heisenberg, Werner (1901-1976)","Willers, Uno Erik Wilhelm (1911-1980); Kungliga Biblioteket Stockholm",,Brief
DE-611-HS-3664895,"Brief von Uno Erik Wilhelm Willers von Kungliga Biblioteket Stockholm an Werner Heisenberg, 21.10.1960",1960-10-21,"Willers, Uno Erik Wilhelm (1911-1980); Kungliga Biblioteket Stockholm","Heisenberg, Werner (1901-1976)",,Brief
DE-611-HS-3664900,"Brief von Werner Heisenberg an Uno Erik Wilhelm Willers an Kungliga Biblioteket Stockholm, 16.09.1960",1960-09-16,"Heisenberg, Werner (1901-1976)","Willers, Uno Erik Wilhelm (1911-1980); Kungliga Biblioteket Stockholm",,Brief
DE-611-HS-3664907,"Brief von Uno Erik Wilhelm Willers von Kungliga Biblioteket Stockholm an Werner Heisenberg, 15.08.1960",1960-08-15,"Willers, Uno Erik Wilhelm (1911-1980); Kungliga Biblioteket Stockholm","Heisenberg, Werner (1901-1976)",,Brief
DE-611-HS-3664910,"Brief von Werner Heisenberg an Uno Erik Wilhelm Willers an Kungliga Biblioteket Stockholm, 15.06.1960",1960-06-15,"Heisenberg, Werner (1901-1976)","Willers, Uno Erik Wilhelm (1911-1980); Kungliga Biblioteket Stockholm",,Brief
DE-611-HS-3665235,"Brief von Ernst Willi an Werner Heisenberg, 17.01.1972",1972-01-17,"Willi, Ernst (1900-1980)","Heisenberg, Werner (1901-1976)",,Brief
DE-611-HS-3665243,"Brief von Werner Heisenberg an Ernst Willi, 20.10.1970",1970-10-20,"Heisenberg, Werner (1901-1976)","Willi, Ernst (1900-1980)",,Brief
DE-611-HS-3665760,"Brief von Edmund Wilms von Kantonsspital Zürich an Werner Heisenberg, 29.02.1952",1952-02-29,"Wilms, Edmund [vermutlich]; Kantonsspital Zürich (-1977)","Heisenberg, Werner (1901-1976)",,Brief
DE-611-HS-3665766,"Brief von Werner Heisenberg an Edmund Wilms, 26.02.1952",1952-02-26,"Heisenberg, Werner (1901-1976)","Wilms, Edmund",,Brief
DE-611-HS-3665783,"Brief von Edmund Wilms von Kantonsspital Zürich an Werner Heisenberg, 10.11.1952",1952-11-10,"Wilms, Edmund [vermutlich]; Kantonsspital Zürich (-1977)","Heisenberg, Werner (1901-1976)",,Brief
DE-611-HS-3665797,"Brief von J. G. Wilson von Victoria University of Manchester . Physical Laboratories (Manchester) an Werner Heisenberg, 03.04.1950",1950-04-03,"Wilson, J. G. (1911-1994); Victoria University of Manchester (Manchester). Physical Laboratories","Heisenberg, Werner (1901-1976)","Kraeger, R.",Brief
DE-611-HS-3665822,"Brief von R. Kraeger an J. G. Wilson an Victoria University of Manchester . Physical Laboratories (Manchester), 30.03.1950",1950-03-30,"Kraeger, R.","Wilson, J. G. (1911-1994); Victoria University of Manchester (Manchester). Physical Laboratories",,Brief
DE-611-HS-3665877,"Brief von Erwin Wiltschko an Werner Heisenberg, 16.01.1971",1971-01-16,"Wiltschko, Erwin","Heisenberg, Werner (1901-1976)",,Brief
DE-611-HS-3665885,"Brief von Werner Heisenberg an Erwin Wiltschko, 13.01.1971",1971-01-13,"Heisenberg, Werner (1901-1976)","Wiltschko, Erwin","Marshak, Robert Eugene; Sudarshan, E. C. G. (1931-2018)",Brief
DE-611-HS-3665890,"Brief von Erwin Wiltschko an Werner Heisenberg, 31.12.1970",1970-12-31,"Wiltschko, Erwin","Heisenberg, Werner (1901-1976)",,Brief
DE-611-HS-3665901,"Brief von Werner Heisenberg an Erwin Wiltschko, 13.01.1970",1970-01-13,"Heisenberg, Werner (1901-1976)","Wiltschko, Erwin","Gell-Mann, Murray (1929-2019)",Brief
DE-611-HS-3665910,"Brief von Erwin Wiltschko an Werner Heisenberg, 04.01.1970",1970-01-04,"Wiltschko, Erwin","Heisenberg, Werner (1901-1976)",,Brief
DE-611-HS-3665921,"Brief von Werner Heisenberg an Erwin Wiltschko, 06.05.1969",1969-05-06,"Heisenberg, Werner (1901-1976)","Wiltschko, Erwin","Feinberg, Gerald",Brief
DE-611-HS-3665949,"Brief von Erwin Wiltschko an Werner Heisenberg, 29.04.1969",1969-04-29,"Wiltschko, Erwin","Heisenberg, Werner (1901-1976)",,Brief
DE-611-HS-3665958,"Brief von Werner Heisenberg an Toni Wimmer, 27.07.1964",1964-07-27,"Heisenberg, Werner (1901-1976)","Wimmer, Toni",,Brief
DE-611-HS-3665982,"Brief von Toni Wimmer an Werner Heisenberg, 16.07.1964",1964-07-16,"Wimmer, Toni","Heisenberg, Werner (1901-1976)",,Brief
DE-611-HS-3666003,"Brief von Werner Heisenberg an Anton Wimmer an Walzwerke (Hohenlimburg), 24.06.1954",1954-06-24,"Heisenberg, Werner (1901-1976)","Wimmer, Anton; Walzwerke (Hohenlimburg)",,Brief
DE-611-HS-3666030,"Brief von Anton Wimmer von Walzwerke (Hohenlimburg) an Werner Heisenberg, 18.06.1954",1954-06-18,"Wimmer, Anton; Walzwerke (Hohenlimburg)","Heisenberg, Werner (1901-1976)",,Brief
DE-611-HS-3666045,"Brief von Elisabeth Wimmer an Werner Heisenberg, 21.06.1973",1973-06-21,"Wimmer, Elisabeth","Heisenberg, Werner (1901-1976)",,Brief
DE-611-HS-3666103,"Brief von Wiltrud Huber von Max-Planck-Institut für Physik. Direktion. Sekretariat an Elisabeth Wimmer, 06.07.1973",1973-07-06,"Huber, Wiltrud; Max-Planck-Institut für Physik. Direktion. Sekretariat","Wimmer, Elisabeth","Heisenberg, Werner (1901-1976)",Brief
DE-611-HS-3666110,"Brief von Werner Heisenberg an Hans Wimmer, 25.01.1972",1972-01-25,"Heisenberg, Werner (1901-1976)","Wimmer, Hans","Hohenemser, Herbert (1915-1992)",Brief
DE-611-HS-3666114,"Brief von Hans Wimmer an Werner Heisenberg, 20.06.1972",1972-06-20,"Wimmer, Hans","Heisenberg, Werner (1901-1976)",,Brief
DE-611-HS-3666123,"Brief von Hans Wimmer an Werner Heisenberg, 23.08.1967",1967-08-23,"Wimmer, Hans","Heisenberg, Werner (1901-1976)","Kempff, Wilhelm (1895-1991)",Brief
DE-611-HS-3666129,"Brief von Werner Heisenberg an Hans Wimmer, 12.01.1960",1960-01-12,"Heisenberg, Werner (1901-1976)","Wimmer, Hans","Heidegger, Martin (1889-1976)",Brief
DE-611-HS-3666392,"Brief von Hans Wimmer an Werner Heisenberg, 24.12.1959",1959-12-24,"Wimmer, Hans","Heisenberg, Werner (1901-1976)",,Brief
DE-611-HS-3666403,"Brief von Werner Heisenberg an Thomas Wimmer, 21.05.1958",1958-05-21,"Heisenberg, Werner (1901-1976)","Wimmer, Thomas (1887-1964)",,Brief
DE-611-HS-3666410,"Brief von Thomas Wimmer und Adolf Hieber an Werner Heisenberg, 1958 [Mai]",1958,"Wimmer, Thomas (1887-1964); Hieber, Adolf (1898-)","Heisenberg, Werner (1901-1976)",,Brief
DE-611-HS-3666418,"Brief von Werner Heisenberg an Johannes Winckelmann, 03.01.1974",1974-01-03,"Heisenberg, Werner (1901-1976)","Winckelmann, Johannes (1900-1985)","Weber, Max (1864-1920)",Brief
DE-611-HS-3666432,"Brief von Franz Windauer an Werner Heisenberg, 1971 [November]",1971,"Windauer, Franz","Heisenberg, Werner (1901-1976) [vermutlich]",,Brief
DE-611-HS-3666452,"Brief von Annemarie Giese von Max-Planck-Institut für Physik. Direktion. Sekretariat an Göttinger Wingolf, 10.01.1956",1956-01-10,"Giese, Annemarie; Max-Planck-Institut für Physik. Direktion. Sekretariat",Göttinger Wingolf (1867-),"Heisenberg, Werner (1901-1976)",Brief
DE-611-HS-3666462,"Brief von Göttinger Wingolf an Werner Heisenberg, 1955 [Dezember]",1955,Göttinger Wingolf (1867-),"Heisenberg, Werner (1901-1976)","Allesch, Gustav Johannes von (1882-1967)",Brief
DE-611-HS-3666470,"Brief von Werner Heisenberg an Göttinger Wingolf, 17.01.1955",1955-01-17,"Heisenberg, Werner (1901-1976)",Göttinger Wingolf (1867-),"Weniger, Erich (1894-1961)",Brief
DE-611-HS-3666566,"Brief von Werner Heisenberg an Johannes Winckelmann, o.D. [27.08.]",o.D. [27.08.],"Heisenberg, Werner (1901-1976)","Winckelmann, Johannes (1900-1985)","Weber, Max (1864-1920)",Brief
DE-611-HS-3666582,Visitenkarte von Winckelmann (Incipit der Unterlage),o.D.,,,,unknown
DE-611-HS-3666592,"Brief von Johannes Winckelmann von Max-Weber-Institut (München) an Werner Heisenberg, 06.08.1973",1973-08-06,"Winckelmann, Johannes (1900-1985); Max-Weber-Institut (München)","Heisenberg, Werner (1901-1976)","Weber, Max (1864-1920)",Brief
DE-611-HS-3666605,Am 1. Oktober 1968 verstarb nach schwerer Krankheit  im 72. Lebensjahr unser Senator Dr.-Ing. Hermann Winkhaus [...] (Incipit der Unterlage),1968-10-02,"Butenandt, Adolf (1903-1995); Max-Planck-Gesellschaft zur Förderung der Wissenschaften (1948-)","Heisenberg, Werner (1901-1976) [vermutlich]",,unknown
DE-611-HS-3666747,"Brief von Gerhard Stoltenberg an Werner Heisenberg an Deutsche Atom-Kommission, 08.10.1968",1968-10-08,"Stoltenberg, Gerhard (1928-2001)","Heisenberg, Werner (1901-1976) [vermutlich]; Deutsche Atom-Kommission (1956-1971)","Winkhaus, Hermann (1897-1968)",Brief
DE-611-HS-3666757,"Brief von Hermann Winkhaus an Werner Heisenberg, 1967 [März]",1967,"Winkhaus, Hermann (1897-1968)","Heisenberg, Werner (1901-1976)",,Brief
DE-611-HS-3666770,"Brief von A. F. Winklehaus von Mastercraft Instrument Company an Werner Heisenberg, 29.11.1973",1973-11-29,"Winklehaus, A. F.; Mastercraft Instrument Company","Heisenberg, Werner (1901-1976)",,Brief
DE-611-HS-3666779,"Brief von Annemarie Giese von Max-Planck-Institut für Physik. Direktion. Sekretariat an A. F. Winklehaus, 05.10.1973",1973-10-05,"Giese, Annemarie; Max-Planck-Institut für Physik. Direktion. Sekretariat","Winklehaus, A. F.","Heisenberg, Werner (1901-1976)",Brief
DE-611-HS-3666808,"Brief von Annemarie Giese von Max-Planck-Institut für Physik. Direktion. Sekretariat an J. J. Marx (Lambrecht), 04.11.1958",1958-11-04,"Giese, Annemarie; Max-Planck-Institut für Physik. Direktion. Sekretariat",J. J. Marx (Lambrecht),,Brief
DE-611-HS-3666812,"Brief von J. J. Marx (Lambrecht) an Max-Planck-Institut für Physik. Direktion. Sekretariat, 03.11.1958",1958-11-03,J. J. Marx (Lambrecht),Max-Planck-Institut für Physik. Direktion. Sekretariat,,Brief
DE-611-HS-3666826,Fritz Winter 29. September bis 14. November 1962 (Incipit der Unterlage),1962,,,,unknown
DE-611-HS-3666835,"Brief von Annemarie Giese von Max-Planck-Institut für Physik. Direktion. Sekretariat an Friedrich G. Winter, 29.01.1976",1976-01-29,"Giese, Annemarie; Max-Planck-Institut für Physik. Direktion. Sekretariat","Winter, Friedrich G. (1910-1987)","Heisenberg, Werner (1901-1976)",Brief
DE-611-HS-3666842,"Brief von Friedrich G. Winter an Werner Heisenberg, 31.12.1975",1975-12-31,"Winter, Friedrich G. (1910-1987)","Heisenberg, Werner (1901-1976)",,Brief
DE-611-HS-3666850,"Brief von Werner Heisenberg an Friedrich G. Winter, 24.03.1975",1975-03-24,"Heisenberg, Werner (1901-1976)","Winter, Friedrich G. (1910-1987)","Riemerschmid, Reinhard (1914-1996); Euler, Hans (1909-)",Brief
DE-611-HS-3666864,"Brief von Friedrich G. Winter an Werner Heisenberg, 19.03.1975",1975-03-19,"Winter, Friedrich G. (1910-1987)","Heisenberg, Werner (1901-1976)","Euler, Hans (1909-)",Brief
DE-611-HS-3666868,"Brief von Rolf Hüper an Hermann Winter, 01.07.1958",1958-07-01,"Hüper, Rolf","Winter, Hermann (1897-1968)","Heisenberg, Werner (1901-1976); Finkelnburg, Wolfgang Karl Ernst (1905-1967)",Brief
DE-611-HS-3666876,"Brief von Hermann Winter an Werner Heisenberg, 27.05.1958",1958-05-27,"Winter, Hermann (1897-1968)","Heisenberg, Werner (1901-1976)",,Brief
DE-611-HS-3666885,"Brief von Julius Winter an Werner Heisenberg, 28.12.1962",1962-12-28,"Winter, Julius","Heisenberg, Werner (1901-1976)",,Brief
DE-611-HS-3666907,Meinungsäußerung zur Dissertation von Norbert Winter (Incipit der Unterlage),1973-01-22,"Heisenberg, Werner (1901-1976)",,,unknown
DE-611-HS-3666917,"Brief von Annemarie Giese von Max-Planck-Institut für Physik. Direktion. Sekretariat an Oskar Winter, 12.12.1969",1969-12-12,"Giese, Annemarie; Max-Planck-Institut für Physik. Direktion. Sekretariat","Winter, Oskar","Heisenberg, Werner (1901-1976)",Brief
DE-611-HS-3666924,"Brief von Oskar Winter an Werner Heisenberg, 06.12.1969",1969-12-06,"Winter, Oskar","Heisenberg, Werner (1901-1976)",,Brief
DE-611-HS-3678525,"Brief von Annemarie Giese von Max-Planck-Institut für Physik. Direktion. Sekretariat an Siegfried Winter, 26.07.1963",1963-07-26,"Giese, Annemarie; Max-Planck-Institut für Physik. Direktion. Sekretariat","Winter, Siegfried","Heisenberg, Werner (1901-1976); Sänger, Eugen (1905-1964)",Brief
DE-611-HS-3678538,"Brief von Siegfried Winter an Werner Heisenberg, 14.05.1963",1963-05-14,"Winter, Siegfried","Heisenberg, Werner (1901-1976)",,Brief
DE-611-HS-3678545,"Brief von Werner Heisenberg an Edmund Winterhoff, 09.04.1970",1970-04-09,"Heisenberg, Werner (1901-1976)","Winterhoff, Edmund",,Brief
DE-611-HS-3678549,"Brief von Edmund Winterhoff an Werner Heisenberg, 09.04.1970",1970-04-09,"Winterhoff, Edmund","Heisenberg, Werner (1901-1976)",,Brief
DE-611-HS-3678554,"Brief von Edmund Winterhoff an Werner Heisenberg, 25.05.1967",1967-05-25,"Winterhoff, Edmund","Heisenberg, Werner (1901-1976)","Huxley, Julian (1887-1975); Medawar, Peter B. (1915-1987)",Brief
DE-611-HS-3678557,Aktenverweis (Einheitstitel von Bearbeiter/in),unknown,,,,unknown
DE-611-HS-3678559,"Brief von Helmut Winzeler von Universität Bern. Physikalisches Institut an Werner Heisenberg, 25.05.1967",1967-05-25,"Winzeler, Helmut; Universität Bern. Physikalisches Institut","Heisenberg, Werner (1901-1976)",,Brief
DE-611-HS-3678577,"Brief von Annemarie Giese von Max-Planck-Institut für Physik. Direktion. Sekretariat an Jürgen Wippern, 30.08.1972",1972-08-30,"Giese, Annemarie; Max-Planck-Institut für Physik. Direktion. Sekretariat","Wippern, Jürgen","Heisenberg, Werner (1901-1976); Robin, Léon (1866-1947)",Brief
DE-611-HS-3678584,"Brief von Werner Heisenberg an Adolf Wirk, 10.01.1961",1961-01-10,"Heisenberg, Werner (1901-1976)","Wirk, Adolf","Weizsäcker, Carl Friedrich von (1912-2007)",Brief
DE-611-HS-3678791,"Brief von Adolf Wirk an Werner Heisenberg, 16.12.1960",1960-12-16,"Wirk, Adolf","Heisenberg, Werner (1901-1976)","Dessauer, Friedrich (1881-1963) [vermutlich]; Wenzl, Aloys (1887-1967) [vermutlich]",Brief
DE-611-HS-3678793,"Brief von Werner Heisenberg an Adolf Wirk, 01.12.1960",1960-12-01,"Heisenberg, Werner (1901-1976)","Wirk, Adolf",,Brief
DE-611-HS-3678797,"Brief von Adolf Wirk an Werner Heisenberg, 28.11.1960",1960-11-28,"Wirk, Adolf","Heisenberg, Werner (1901-1976)",,Brief
DE-611-HS-3678798,"Brief von Werner Heisenberg an Adolf Wirk, 08.07.1960",1960-07-08,"Heisenberg, Werner (1901-1976)","Wirk, Adolf",,Brief
DE-611-HS-3680220,"Brief von Adolf Wirk an Werner Heisenberg, 06.07.1960",1960-07-06,"Wirk, Adolf","Heisenberg, Werner (1901-1976)","Plohmann, Arnold (1895-)",Brief
DE-611-HS-3680241,"Brief von Werner Heisenberg an Eva Alice Windish, 03.09.1963",1963-09-03,"Heisenberg, Werner (1901-1976)","Windish, Eva Alice",,Brief
DE-611-HS-3680265,"Brief von Edmund Winterhoff an Werner Heisenberg, 26.06.1970",1970-06-26,"Winterhoff, Edmund","Heisenberg, Werner (1901-1976)","Huxley, Aldous (1894-1963)",Brief
DE-611-HS-3680269,"Brief von A. F. Winklehaus von Mastercraft Instrument Company an Werner Heisenberg an Max-Planck-Institut für Physik. Direktion. Sekretariat, 17.09.1973",1973-09-17,"Winklehaus, A. F.; Mastercraft Instrument Company","Heisenberg, Werner (1901-1976); Max-Planck-Institut für Physik. Direktion. Sekretariat",,Brief
DE-611-BF-81116,"502. IV. Institutionen, 1. Korrespondenz: Wirku-Wöhr",1955,,,,unknown
DE-611-HS-3680381,"Brief von Werner Heisenberg an Paul Wirkus, 25.08.1955",1955-08-25,"Heisenberg, Werner (1901-1976)","Wirkus, Paul",,Brief
DE-611-HS-3680390,"Brief von Paul Wirkus an Werner Heisenberg, 15.07.1955",1955-07-15,"Wirkus, Paul","Heisenberg, Werner (1901-1976)",,Brief
DE-611-HS-3680396,"Brief von Irmgard Trapper von  an Werner Heisenberg, 15.07.1965",1965-07-15,"Trapper, Irmgard; null","Heisenberg, Werner (1901-1976)",,Brief
DE-611-HS-3680398,"Brief von Giselher Wirsing von  an Werner Heisenberg, 07.09.1965",1965-09-07,"Wirsing, Giselher (1907-1975); null","Heisenberg, Werner (1901-1976)","Harpprecht, Klaus (1927-2016); Erhard, Ludwig (1897-1977)",Brief
DE-611-HS-3680402,"Brief von Werner Heisenberg an Josef Wirth, 13.11.1959",1959-11-13,"Heisenberg, Werner (1901-1976)","Wirth, Josef","Bartels, Julius (1899-1964)",Brief
DE-611-HS-3680403,"Brief von Josef Wirth an Werner Heisenberg, 27.12.1959",1959-12-27,"Wirth, Josef","Heisenberg, Werner (1901-1976)",,Brief
DE-611-HS-3680409,"Brief von Annemarie Giese von Max-Planck-Institut für Physik. Direktion. Sekretariat an Wirtschaftsbeirat der Union, 25.06.1957",1957-06-25,"Giese, Annemarie; Max-Planck-Institut für Physik. Direktion. Sekretariat",Wirtschaftsbeirat der Union,"Heisenberg, Werner (1901-1976)",Brief
DE-611-HS-3680413,"Brief von Herbert Huber von Wirtschaftsbeirat der Union an Werner Heisenberg, 19.02.1957",1957-02-19,"Huber, Herbert (1935-2016); Wirtschaftsbeirat der Union","Heisenberg, Werner (1901-1976) [vermutlich]",,Brief
DE-611-HS-3680418,"Brief von Herbert Huber von Wirtschaftsbeirat der Union an Werner Heisenberg, 08.12.1957",1957-12-08,"Huber, Herbert (1935-2016); Wirtschaftsbeirat der Union","Heisenberg, Werner (1901-1976) [vermutlich]",,Brief
DE-611-HS-3680420,"Brief von Annemarie Giese von Max-Planck-Institut für Physik. Direktion. Sekretariat an Wirtschaftsbeirat der Union, 11.06.1956",1956-06-11,"Giese, Annemarie; Max-Planck-Institut für Physik. Direktion. Sekretariat",Wirtschaftsbeirat der Union,"Heisenberg, Werner (1901-1976)",Brief
DE-611-HS-3680426,"Brief von Werner Heisenberg an Franz Elsen an Wirtschaftsbeirat der Union, 18.05.1956",1956-05-18,"Heisenberg, Werner (1901-1976)","Elsen, Franz (1906-1980); Wirtschaftsbeirat der Union","Ehard, Hans (1887-1980)",Brief
DE-611-HS-3680433,"Brief von Franz Elsen von Wirtschaftsbeirat der Union an Werner Heisenberg, 18.04.1956",1956-04-18,"Elsen, Franz (1906-1980); Wirtschaftsbeirat der Union","Heisenberg, Werner (1901-1976)","Ruf, Sep (1908-1982); Strauß, Franz Josef (1915-1988)",Brief
DE-611-HS-3680439,"Brief von Werner Heisenberg an Wirtschaftspolitischer Club Bonn, 14.12.1967",1967-12-14,"Heisenberg, Werner (1901-1976)",Wirtschaftspolitischer Club Bonn,,Brief
DE-611-HS-3680443,"Brief von Wirtschaftspolitischer Club Bonn an Werner Heisenberg, 04.12.1967",1967-12-04,Wirtschaftspolitischer Club Bonn,"Heisenberg, Werner (1901-1976)",,Brief
DE-611-HS-3680447,"Brief von Wirtschaftsring (Bonn) an Werner Heisenberg, 05.11.1958",1958-11-05,Wirtschaftsring (Bonn),"Heisenberg, Werner (1901-1976)","Drucker, Peter F. (1909-2005)",Brief
DE-611-HS-3680452,"Brief von Werner Heisenberg an Wirtschaftsring (Bonn), 31.10.1958",1958-10-31,"Heisenberg, Werner (1901-1976)",Wirtschaftsring (Bonn),,Brief
DE-611-HS-3680468,"Brief von Wirtschaftsring (Bonn) an Werner Heisenberg, 05.09.1958",1958-09-05,Wirtschaftsring (Bonn),"Heisenberg, Werner (1901-1976)","Drucker, Peter F. (1909-2005)",Brief
DE-611-HS-3680484,"Brief von Will Schwarz von Wirtschaftsverband Bildender Künstler Nordrhein-Westfalen an Werner Heisenberg, 30.11.1967",1967-11-30,"Schwarz, Will (-1992); Wirtschaftsverband Bildender Künstler Nordrhein-Westfalen (1953-1977)","Heisenberg, Werner (1901-1976)","Thadden, Adolf von (1921-1996)",Brief
DE-611-HS-3680616,"Brief von Werner Heisenberg an J. O. Wisdom an London School of Economics and Political Science, 02.04.1959",1959-04-02,"Heisenberg, Werner (1901-1976)","Wisdom, J. O. (1908-1993); London School of Economics and Political Science (1895-)",,Brief
DE-611-HS-3680621,"Brief von J. O. Wisdom von London School of Economics and Political Science an Werner Heisenberg, 25.03.1959",1959-03-25,"Wisdom, J. O. (1908-1993); London School of Economics and Political Science (1895-)","Heisenberg, Werner (1901-1976)",,Brief
DE-611-HS-3680641,"Brief von Ernst Aurich von Wissenschaftliche Buchgesellschaft an Werner Heisenberg, 09.05.1958",1958-05-09,"Aurich, Ernst; Wissenschaftliche Buchgesellschaft (1955-2024)","Heisenberg, Werner (1901-1976)",,Brief
DE-611-HS-3680646,"Brief von Werner Heisenberg an Ernst Aurich an Wissenschaftliche Buchgesellschaft, 21.04.1958",1958-04-21,"Heisenberg, Werner (1901-1976)","Aurich, Ernst; Wissenschaftliche Buchgesellschaft (1955-2024)",,Brief
DE-611-HS-3680649,"Brief von Ernst Aurich von Wissenschaftliche Buchgesellschaft an Werner Heisenberg, 10.04.1958",1958-04-10,"Aurich, Ernst; Wissenschaftliche Buchgesellschaft (1955-2024)","Heisenberg, Werner (1901-1976)",,Brief
DE-611-HS-3680656,Aktenverweis (Einheitstitel von Bearbeiter/in),unknown,,,,unknown
DE-611-HS-3680665,"Brief von Verlag Junge Welt an Werner Heisenberg, 28.06.1962",1962-06-28,Verlag Junge Welt (1951-),"Heisenberg, Werner (1901-1976)",,Brief
DE-611-HS-3680673,"Brief von Werner Heisenberg an Hanna Samsonowska an Agencja Robotnicza (Warszawa), 17.12.1959",1959-12-17,"Heisenberg, Werner (1901-1976)","Samsonowska, Hanna; Agencja Robotnicza (Warszawa)",,Brief
DE-611-HS-3680699,"Brief von Hanna Samsonowska von Agencja Robotnicza (Warszawa) an Werner Heisenberg, 02.12.1959",1959-12-02,"Samsonowska, Hanna; Agencja Robotnicza (Warszawa)","Heisenberg, Werner (1901-1976)",,Brief
DE-611-HS-3680712,"Brief von Winfried-Cleophas Chwastek von Stadtbibliothek (Wuppertal) an Werner Heisenberg, 1967 [Juli]",1967,"Chwastek, Winfried-Cleophas; Stadtbibliothek (Wuppertal)","Heisenberg, Werner (1901-1976)","Sieverts, Rudolf (1903-)",Brief
DE-611-HS-3680713,"Brief von Werner Heisenberg an Wissenschaftliche Verlagsgesellschaft Stuttgart, 17.08.1971",1971-08-17,"Heisenberg, Werner (1901-1976)",Wissenschaftliche Verlagsgesellschaft Stuttgart (1921-),,Brief
DE-611-HS-3680720,"Brief von Hans Rotta und Oskar Schlemmer von Wissenschaftliche Verlagsgesellschaft Stuttgart und Deutscher Apotheker-Verlag Doktor Roland Schmiedel, S. Hirzel Verlag (Stuttgart) an Werner Heisenberg, 1971",1971,"Rotta, Hans (1921-2008); Schlemmer, Oskar [vermutlich]; Wissenschaftliche Verlagsgesellschaft Stuttgart (1921-); Deutscher Apotheker-Verlag Doktor Roland Schmiedel (1950-); S. Hirzel Verlag (Stuttgart)","Heisenberg, Werner (1901-1976)","Schmiedel, Roland (1888-1967)",Brief
DE-611-HS-3680723,"Brief von Werner Heisenberg an Wissenschaftliche Verlagsgesellschaft Stuttgart, 27.07.1971",1971-07-27,"Heisenberg, Werner (1901-1976)",Wissenschaftliche Verlagsgesellschaft Stuttgart (1921-),,Brief
DE-611-HS-3681216,"Brief von Horst Bethmann an Werner Heisenberg, 1958 [Nov./Dez.]",1958,"Bethmann, Horst (1922-)","Heisenberg, Werner (1901-1976) [vermutlich]",,Brief
DE-611-HS-3681222,"Brief von Richard Wisser von Johannes Gutenberg-Universität Mainz. Philosophisches Seminar an Werner Heisenberg, 16.12.1973",1973-12-16,"Wisser, Richard (1927-2019); Johannes Gutenberg-Universität Mainz. Philosophisches Seminar","Heisenberg, Werner (1901-1976)","Arasa, Francisco (1916-)",Brief
DE-611-HS-3681227,"Brief von Werner Heisenberg an Richard Wisser, 19.11.1973",1973-11-19,"Heisenberg, Werner (1901-1976)","Wisser, Richard (1927-2019)","Arasa, Francisco (1916-)",Brief
DE-611-HS-3681231,"Brief von Richard Wisser von Johannes Gutenberg-Universität Mainz. Philosophisches Seminar an Werner Heisenberg, 11.11.1973",1973-11-11,"Wisser, Richard (1927-2019); Johannes Gutenberg-Universität Mainz. Philosophisches Seminar","Heisenberg, Werner (1901-1976)","Arasa, Francisco (1916-); Pfeiffer, Heinrich (1927-2016) [vermutlich]",Brief
DE-611-HS-3681238,"Brief von Werner Heisenberg an Richard Wisser, 16.12.1969",1969-12-16,"Heisenberg, Werner (1901-1976)","Wisser, Richard (1927-2019)","Heidegger, Martin (1889-1976)",Brief
DE-611-HS-3681245,"Brief von Richard Wisser von Johannes Gutenberg-Universität Mainz. Philosophisches Seminar an Werner Heisenberg, 23.03.1966",1966-03-23,"Wisser, Richard (1927-2019); Johannes Gutenberg-Universität Mainz. Philosophisches Seminar","Heisenberg, Werner (1901-1976)",,Brief
DE-611-HS-3681252,"Brief von Richard Wisser von Johannes Gutenberg-Universität Mainz. Philosophisches Seminar an Werner Heisenberg, 09.03.1966",1966-03-09,"Wisser, Richard (1927-2019); Johannes Gutenberg-Universität Mainz. Philosophisches Seminar","Heisenberg, Werner (1901-1976)",,Brief
DE-611-HS-3681259,"Brief von Enos Witmer von Pennsylvania State University . College of Chemistry and Physics (University Park, Pa.) an Werner Heisenberg, 22.05.1973",1973-05-22,"Witmer, Enos; Pennsylvania State University (University Park, Pa.). College of Chemistry and Physics","Heisenberg, Werner (1901-1976)",,Brief
DE-611-HS-3681266,"Brief von Werner Heisenberg an Enos Witmer, 26.02.1973",1973-02-26,"Heisenberg, Werner (1901-1976)","Witmer, Enos","Dürr, Hans-Peter (1929-2014)",Brief
DE-611-HS-3681275,"Brief von Enos Witmer an Werner Heisenberg, 11.02.1973",1973-02-11,"Witmer, Enos","Heisenberg, Werner (1901-1976)","Schrieffer, John R. (1931-2019); Wigner, Eugene Paul (1902-1995)",Brief
DE-611-HS-3681398,"Brief von Enos Witmer von Pennsylvania State University . College of Chemistry and Physics (University Park, Pa.) an Werner Heisenberg, 05.06.1968",1968-06-05,"Witmer, Enos; Pennsylvania State University (University Park, Pa.). College of Chemistry and Physics","Heisenberg, Werner (1901-1976)","Born, Max (1882-1970); Wigner, Eugene Paul (1902-1995); Jordan, Pascual (1902-1980)",Brief
DE-611-HS-3681404,Aktenverweis (Einheitstitel von Bearbeiter/in),unknown,,,,unknown
DE-611-HS-3681405,"Brief von Werner Heisenberg an Manfred Witt an Max-Planck-Institut für Metallforschung, 23.09.1970",1970-09-23,"Heisenberg, Werner (1901-1976)","Witt, Manfred; Max-Planck-Institut für Metallforschung",,Brief
DE-611-HS-3681517,"Brief von Manfred Witt von Max-Planck-Institut für Metallforschung an Werner Heisenberg, 21.09.1970",1970-09-21,"Witt, Manfred; Max-Planck-Institut für Metallforschung","Heisenberg, Werner (1901-1976)",,Brief
DE-611-HS-3681521,Aktenverweis (Einheitstitel von Bearbeiter/in),unknown,,,,unknown
DE-611-HS-3681546,"Brief von Annemarie Giese von Max-Planck-Institut für Physik. Direktion. Sekretariat an Hans Wegener an Wittheit zu Bremen (Körperschaft), 02.05.1955",1955-05-02,"Giese, Annemarie; Max-Planck-Institut für Physik. Direktion. Sekretariat","Wegener, Hans (1896-1980); Wittheit zu Bremen (Körperschaft) (1941-)","Heisenberg, Werner (1901-1976); Binz, Tita (1903-1970); Retzlaff, Erich (1899-1993); Liebenthal-Latorf, Susanne",Brief
DE-611-HS-3681553,"Brief von Hans Wegener von Wittheit zu Bremen (Körperschaft) an Werner Heisenberg, 27.04.1955",1955-04-27,"Wegener, Hans (1896-1980); Wittheit zu Bremen (Körperschaft) (1941-)","Heisenberg, Werner (1901-1976)",,Brief
DE-611-HS-3681556,"Brief von Adam Wittmann an Werner Heisenberg, 09.04.1971",1971-04-09,"Wittmann, Adam (1901-)","Heisenberg, Werner (1901-1976)",,Brief
DE-611-HS-3681561,"Brief von Werner Heisenberg an Adam Wittmann, 13.01.1967",1967-01-13,"Heisenberg, Werner (1901-1976)","Wittmann, Adam (1901-)",,Brief
DE-611-HS-3681566,"Brief von Adam Wittmann an Werner Heisenberg, 18.01.1967",1967-01-18,"Wittmann, Adam (1901-)","Heisenberg, Werner (1901-1976)",,Brief
DE-611-HS-3681571,"Brief von Werner Heisenberg an Adam Wittmann, 09.01.1967",1967-01-09,"Heisenberg, Werner (1901-1976)","Wittmann, Adam (1901-)",,Brief
DE-611-HS-3681584,"Brief von Karl Riedl von Maximilianeum (München) an Werner Heisenberg, 04.07.1972",1972-07-04,"Riedl, Karl (1907-1985); Maximilianeum (München)","Heisenberg, Werner (1901-1976)","Wittmann, Felix (1923-2012)",Brief
DE-611-HS-3681598,"Brief von Henry von Witzleben an Werner Heisenberg, 04.11.1967",1967-11-04,"Witzleben, Henry von (1896-1994)","Heisenberg, Werner (1901-1976)","Bloch, Felix (1905-1983)",Brief
DE-611-HS-3681608,"Brief von Werner Heisenberg an Henry von Witzleben, 16.10.1967",1967-10-16,"Heisenberg, Werner (1901-1976)","Witzleben, Henry von (1896-1994)",,Brief
DE-611-HS-3681621,"Brief von Henry von Witzleben an Werner Heisenberg, 02.09.1967",1967-09-02,"Witzleben, Henry von (1896-1994)","Heisenberg, Werner (1901-1976)","Pauli, Wolfgang (1900-1958); Bloch, Felix (1905-1983)",Brief
DE-611-HS-3681627,W.K.G.-Dienst aus Bonn : unabhängige Presse-Korrespondenz Nachrichten / Berichte / Kommentare (Incipit des Druckes),1962-11-07,,"Heisenberg, Werner (1901-1976) [vermutlich]",,unknown
DE-611-HS-3681631,W.K.G.-Dienst aus Bonn : unabhängige Presse-Korrespondenz Nachrichten / Berichte / Kommentare (Incipit des Druckes),1962-10-30,,"Heisenberg, Werner (1901-1976) [vermutlich]",,unknown
DE-611-HS-3681640,"Brief von Werner Heisenberg an J. Wlodarski, 26.04.1963",1963-04-26,"Heisenberg, Werner (1901-1976)","Wlodarski, J.",,Brief
DE-611-HS-3681642,"Brief von J. Wlodarski an Werner Heisenberg, 23.04.1963",1963-04-23,"Wlodarski, J.","Heisenberg, Werner (1901-1976)","Witmer, Enos",Brief
DE-611-HS-3682060,"Brief von Werner Heisenberg an Gisella von Wobeser, 30.06.1955",1955-06-30,"Heisenberg, Werner (1901-1976)","Wobeser, Gisella von",,Brief
DE-611-HS-3682066,"Brief von Gisella von Wobeser an Werner Heisenberg, 27.06.1955",1955-06-27,"Wobeser, Gisella von","Heisenberg, Werner (1901-1976)",,Brief
DE-611-HS-3682076,"Brief von Werner Heisenberg an Dieter Heimlich an Wochenpost / Redaktion (Berlin, Ost), 08.10.1964",1964-10-08,"Heisenberg, Werner (1901-1976)","Heimlich, Dieter; Wochenpost / Redaktion (Berlin, Ost)",,Brief
DE-611-HS-3682084,"Brief von Dieter Heimlich von Wochenpost / Redaktion (Berlin, Ost) an Werner Heisenberg, 1964 [ca.]",1964,"Heimlich, Dieter; Wochenpost / Redaktion (Berlin, Ost)","Heisenberg, Werner (1901-1976)",,Brief
DE-611-HS-3682106,"Brief von Karlheinz Wöhler von Naval Postgraduate School (Monterey, Calif.) an Gerhart von Gierke an Max-Planck-Institut für Physik und Astrophysik, 1964",1964,"Wöhler, Karlheinz (1930-); Naval Postgraduate School (Monterey, Calif.)","Gierke, Gerhart von (1922-2003); Max-Planck-Institut für Physik und Astrophysik (1958-1991)",,Brief
DE-611-HS-3682202,"Brief von Fritz Wöhr an Werner Heisenberg, 03.08.1966",1966-08-03,"Wöhr, Fritz","Heisenberg, Werner (1901-1976)",,Brief
DE-611-HS-3682206,"Brief von Werner Heisenberg an Richard Wisser, 15.03.1966",1966-03-15,"Heisenberg, Werner (1901-1976)","Wisser, Richard (1927-2019)",,Brief
DE-611-HS-3682209,"Brief von Adam Wittmann an Werner Heisenberg, 03.01.1967",1967-01-03,"Wittmann, Adam (1901-)","Heisenberg, Werner (1901-1976)",,Brief
DE-611-BF-81117,"503. IV. Institutionen, 1. Korrespondenz: Wölf-Wom",1949,,,,unknown
DE-611-HS-3683052,"Brief von Werner Heisenberg an Ernst Wölfflin, 24.01.1949",1949-01-24,"Heisenberg, Werner (1901-1976)","Wölfflin, Ernst (1873-1960)","Eucken, Arnold (1884-1950); Planck, Max (1858-1947)",Brief
DE-611-HS-3683053,"Brief von Ernst Wölfflin an Werner Heisenberg, 28.01.1949",1949-01-28,"Wölfflin, Ernst (1873-1960)","Heisenberg, Werner (1901-1976)","Eucken, Arnold (1884-1950); Planck, Max (1858-1947); Laue, Max von (1879-1960)",Brief
DE-611-HS-3683054,"Brief von Ernst Wölfflin an Werner Heisenberg, 01.01.1949",1949-01-01,"Wölfflin, Ernst (1873-1960)","Heisenberg, Werner (1901-1976)","Eucken, Arnold (1884-1950); Planck, Max (1858-1947); Laue, Max von (1879-1960)",Brief
DE-611-HS-3683055,"Brief von Werner Heisenberg an Ernst Wölfflin, 17.12.1948",1948-12-17,"Heisenberg, Werner (1901-1976)","Wölfflin, Ernst (1873-1960)","Eucken, Arnold (1884-1950); Planck, Max (1858-1947)",Brief
DE-611-HS-3683056,"Brief von Ernst Wölfflin an Werner Heisenberg, 05.12.1948",1948-12-05,"Wölfflin, Ernst (1873-1960)","Heisenberg, Werner (1901-1976)","Eucken, Arnold (1884-1950); Planck, Max (1858-1947); Laue, Max von (1879-1960)",Brief
DE-611-HS-3683057,"Brief von Werner Heisenberg an Ernst Wölfflin, 29.11.1948",1948-11-29,"Heisenberg, Werner (1901-1976)","Wölfflin, Ernst (1873-1960)","Eucken, Arnold (1884-1950); Planck, Max (1858-1947)",Brief
DE-611-HS-3683058,"Brief von Ernst Wölfflin an Werner Heisenberg, 15.11.1948",1948-11-15,"Wölfflin, Ernst (1873-1960)","Heisenberg, Werner (1901-1976)","Planck, Max (1858-1947)",Brief
DE-611-HS-3683059,Aktenverweis (Einheitstitel von Bearbeiter/in),unknown,,,,unknown
DE-611-HS-3683060,"Brief von G. Wojahn an Werner Heisenberg, 08.01.1963",1963-01-08,"Wojahn, G.","Heisenberg, Werner (1901-1976)",,Brief
DE-611-HS-3683061,"Brief von Werner Heisenberg an Max Wold, 05.10.1971",1971-10-05,"Heisenberg, Werner (1901-1976)","Wold, Max",,Brief
DE-611-HS-3683062,"Brief von Max Wold an Werner Heisenberg, 20.09.1971 [Datum laut Poststempel]",1971-09-20,"Wold, Max","Heisenberg, Werner (1901-1976)",,Brief
DE-611-HS-3683063,"Brief von Max Wold an Werner Heisenberg, 1971 [ca.]",1971,"Wold, Max","Heisenberg, Werner (1901-1976)",,Brief
DE-611-HS-3683064,"Brief von Werner Heisenberg an Max Wold, 19.08.1971",1971-08-19,"Heisenberg, Werner (1901-1976)","Wold, Max","Bohr, Niels (1885-1962)",Brief
DE-611-HS-3683065,"Brief von Max Wold an Werner Heisenberg, 1971 [ca.]",1971,"Wold, Max","Heisenberg, Werner (1901-1976)",,Brief
DE-611-HS-3683066,"Brief von Ernst Wolf an Werner Heisenberg, 17.09.1958",1958-09-17,"Wolf, Ernst (1902-1971)","Heisenberg, Werner (1901-1976)",,Brief
DE-611-HS-3683067,"Brief von Werner Heisenberg an Ernst Wolf, 10.09.1958",1958-09-10,"Heisenberg, Werner (1901-1976)","Wolf, Ernst (1902-1971)",,Brief
DE-611-HS-3683068,"Brief von Ernst Wolf von Die Religion in Geschichte und Gegenwart an Werner Heisenberg, 31.07.1958",1958-07-31,"Wolf, Ernst (1902-1971); Die Religion in Geschichte und Gegenwart","Heisenberg, Werner (1901-1976)",,Brief
DE-611-HS-3683092,"Brief von Willibald Jentschke von Deutsches Elektronen-Synchrotron an Werner Heisenberg, 17.09.1970",1970-09-17,"Jentschke, Willibald (1911-2002); Deutsches Elektronen-Synchrotron (2001-)","Heisenberg, Werner (1901-1976)","Wolf, Günter (1937-2024)",Brief
DE-611-HS-3683098,"Brief von Werner Heisenberg an Willibald Jentschke, 21.06.1970",1970-06-21,"Heisenberg, Werner (1901-1976)","Jentschke, Willibald (1911-2002)","Wolf, Günter (1937-2024)",Brief
DE-611-HS-3683105,"Brief von Klaus Gottstein an Werner Heisenberg, 20.07.1970",1970-07-20,"Gottstein, Klaus (1924-2020)","Heisenberg, Werner (1901-1976)","Wolf, Günter (1937-2024); Deutschmann, Martin (1917-2008); Jentschke, Willibald (1911-2002); Brandt, Siegmund (1936-2016); Winzeler, Helmut; Panofsky, Wolfgang Kurt Hermann (1919-2007); Schmitz, Norbert (1933-); Brasse, Friedhelm; Buschhorn, H.; Ting, Samuel Chao-chung (1936-); Meyer, Hinrich; Harmsen, Dirk-Michael (-2023)",Brief
DE-611-HS-3683132,"Brief von Martin Deutschmann von RWTH Aachen. Physikalisches Institut 3 an Willibald Jentschke an Deutsches Elektronen-Synchrotron, 21.04.1970",1970-04-21,"Deutschmann, Martin (1917-2008); RWTH Aachen. Physikalisches Institut 3","Jentschke, Willibald (1911-2002); Deutsches Elektronen-Synchrotron (2001-)","Wolf, Günter (1937-2024); Brandt, Siegmund (1936-2016); Winzeler, Helmut; Meyer, Hinrich; Harmsen, Dirk-Michael (-2023)",Brief
DE-611-HS-3683142,"Brief von Wolfgang Kurt Hermann Panofsky von Stanford Linear Accelerator Center an Willibald Jentschke an Deutsches Elektronen-Synchrotron, 02.04.1970",1970-04-02,"Panofsky, Wolfgang Kurt Hermann (1919-2007); Stanford Linear Accelerator Center (1962-)","Jentschke, Willibald (1911-2002); Deutsches Elektronen-Synchrotron (2001-)","Wolf, Günter (1937-2024); Meyer, Hinrich; Brasse, Friedhelm; Buschhorn, H.",Brief
DE-611-HS-3683144,"Brief von Norbert Schmitz von Max-Planck-Institut für Physik und Astrophysik an Willibald Jentschke an Deutsches Elektronen-Synchrotron, 17.04.1970",1970-04-17,"Schmitz, Norbert (1933-); Max-Planck-Institut für Physik und Astrophysik (1958-1991)","Jentschke, Willibald (1911-2002); Deutsches Elektronen-Synchrotron (2001-)","Wolf, Günter (1937-2024); Brandt, Siegmund (1936-2016); Winzeler, Helmut; Meyer, Hinrich; Harmsen, Dirk-Michael (-2023)",Brief
DE-611-HS-3683149,"Brief von Cambridge Electron Accelerator (Cambridge, Mass.) an Willibald Jentschke an Deutsches Elektronen-Synchrotron, 24.04.1970",1970-04-24,"Cambridge Electron Accelerator (Cambridge, Mass.)","Jentschke, Willibald (1911-2002); Deutsches Elektronen-Synchrotron (2001-)","Wolf, Günter (1937-2024); Meyer, Hinrich; Brasse, Friedhelm; Buschhorn, H.",Brief
DE-611-HS-3683154,"Brief von Samuel Chao-chung Ting von Massachusetts Institute of Technology. Laboratory for Nuclear Science an Willibald Jentschke an Deutsches Elektronen-Synchrotron, 09.04.1970",1970-04-09,"Ting, Samuel Chao-chung (1936-); Massachusetts Institute of Technology. Laboratory for Nuclear Science","Jentschke, Willibald (1911-2002); Deutsches Elektronen-Synchrotron (2001-)","Wolf, Günter (1937-2024); Meyer, Hinrich; Brasse, Friedhelm; Buschhorn, H.",Brief
DE-611-HS-3683162,"Brief von Werner Heisenberg an Fred Alan Wolf an California State University San Bernardino. Department of Physics, 21.05.1973",1973-05-21,"Heisenberg, Werner (1901-1976)","Wolf, Fred Alan; California State University San Bernardino. Department of Physics",,Brief
DE-611-HS-3683165,"Brief von Fred Alan Wolf von San Diego State University an Werner Heisenberg, 07.05.1973",1973-05-07,"Wolf, Fred Alan; San Diego State University (1974-)","Heisenberg, Werner (1901-1976)","Dirac, P. A. M. (1902-1984); Sarfatti, Jack",Brief
DE-611-HS-3683233,"Brief von Werner Heisenberg an Gotthard Wolf, 18.11.1957",1957-11-18,"Heisenberg, Werner (1901-1976)","Wolf, Gotthard (1910-1995)",,Brief
DE-611-HS-3683236,"Brief von Gotthard Wolf an Werner Heisenberg, 11.11.1957",1957-11-11,"Wolf, Gotthard (1910-1995)","Heisenberg, Werner (1901-1976)",,Brief
DE-611-HS-3683238,"Brief von Werner Heisenberg an Helmut Wolf, 13.10.1967",1967-10-13,"Heisenberg, Werner (1901-1976)","Wolf, Helmut (1941-)",,Brief
DE-611-HS-3683241,"Brief von Helmut Wolf an Werner Heisenberg, 1967 [ca.]",1967,"Wolf, Helmut (1941-)","Heisenberg, Werner (1901-1976)",,Brief
DE-611-HS-3683246,"Brief von Annemarie Giese von Max-Planck-Institut für Physik. Direktion. Sekretariat an Horst Wolf, 31.10.1958",1958-10-31,"Giese, Annemarie; Max-Planck-Institut für Physik. Direktion. Sekretariat","Wolf, Horst","Heisenberg, Werner (1901-1976)",Brief
DE-611-HS-3683477,"Brief von Horst Wolf an Werner Heisenberg, 19.10.1958",1958-10-19,"Wolf, Horst","Heisenberg, Werner (1901-1976)",,Brief
DE-611-HS-3683481,Aktenverweis (Einheitstitel von Bearbeiter/in),unknown,,,,unknown
DE-611-HS-3683487,"Brief von Karl August Wolf an Werner Heisenberg an Max-Planck-Institut für Physik und Astrophysik, 01.12.1964",1964-12-01,"Wolf, Karl August","Heisenberg, Werner (1901-1976); Max-Planck-Institut für Physik und Astrophysik (1958-1991)","Butenandt, Adolf (1903-1995)",Brief
DE-611-HS-3683502,"Wir haben die traurige Pflicht mitzuteilen, daß unser hochverehrter Lehrer und Institutsleiter Professor Dr. phil. Karl Lothar Wolf [...] (Incipit des Druckes)",1969-02-04,Institut für Physik und Chemie der Grenzflächen (Marienthal),,,unknown
DE-611-HS-3683507,Aktenverweis (Einheitstitel von Bearbeiter/in),unknown,,,,unknown
DE-611-HS-3683517,"Brief von Karl Lothar Wolf an Andreas Bruno Wachsmuth, 02.07.1967",1967-07-02,"Wolf, Karl Lothar (1901-1969)","Wachsmuth, Andreas Bruno (1890-1981)",,Brief
DE-611-HS-3683534,"Brief von K. R. Wolf an Werner Heisenberg, 28.08.1972",1972-08-28,"Wolf, K. R.","Heisenberg, Werner (1901-1976)",,Brief
DE-611-HS-3683598,"Brief von Werner Heisenberg an Leonhard Wolf, 16.05.1961",1961-05-16,"Heisenberg, Werner (1901-1976)","Wolf, Leonhard (1897-1983)",,Brief
DE-611-HS-3683603,"Brief von Leonhard Wolf an Werner Heisenberg, 10.05.1961",1961-05-10,"Wolf, Leonhard (1897-1983)","Heisenberg, Werner (1901-1976)",,Brief
DE-611-HS-3683611,"Brief von Wiltrud Huber von Max-Planck-Institut für Physik. Direktion. Sekretariat an Verlagshaus Christian Wolff (Flensburg), 31.05.1967",1967-05-31,"Huber, Wiltrud; Max-Planck-Institut für Physik. Direktion. Sekretariat",Verlagshaus Christian Wolff (Flensburg) (1947-),"Heisenberg, Werner (1901-1976); Bauer, Walter Gerd (1925-)",Brief
DE-611-HS-3683614,"Brief von Verlagshaus Christian Wolff (Flensburg) an Werner Heisenberg, 10.05.1961",1961-05-10,Verlagshaus Christian Wolff (Flensburg) (1947-),"Heisenberg, Werner (1901-1976)","Bauer, Walter Gerd (1925-)",Brief
DE-611-HS-3683619,"Brief von Annemarie Giese von Max-Planck-Institut für Physik. Direktion. Sekretariat an D. Wolff, 13.05.1958",1958-05-13,"Giese, Annemarie; Max-Planck-Institut für Physik. Direktion. Sekretariat","Wolff, D.","Heisenberg, Werner (1901-1976)",Brief
DE-611-HS-3683625,"Brief von D. Wolff an Werner Heisenberg, 04.05.1958",1958-05-04,"Wolff, D.","Heisenberg, Werner (1901-1976)",,Brief
DE-611-HS-3683651,"Brief von Werner Heisenberg an Christoph Wolff an Die Welt (Zeitung), 13.12.1967",1967-12-13,"Heisenberg, Werner (1901-1976)","Wolff, Christoph (1940-) [vermutlich]; Die Welt (Zeitung) (1946-)",,Brief
DE-611-HS-3683663,"Brief von S. Wolff an Werner Heisenberg, 19.11.1959",1959-11-19,"Wolff, S.","Heisenberg, Werner (1901-1976)",,Brief
DE-611-HS-3683666,"Brief von Werner Heisenberg an S. Wolff, 18.11.1959",1959-11-18,"Heisenberg, Werner (1901-1976)","Wolff, S.",,Brief
DE-611-HS-3683668,"Brief von S. Wolff an Werner Heisenberg, 17.11.1959",1959-11-17,"Wolff, S.","Heisenberg, Werner (1901-1976)",,Brief
DE-611-HS-3683669,"Brief von S. Wolff an Werner Heisenberg, 16.11.1959",1959-11-16,"Wolff, S.","Heisenberg, Werner (1901-1976)",,Brief
DE-611-HS-3683670,"Brief von Werner Heisenberg an Rudolf Wolters, 10.09.1963",1963-09-10,"Heisenberg, Werner (1901-1976)","Wolters, Rudolf (1903-1983)",,Brief
DE-611-HS-3683672,"Brief von Werner Heisenberg an Hans Lamm an Women's International Zionist Organisation, 28.08.1961",1961-08-28,"Heisenberg, Werner (1901-1976)","Lamm, Hans (1913-1985); Women's International Zionist Organisation",,Brief
DE-611-HS-3683675,"Brief von Hans Lamm und Irma Fränkel von Women's International Zionist Organisation an Werner Heisenberg, 1961",1961,"Lamm, Hans (1913-1985); Fränkel, Irma; Women's International Zionist Organisation","Heisenberg, Werner (1901-1976)",,Brief
DE-611-HS-3683682,Dr. Christoph Wolff (Incipit des Druckes),1967,,,,unknown
DE-611-BF-81119,"504. IV. Institutionen, 1. Korrespondenz: Won-Worb",1957,,,,unknown
DE-611-HS-3683834,"Brief von Sergej V. Vonsovskij und Unbekannt an Werner Heisenberg an Max-Planck-Institut für Physik, 19.12.1958",1958-12-19,"Vonsovskij, Sergej V.","Heisenberg, Werner (1901-1976); Max-Planck-Institut für Physik (1946-1958)","Kursanov, Georgij A. (1914-)",Brief
DE-611-HS-3683843,"Brief von Werner Heisenberg an Sergej V. Vonsovskij, 19.06.1958",1958-06-19,"Heisenberg, Werner (1901-1976)","Vonsovskij, Sergej V.","Kursanov, Georgij A. (1914-)",Brief
DE-611-HS-3683850,"Brief von Sergej V. Vonsovskij und Georgij A. Kursanov an Werner Heisenberg an Max-Planck-Institut für Physik, 02.06.1958",1958-06-02,"Vonsovskij, Sergej V.; Kursanov, Georgij A. (1914-)","Heisenberg, Werner (1901-1976); Max-Planck-Institut für Physik (1946-1958)",,Brief
DE-611-HS-3683863,"Brief von Werner Heisenberg an John K. Wood an Utah State University, 12.05.1958",1958-05-12,"Heisenberg, Werner (1901-1976)","Wood, John K.; Utah State University","Harris, Joseph D.",Brief
DE-611-HS-3683870,"Brief von John K. Wood von Utah State University an Werner Heisenberg an Max-Planck-Institut für Physik, 18.04.1958",1958-04-18,"Wood, John K.; Utah State University","Heisenberg, Werner (1901-1976); Max-Planck-Institut für Physik (1946-1958)","Harris, Joseph D.",Brief
DE-611-HS-3683884,"Brief von Werner Heisenberg an Mark Borisovič Mitin und M. E. Omeljanowskij an Voprosy Filosofii. Redaktion, 03.07.1967",1967-07-03,"Heisenberg, Werner (1901-1976)","Mitin, Mark Borisovič; Omeljanowskij, M. E.; Voprosy Filosofii. Redaktion",,Brief
DE-611-HS-3683961,"Brief von Mark Borisovič Mitin und M. E. Omeljanowskij von Voprosy Filosofii. Redaktion an Werner Heisenberg, 27.06.1967",1967-06-27,"Mitin, Mark Borisovič; Omeljanowskij, M. E.; Voprosy Filosofii. Redaktion","Heisenberg, Werner (1901-1976)",,Brief
DE-611-HS-3683967,"Brief von Werner Heisenberg an Erich Worbs, 04.06.1957",1957-06-04,"Heisenberg, Werner (1901-1976)","Worbs, Erich (1893-1975)","Dunnington, Guy Waldo",Brief
DE-611-HS-3683973,"Brief von Erich Worbs an Werner Heisenberg, 18.05.1957",1957-05-18,"Worbs, Erich (1893-1975)","Heisenberg, Werner (1901-1976)","Dunnington, Guy Waldo; Hofmann, Joseph Ehrenfried (1900-1973); Gauß, Carl Friedrich (1777-1855)",Brief
DE-611-BF-81120,"505. IV. Institutionen, 1. Korrespondenz: Worl-Wort",1950,,,,unknown
DE-611-HS-3683989,"Auszug aus: World Academy of Art and Science 1 : Introduction (Reprinted from ""Science and the Future of Mankind"") (Incipit des Druckes)",1961,,,,unknown
DE-611-HS-3683996,"Brief von Werner Heisenberg an World Association of World Federalists, 09.06.1967",1967-06-09,"Heisenberg, Werner (1901-1976)",World Association of World Federalists (1956-),,Brief
DE-611-HS-3684016,"Brief von Institute for Research in Biography (New York, NY) an Werner Heisenberg, 26.01.1948",1948-01-26,"Institute for Research in Biography (New York, NY)","Heisenberg, Werner (1901-1976)",,Brief
DE-611-HS-3684117,Aktenverweis (Einheitstitel von Bearbeiter/in),unknown,,,,unknown
DE-611-HS-3684118,"Brief von World Association of World Federalists an Werner Heisenberg, 1967 [ca.]",1967,World Association of World Federalists (1956-),"Heisenberg, Werner (1901-1976)",,Brief
DE-611-HS-3684119,Aktenverweis (Einheitstitel von Bearbeiter/in),unknown,,,,unknown
DE-611-HS-3684120,Aktenverweis (Einheitstitel von Bearbeiter/in),unknown,,,,unknown
DE-611-HS-3684121,Declaration of 13 World Citizens of world wide reputation (Incipit des Druckes),o.D.,,"Heisenberg, Werner (1901-1976) [vermutlich]",,unknown
DE-611-HS-3684122,Registre International des Citoyens du Monde - Centre International : Bulletin (Incipit des Druckes),1966,"Kastler, Alfred (1902-1984)","Heisenberg, Werner (1901-1976) [vermutlich]",,unknown
DE-611-HS-3684125,"Brief von World Constitution. Coordinating Commitee an Werner Heisenberg, 23.04.1962",1962-04-23,World Constitution. Coordinating Commitee,"Heisenberg, Werner (1901-1976)",,Brief
DE-611-HS-3684126,"Brief von Frédéric Joliot-Curie und Cecil Frank Powell von World Federation of Scientific Workers an Werner Heisenberg, 19.05.1957",1957-05-19,"Joliot-Curie, Frédéric (1900-1958); World Federation of Scientific Workers (1946-1994)","Heisenberg, Werner (1901-1976)",,Brief
DE-611-HS-3684128,"Brief von Werner Heisenberg an Bool Chand an Alliance Mondiale des Religions, 21.01.1965",1965-01-21,"Heisenberg, Werner (1901-1976)","Chand, Bool (-1989); Alliance Mondiale des Religions",,Brief
DE-611-HS-3684130,"Brief von Bool Chand von Alliance Mondiale des Religions an Werner Heisenberg, 11.01.1965",1965-01-11,"Chand, Bool (-1989); Alliance Mondiale des Religions","Heisenberg, Werner (1901-1976)",,Brief
DE-611-HS-3684131,Aktenverweis (Einheitstitel von Bearbeiter/in),unknown,,,,unknown
DE-611-HS-3684220,"Brief von Wiltrud Huber von Max-Planck-Institut für Physik. Direktion. Sekretariat an The World Publishing Company (Cleveland, Ohio), 20.10.1967",1967-10-20,"Huber, Wiltrud; Max-Planck-Institut für Physik. Direktion. Sekretariat","The World Publishing Company (Cleveland, Ohio)","Heisenberg, Werner (1901-1976)",Brief
DE-611-HS-3684226,"Brief von Max-Planck-Gesellschaft zur Förderung der Wissenschaften an Max-Planck-Institut für Physik. Direktion. Sekretariat, 02.10.1967",1967-10-02,Max-Planck-Gesellschaft zur Förderung der Wissenschaften (1948-),Max-Planck-Institut für Physik. Direktion. Sekretariat,"Heisenberg, Werner (1901-1976); Hahn, Otto (1879-1968)",Brief
DE-611-HS-3684238,"Brief von World Student Christian Federation an Werner Heisenberg, o.D. [Dienstag]",o.D. [Dienstag],World Student Christian Federation (1895-),"Heisenberg, Werner (1901-1976)","Weizsäcker, Carl Friedrich von (1912-2007)",Brief
DE-611-HS-3684248,"Brief von Ulrich Weizsäcker von Württembergischer Verein der Freunde des Humanistischen Gymnasiums an Werner Heisenberg, 1955 [Juni 1955]",1955,Württembergischer Verein der Freunde des Humanistischen Gymnasiums,"Heisenberg, Werner (1901-1976) [vermutlich]",,Brief
DE-611-HS-3684254,"Brief von Annemarie Giese von Max-Planck-Institut für Physik. Direktion. Sekretariat an Franz Wuesthoff, 11.12.1958",1958-12-11,"Giese, Annemarie; Max-Planck-Institut für Physik. Direktion. Sekretariat","Wuesthoff, Franz","Heisenberg, Werner (1901-1976)",Brief
DE-611-HS-3684259,"Brief von Franz Wuesthoff von Forschungsgesellschaft für Friedenswissenschaft an Werner Heisenberg, 06.12.1958",1958-12-06,"Wuesthoff, Franz; Forschungsgesellschaft für Friedenswissenschaft (1958-)","Heisenberg, Werner (1901-1976) [vermutlich]","Adenauer, Konrad (1876-1967); Wuesthoff, Freda (1896-1956)",Brief
DE-611-HS-3684303,"Brief von Jose Guy Merveille von Congress of World Unity (1975) an Werner Heisenberg, 06.01.1975",1975-01-06,"Merveille, Jose Guy; Congress of World Unity (1975) (1975-1975)","Heisenberg, Werner (1901-1976) [vermutlich]",,Brief
DE-611-HS-3684310,"Brief von E. Bruce Kirk von Congress of World Unity (1975) an Werner Heisenberg, 28.12.1974",1974-12-28,"Kirk, E. Bruce; Congress of World Unity (1975) (1975-1975)","Heisenberg, Werner (1901-1976) [vermutlich]",,Brief
DE-611-HS-3684321,"Brief von Jose Guy Merveille von Congress of World Unity (1975) an Werner Heisenberg, 27.12.1974",1974-12-27,"Merveille, Jose Guy; Congress of World Unity (1975) (1975-1975)","Heisenberg, Werner (1901-1976) [vermutlich]","Winter, Ernst F. (1923-2014); Kirk, E. Bruce; Sabatino, A. William",Brief
DE-611-HS-3684333,"Brief von Werner Heisenberg an A. William Sabatino an Congress of World Unity, 04.03.1974",1974-03-04,"Heisenberg, Werner (1901-1976)","Sabatino, A. William; Congress of World Unity (1976-1976)",,Brief
DE-611-HS-3684340,"Brief von A. William Sabatino von Congress of World Unity an Werner Heisenberg, 20.02.1974",1974-02-20,"Sabatino, A. William; Congress of World Unity (1976-1976)","Heisenberg, Werner (1901-1976)",,Brief
DE-611-HS-3684444,"Brief von A. William Sabatino von Congress of World Unity an Werner Heisenberg, 11.02.1974",1974-02-11,"Sabatino, A. William; Congress of World Unity (1976-1976)","Heisenberg, Werner (1901-1976)",,Brief
DE-611-HS-3684445,"Brief von A. William Sabatino von Congress of World Unity an Werner Heisenberg, 25.09.1973",1973-09-25,"Sabatino, A. William; Congress of World Unity (1976-1976)","Heisenberg, Werner (1901-1976)","Merveille, Jose Guy",Brief
DE-611-HS-3684447,"Brief von Helmut Kuhn von World University Service (Komitee München) an Werner Heisenberg, 03.07.1965",1965-07-03,"Kuhn, Helmut (1899-1991); World University Service (Komitee München)","Heisenberg, Werner (1901-1976) [vermutlich]",,Brief
DE-611-HS-3684449,"Brief von Werner Heisenberg von Max-Planck-Institut für Physik und Astrophysik an World Youth Forum (3.), 12.05.1961",1961-05-12,"Heisenberg, Werner (1901-1976); Max-Planck-Institut für Physik und Astrophysik (1958-1991)",World Youth Forum (3.) (1961-1961),,Brief
DE-611-HS-3684451,"Brief von World Youth Forum (3.) an Werner Heisenberg an Max-Planck-Institut für Physik und Astrophysik, 08.05.1961",1961-05-08,World Youth Forum (3.) (1961-1961),"Heisenberg, Werner (1901-1976) [vermutlich]; Max-Planck-Institut für Physik und Astrophysik (1958-1991)",,Brief
DE-611-HS-3684452,Zahlkarte (Incipit der Unterlage),o.D.,"Heisenberg, Werner (1901-1976); Max-Planck-Institut für Physik und Astrophysik (1958-1991)",,,unknown
DE-611-HS-3684653,"Brief von I. C. Worsfold von Großbritannien. Foreign Office (German General Economic Department) an Werner Heisenberg, 29.11.1950",1950-11-29,"Worsfold, I. C.; Großbritannien. Foreign Office (German General Economic Department)","Heisenberg, Werner (1901-1976) [vermutlich]","Hahn, Otto (1879-1968); Weizsäcker, Carl Friedrich von (1912-2007); Raiser, Ludwig (1904-1980)",Brief
DE-611-HS-3684659,"Brief von Werner Heisenberg an I. C. Worsfold an Großbritannien. Foreign Office (German General Economic Department), 20.11.1950",1950-11-20,"Heisenberg, Werner (1901-1976)","Worsfold, I. C.; Großbritannien. Foreign Office (German General Economic Department)","Hahn, Otto (1879-1968); Weizsäcker, Carl Friedrich von (1912-2007); Raiser, Ludwig (1904-1980)",Brief
DE-611-HS-3684665,"Brief von Werner Heisenberg an I. C. Worsfold an Großbritannien. Foreign Office (German General Economic Department), 25.08.1948",1948-08-25,"Heisenberg, Werner (1901-1976)","Worsfold, I. C.; Großbritannien. Foreign Office (German General Economic Department)","Buchheit, Herbert [vermutlich]; Heisenberg, Erwin (1900-1965)",Brief
DE-611-HS-3684667,"Brief von I. C. Worsfold von Großbritannien. Foreign Office (German General Economic Department) an Werner Heisenberg, 12.08.1948",1948-08-12,"Worsfold, I. C.; Großbritannien. Foreign Office (German General Economic Department)","Heisenberg, Werner (1901-1976) [vermutlich]","Buchheit, Herbert; Heisenberg, Erwin (1900-1965)",Brief
DE-611-HS-3684672,"Brief von I. C. Worsfold von Großbritannien. Foreign Office (German General Economic Department) an Werner Heisenberg, 07.01.1948",1948-01-07,"Worsfold, I. C.; Großbritannien. Foreign Office (German General Economic Department)","Heisenberg, Werner (1901-1976) [vermutlich]","Cockcroft, John (1897-1967); Bragg, William Lawrence (1890-1971)",Brief
DE-611-HS-3684680,"Brief von Werner Heisenberg an I. C. Worsfold an Großbritannien. Foreign Office (German General Economic Department), 20.12.1947",1947-12-20,"Heisenberg, Werner (1901-1976)","Worsfold, I. C.; Großbritannien. Foreign Office (German General Economic Department)","Buchheit, Herbert [vermutlich]; Heisenberg, Erwin (1900-1965)",Brief
DE-611-HS-3684781,"Brief von I. C. Worsfold von Großbritannien. Foreign Office (German General Economic Department) an Werner Heisenberg, 11.12.1947",1947-12-11,"Worsfold, I. C.; Großbritannien. Foreign Office (German General Economic Department)","Heisenberg, Werner (1901-1976) [vermutlich]","Cockcroft, John (1897-1967); Wirtz, Karl (1910-1994); Harteck, Paul",Brief
DE-611-HS-3684785,"Brief von Eberhard Wortmann an Werner Heisenberg, 07.04.1959",1959-04-07,"Wortmann, Eberhard","Heisenberg, Werner (1901-1976) [vermutlich]",,Brief
DE-611-HS-3684786,"Brief von Werner Heisenberg an Otto Schulmeister an Redaktion Wort und Wahrheit (Wien), 19.07.1963",1963-07-19,"Heisenberg, Werner (1901-1976)","Schulmeister, Otto (1916-); Redaktion Wort und Wahrheit (Wien)",,Brief
DE-611-HS-3684787,"Brief von Otto Schulmeister von Redaktion Wort und Wahrheit (Wien) an Werner Heisenberg, 10.07.1963",1963-07-10,"Schulmeister, Otto (1916-); Redaktion Wort und Wahrheit (Wien)","Heisenberg, Werner (1901-1976)",,Brief
DE-611-BF-81121,"506. IV. Institutionen, 1. Korrespondenz: Wre-Wy",1955,,,,unknown
DE-611-HS-3684812,"Brief von Marie Elisabeth Wrede von Hotel Garni ""Das blaue Haus"" (München) an Werner Heisenberg, 17.10.1962",1962-10-17,"Wrede, Marie Elisabeth","Heisenberg, Werner (1901-1976)",,Brief
DE-611-HS-3684813,Aktennotiz (Einheitstitel von Bearbeiter/in),unknown,,,,unknown
DE-611-HS-3684832,"Brief von Werner Heisenberg an Harold Douglas Wright an Pennsylvania State University . College of Mineral Industries (University Park, Pa.), 01.04.1959",1959-04-01,"Heisenberg, Werner (1901-1976)","Wright, Harold Douglas (1921-1969); Pennsylvania State University (University Park, Pa.). College of Mineral Industries","Hahn, Otto (1879-1968); Mattauch, Josef (1895-1976)",Brief
DE-611-HS-3684834,"Brief von Harold Douglas Wright von Pennsylvania State University . College of Mineral Industries (University Park, Pa.) an Werner Heisenberg an Max-Planck-Institut für Physik und Astrophysik, 20.03.1959",1959-03-20,"Wright, Harold Douglas (1921-1969); Pennsylvania State University (University Park, Pa.). College of Mineral Industries","Heisenberg, Werner (1901-1976); Max-Planck-Institut für Physik und Astrophysik (1958-1991)","Hahn, Otto (1879-1968)",Brief
DE-611-HS-3684837,"Brief von Vladimir Velmar-Janković an Werner Heisenberg an Max-Planck-Institut für Physik und Astrophysik, 16.02.1965",1965-02-16,"Velmar-Janković, Vladimir (1889-1976)","Heisenberg, Werner (1901-1976); Max-Planck-Institut für Physik und Astrophysik (1958-1991)",,Brief
DE-611-HS-3684840,"Brief von Karl Wührer an Werner Heisenberg, 09.05.1959",1959-05-09,"Wührer, Karl (1903-1973)","Heisenberg, Werner (1901-1976)",,Brief
DE-611-HS-3684841,"Brief von Werner Heisenberg von Max-Planck-Institut für Physik und Astrophysik an Karl Wührer, 28.04.1959",1959-04-28,"Heisenberg, Werner (1901-1976); Max-Planck-Institut für Physik und Astrophysik (1958-1991)","Wührer, Karl (1903-1973)",,Brief
DE-611-HS-3684844,"Brief von Unbekannt an Werner Heisenberg, 17.04.1959",1959-04-17,Unbekannt,"Heisenberg, Werner (1901-1976)",,Brief
DE-611-HS-3685027,"Brief von Adolf Butenandt an Erich Wünsch an Max-Planck-Institut für Eiweiß- und Lederforschung, 02.04.1970",1970-04-02,"Butenandt, Adolf (1903-1995)","Wünsch, Erich (1923-2013); Max-Planck-Institut für Eiweiß- und Lederforschung","Heisenberg, Werner (1901-1976)",Brief
DE-611-HS-3685054,Aktennotiz (Einheitstitel von Bearbeiter/in),unknown,,,,unknown
DE-611-HS-3685083,"Brief von Erich Wünsch von Max-Planck-Institut für Eiweiß- und Lederforschung an Werner Heisenberg, 03.02.1970",1970-02-03,"Wünsch, Erich (1923-2013); Max-Planck-Institut für Eiweiß- und Lederforschung","Heisenberg, Werner (1901-1976)","Grassmann, Wolfgang (1898-1978); Schwyzer, R.",Brief
DE-611-HS-3685092,"Brief von Ludwig-Maximilians-Universität München. Allgemeine Studentenvertretung an Werner Heisenberg, 25.11.1964",1964-11-25,Ludwig-Maximilians-Universität München. Allgemeine Studentenvertretung,"Heisenberg, Werner (1901-1976)",,Brief
DE-611-HS-3685094,"Brief von Werner Heisenberg an Ludwig-Maximilians-Universität München. Allgemeine Studentenvertretung, 17.11.1964",1964-11-17,"Heisenberg, Werner (1901-1976)",Ludwig-Maximilians-Universität München. Allgemeine Studentenvertretung,,Brief
DE-611-HS-3685109,"Brief von Helmuth F. Wüst an Werner Heisenberg an Alpensanatorium (Wiessee), 29.07.1975",1975-07-29,"Wüst, Helmuth F.","Heisenberg, Werner (1901-1976); Alpensanatorium (Wiessee)",,Brief
DE-611-HS-3685114,"Brief von Rudolf Wienecke und Ernst-Joachim Meusel von Max-Planck-Institut für Plasmaphysik (Garching b. München) an Werner Heisenberg an Max-Planck-Institut für Physik und Astrophysik, 15.05.1975",1975-05-15,"Wienecke, Rudolf; Meusel, Ernst-Joachim (1932-2006); Max-Planck-Institut für Plasmaphysik (Garching b. München) (1971-)","Heisenberg, Werner (1901-1976); Max-Planck-Institut für Physik und Astrophysik (1958-1991)",,Brief
DE-611-HS-3685119,"Brief von Annemarie Giese von Max-Planck-Institut für Physik. Direktion. Sekretariat an Rudolf Wienecke an Max-Planck-Institut für Plasmaphysik (Garching b. München), 06.06.1975",1975-06-06,"Giese, Annemarie; Max-Planck-Institut für Physik. Direktion. Sekretariat","Wienecke, Rudolf; Max-Planck-Institut für Plasmaphysik (Garching b. München) (1971-)","Heisenberg, Werner (1901-1976); Wüst, Helmuth F.",Brief
DE-611-HS-3685128,"Brief von Annemarie Giese von Max-Planck-Institut für Physik. Direktion. Sekretariat an A. Wüstefeld, 01.07.1958",1958-07-01,"Giese, Annemarie; Max-Planck-Institut für Physik. Direktion. Sekretariat","Wüstefeld, A.","Heisenberg, Werner (1901-1976)",Brief
DE-611-HS-3685387,"Brief von A. Wüstefeld an Werner Heisenberg, 10.06.1958",1958-06-10,"Wüstefeld, A.","Heisenberg, Werner (1901-1976)",,Brief
DE-611-HS-3685395,"Brief von Werner Heisenberg an Franz Wuesthoff, 30.10.1973",1973-10-30,"Heisenberg, Werner (1901-1976)","Wuesthoff, Franz",,Brief
DE-611-HS-3685398,"Brief von Franz Wuesthoff an Werner Heisenberg, 29.10.1973",1973-10-29,"Wuesthoff, Franz","Heisenberg, Werner (1901-1976)",,Brief
DE-611-HS-3685401,"Brief von Werner Heisenberg an Franz Wuesthoff, 31.07.1973",1973-07-31,"Heisenberg, Werner (1901-1976)","Wuesthoff, Franz",,Brief
DE-611-HS-3685402,"Brief von Franz Wuesthoff an Werner Heisenberg, 18.07.1973",1973-07-18,"Wuesthoff, Franz","Heisenberg, Werner (1901-1976)","Hettlage, Benno (1906-1986); Weizsäcker, Carl Friedrich von (1912-2007)",Brief
DE-611-HS-3685405,"Brief von Werner Heisenberg an Franz Wuesthoff, 12.07.1960",1960-07-12,"Heisenberg, Werner (1901-1976)","Wuesthoff, Franz","Wuesthoff, Freda (1896-1956)",Brief
DE-611-HS-3685432,"Brief von Franz Wuesthoff an Werner Heisenberg, 02.07.1960",1960-07-02,"Wuesthoff, Franz","Heisenberg, Werner (1901-1976)","Noel-Baker, Philip John",Brief
DE-611-HS-3685435,"Brief von Franz Wuesthoff von Forschungsgesellschaft für Friedenswissenschaft an Werner Heisenberg, 25.02.1959",1959-02-25,"Wuesthoff, Franz; Forschungsgesellschaft für Friedenswissenschaft (1958-)","Heisenberg, Werner (1901-1976)",,Brief
DE-611-HS-3685438,"Brief von Annemarie Giese von Max-Planck-Institut für Physik. Direktion. Sekretariat an Franz Wuesthoff, 13.05.1958",1958-05-13,"Giese, Annemarie; Max-Planck-Institut für Physik. Direktion. Sekretariat","Wuesthoff, Franz","Heisenberg, Werner (1901-1976)",Brief
DE-611-HS-3685443,"Brief von Franz Wuesthoff an Werner Heisenberg, 24.04.1958",1958-04-24,"Wuesthoff, Franz","Heisenberg, Werner (1901-1976)","Wuesthoff, Freda (1896-1956)",Brief
DE-611-HS-3685454,"Brief von Franz Wutz an Werner Heisenberg, 29.11.1961",1961-11-29,"Wutz, Franz","Heisenberg, Werner (1901-1976)",,Brief
DE-611-HS-3685459,"Brief von Wiltrud Huber von Max-Planck-Institut für Physik. Direktion. Sekretariat an Alfred Wurm an Alfred-Wurm-Verlag (Fachverlag für die Öffentlichkeit), 21.07.1967",1967-07-21,"Huber, Wiltrud; Max-Planck-Institut für Physik. Direktion. Sekretariat","Wurm, Alfred (1926-1983); Alfred-Wurm-Verlag (Fachverlag für die Öffentlichkeit)","Heisenberg, Werner (1901-1976)",Brief
DE-611-HS-3685463,"Brief von Alfred Wurm von Alfred-Wurm-Verlag (Fachverlag für die Öffentlichkeit) an Werner Heisenberg, 13.07.1967",1967-07-13,"Wurm, Alfred (1926-1983); Alfred-Wurm-Verlag (Fachverlag für die Öffentlichkeit)","Heisenberg, Werner (1901-1976)",,Brief
DE-611-HS-3685992,"Brief von Carl Wurster an Werner Heisenberg, 14.03.1972",1972-03-14,"Wurster, Carl (1900-1974)","Heisenberg, Werner (1901-1976)",,Brief
DE-611-HS-3686003,"Brief von Annemarie Giese an Irene Wu-Weitemeyer, 18.05.1957",1957-05-18,"Giese, Annemarie","Wu-Weitemeyer, Irene","Heisenberg, Werner (1901-1976)",Brief
DE-611-HS-3686006,"Brief von Werner Heisenberg an Wolfgang E. Burhenne an Interparlamentarische Arbeitsgemeinschaft, 24.01.1973",1973-01-24,"Heisenberg, Werner (1901-1976)","Burhenne, Wolfgang E. (1924-2017); Interparlamentarische Arbeitsgemeinschaft (1955-2014)",,Brief
DE-611-HS-3686010,"Brief von Wolfgang E. Burhenne von Interparlamentarische Arbeitsgemeinschaft an Werner Heisenberg, 14.01.1973",1973-01-14,"Burhenne, Wolfgang E. (1924-2017); Interparlamentarische Arbeitsgemeinschaft (1955-2014)","Heisenberg, Werner (1901-1976)",,Brief
DE-611-HS-3686021,"Brief von Werner Heisenberg an Robert C. Wyckoff an Germany. Scientifique and Technical Unit United States Naval Forces, 24.04.1957",1957-04-24,"Heisenberg, Werner (1901-1976)","Wyckoff, Robert C.; United States Naval Forces, Germany. Scientifique and Technical Unit",,Brief
DE-611-HS-3686029,"Brief von Robert C. Wyckoff von Germany. Scientifique and Technical Unit United States Naval Forces an Werner Heisenberg, 20.04.1957",1957-04-20,"Wyckoff, Robert C.; United States Naval Forces, Germany. Scientifique and Technical Unit","Heisenberg, Werner (1901-1976)",,Brief
DE-611-HS-3686049,"Brief von Albert Wyler von Universität Zürich. Mathematisches Institut an Werner Heisenberg, 08.03.1971",1971-03-08,"Wyler, Albert; Universität Zürich. Mathematisches Institut","Heisenberg, Werner (1901-1976)","Waerden, Bartel L. van der (1903-1996)",Brief
DE-611-HS-3686052,"Brief von Werner Heisenberg an Berthold Wyler, 28.02.1955",1955-02-28,"Heisenberg, Werner (1901-1976)","Wyler, Berthold (1913-)",,Brief
DE-611-HS-3686054,"Brief von Berthold Wyler an Werner Heisenberg, 18.02.1955",1955-02-18,"Wyler, Berthold (1913-)","Heisenberg, Werner (1901-1976)",,Brief
DE-611-HS-3686101,"Brief von Egil A. Wyller an Werner Heisenberg, 31.08.1972",1972-08-31,"Wyller, Egil A. (1925-2021)","Heisenberg, Werner (1901-1976)","Tau, Max (1897-1976) [vermutlich]",Brief
DE-611-HS-3686105,"Brief von Egil A. Wyller an Werner Heisenberg, 27.08.1972",1972-08-27,"Wyller, Egil A. (1925-2021)","Heisenberg, Werner (1901-1976)",,Brief
DE-611-HS-3686108,"Brief von Egil A. Wyller an Werner Heisenberg, o.D.",o.D.,"Wyller, Egil A. (1925-2021)","Heisenberg, Werner (1901-1976)",,Brief
DE-611-HS-3686112,"Brief von Egil A. Wyller von Universitetet i Oslo an Werner Heisenberg, 26.08.1971",1971-08-26,"Wyller, Egil A. (1925-2021); Universitetet i Oslo (1939-)","Heisenberg, Werner (1901-1976)",,Brief
DE-611-HS-3686113,"Brief von Annemarie Giese von Max-Planck-Institut für Physik. Direktion. Sekretariat an Egil A. Wyller an Universitetet i Oslo, 24.05.1971",1971-05-24,"Giese, Annemarie; Max-Planck-Institut für Physik. Direktion. Sekretariat","Wyller, Egil A. (1925-2021); Universitetet i Oslo (1939-)","Heisenberg, Werner (1901-1976)",Brief
DE-611-HS-3686114,"Brief von Egil A. Wyller an Werner Heisenberg, 21.05.1971",1971-05-21,"Wyller, Egil A. (1925-2021)","Heisenberg, Werner (1901-1976)",,Brief
DE-611-HS-3686115,"Brief von Egil A. Wyller von Universitetet i Oslo an Werner Heisenberg, 30.04.1971",1971-04-30,"Wyller, Egil A. (1925-2021); Universitetet i Oslo (1939-)","Heisenberg, Werner (1901-1976)","Tau, Max (1897-1976)",Brief
DE-611-HS-3686154,"Brief von Werner Heisenberg an Egil A. Wyller an Universitetet i Oslo, 22.04.1971",1971-04-22,"Heisenberg, Werner (1901-1976)","Wyller, Egil A. (1925-2021); Universitetet i Oslo (1939-)",,Brief
DE-611-HS-3686159,"Brief von Egil A. Wyller von Universitetet i Oslo an Werner Heisenberg, 17.04.1971",1971-04-17,"Wyller, Egil A. (1925-2021); Universitetet i Oslo (1939-)","Heisenberg, Werner (1901-1976)","Weizsäcker, Carl Friedrich von (1912-2007)",Brief
DE-611-HS-3686160,"Brief von Egil A. Wyller von Universitetet i Oslo an Werner Heisenberg, 05.04.1970",1970-04-05,"Wyller, Egil A. (1925-2021); Universitetet i Oslo (1939-)","Heisenberg, Werner (1901-1976)",Plato,Brief
DE-611-HS-3686161,"Brief von Werner Heisenberg an Egil A. Wyller an Universitetet i Oslo, 16.03.1970",1970-03-16,"Heisenberg, Werner (1901-1976)","Wyller, Egil A. (1925-2021); Universitetet i Oslo (1939-)",Plato,Brief
DE-611-HS-3686162,"Brief von Werner Heisenberg an Egil A. Wyller an Universitetet i Oslo, 18.01.1962",1962-01-18,"Heisenberg, Werner (1901-1976)","Wyller, Egil A. (1925-2021); Universitetet i Oslo (1939-)",Plato,Brief
DE-611-HS-3686163,"Brief von Egil A. Wyller an Werner Heisenberg, 06.12.1961",1961-12-06,"Wyller, Egil A. (1925-2021)","Heisenberg, Werner (1901-1976)","Plato; Heidegger, Martin (1889-1976)",Brief
DE-611-BF-79991,"507. IV. Institutionen, 1. Korrespondenz: Walcher, W.",1957,,,,unknown
DE-611-HS-3637994,Heisenbergdokumentation Alphabetisch (Incipit der Unterlage),unknown,,,,unknown
DE-611-HS-3638016,"Brief von Wilhelm Walcher an Werner Heisenberg, 17.03.1966",1966-03-17,"Walcher, Wilhelm (1910-2005)","Heisenberg, Werner (1901-1976)",,Brief
DE-611-HS-3638028,"Brief von Werner Heisenberg an Wilhelm Walcher an Philipps-Universität Marburg. Physikalisches Institut, 20.04.1966",1966-04-20,"Heisenberg, Werner (1901-1976)","Walcher, Wilhelm (1910-2005); Philipps-Universität Marburg. Physikalisches Institut",,Brief
DE-611-HS-3638041,Memorandum betreffend die Beschaffung eines Niederenergie-Beschleunigers für die Münchner Hochschulen (Incipit der Unterlage),1966,"Walcher, Wilhelm (1910-2005)",,,unknown
DE-611-HS-3638049,"Brief von Wilhelm Walcher an Werner Heisenberg, 04.06.1965",1965-06-04,"Walcher, Wilhelm (1910-2005)","Heisenberg, Werner (1901-1976)","Meyers, Franz (1908-2002)",Brief
DE-611-HS-3638056,"Brief von Wilhelm Walcher an Werner Heisenberg, 12.02.1964",1964-02-12,"Walcher, Wilhelm (1910-2005)","Heisenberg, Werner (1901-1976)","Faissner, Helmut (1928-2007); Neuert, Hugo (1912-1989)",Brief
DE-611-HS-3638073,"Brief von Werner Heisenberg an Wilhelm Walcher an Philipps-Universität Marburg. Physikalisches Institut, 20.12.1963",1963-12-20,"Heisenberg, Werner (1901-1976)","Walcher, Wilhelm (1910-2005); Philipps-Universität Marburg. Physikalisches Institut","Lauterjung, Karl Heinz (1914-2000); Faissner, Helmut (1928-2007); Krüger, Hubert (1914-2002)",Brief
DE-611-HS-3638090,"Brief von Wilhelm Walcher an Werner Heisenberg, 19.12.1963",1963-12-19,"Walcher, Wilhelm (1910-2005)","Heisenberg, Werner (1901-1976)","Lauterjung, Karl Heinz (1914-2000); Neuert, Hugo (1912-1989); Krüger, Hubert (1914-2002)",Brief
DE-611-HS-3638104,"Brief von Werner Heisenberg an Wilhelm Walcher an Philipps-Universität Marburg. Physikalisches Institut, 21.10.1963",1963-10-21,"Heisenberg, Werner (1901-1976)","Walcher, Wilhelm (1910-2005); Philipps-Universität Marburg. Physikalisches Institut","Prakash, Satya",Brief
DE-611-HS-3638116,"Brief von Wilhelm Walcher an Werner Heisenberg, 17.10.1963",1963-10-17,"Walcher, Wilhelm (1910-2005)","Heisenberg, Werner (1901-1976)","Prakash, Satya",Brief
DE-611-HS-3638124,"Brief von Wilhelm Walcher an Werner Heisenberg, 11.06.1957",1957-06-11,"Walcher, Wilhelm (1910-2005)","Heisenberg, Werner (1901-1976)",,Brief
DE-611-BF-79993,"508. IV. Institutionen, 1. Korrespondenz: Weltförderalisten e. V.",1962,,,,unknown
DE-611-HS-3638177,"Der Weltföderalist : Organ der ""Weltföderalisten e. V."" ; Zeitschrift für die Einigung der Welt und der Sicherung des Weltfriedens durch ein Weltrecht (Drucktitel)",1966,,,,unknown
DE-611-HS-3638194,"Brief von Werner Heisenberg an Oscar Jedzini an Weltföderalisten Deutschlands e.V., 07.12.1965",1965-12-07,"Heisenberg, Werner (1901-1976)","Jedzini, Oscar; Weltföderalisten Deutschlands e.V. (1949-)",,Brief
DE-611-HS-3638209,"Brief von Oscar Jedzini von Weltföderalisten Deutschlands e.V. an Werner Heisenberg, 07.12.1965",1965-12-07,"Jedzini, Oscar; Weltföderalisten Deutschlands e.V. (1949-)","Heisenberg, Werner (1901-1976)","Hahn, Otto (1879-1968); Sureth, Fritz (1897-1978)",Brief
DE-611-HS-3638212,"Der Weltföderalist : Organ der ""Weltföderalisten e. V."" ; Zeitschrift für die Einigung der Welt und der Sicherung des Weltfriedens durch ein Weltrecht (Drucktitel)",1965,,,,unknown
DE-611-HS-3638216,"Brief von Wilhelm Gontrum von Weltföderalisten Deutschlands e.V. an Werner Heisenberg, 23.03.1965",1965-03-23,"Gontrum, Wilhelm (1910-1969); Weltföderalisten Deutschlands e.V. (1949-)","Heisenberg, Werner (1901-1976)",,Brief
DE-611-HS-3638219,"Brief von Werner Heisenberg an Wilhelm Gontrum an Weltföderalisten Deutschlands e.V., 02.03.1965",1965-03-02,"Heisenberg, Werner (1901-1976)","Gontrum, Wilhelm (1910-1969); Weltföderalisten Deutschlands e.V. (1949-)",,Brief
DE-611-HS-3638222,"Brief von Wilhelm Gontrum von Weltföderalisten Deutschlands e.V. an Werner Heisenberg, 16.02.1965",1965-02-16,"Gontrum, Wilhelm (1910-1969); Weltföderalisten Deutschlands e.V. (1949-)","Heisenberg, Werner (1901-1976)",,Brief
DE-611-HS-3638228,"Der Weltföderalist : Organ der ""Weltföderalisten e. V."" ; Zeitschrift für die Einigung der Welt und der Sicherung des Weltfriedens durch ein Weltrecht (Drucktitel)",1662,,,,unknown
DE-611-HS-3638232,"Brief von Werner Heisenberg an Oscar Jedzini an Weltföderalisten Deutschlands e.V., 25.05.1962",1962-05-25,"Heisenberg, Werner (1901-1976)","Jedzini, Oscar; Weltföderalisten Deutschlands e.V. (1949-)",,Brief
DE-611-HS-3638236,"Brief von Oscar Jedzini von Weltföderalisten Deutschlands e.V. an Werner Heisenberg, 24.05.1962",1962-05-24,"Jedzini, Oscar; Weltföderalisten Deutschlands e.V. (1949-)","Heisenberg, Werner (1901-1976)",,Brief
DE-611-HS-3638246,"Der Weltföderalist : Organ der ""Weltföderalisten e. V."" ; Zeitschrift für die Einigung der Welt und der Sicherung des Weltfriedens durch ein Weltrecht (Drucktitel)",1662,,,,unknown
DE-611-BF-79994,"509. IV. Institutionen, 1. Korrespondenz: Wendel, Karl",1957,,,,unknown
DE-611-HS-3638409,"Brief von Karl Wendel an Werner Heisenberg, 02.06.1972",1972-06-02,"Wendel, Karl","Heisenberg, Werner (1901-1976)",,Brief
DE-611-HS-3638493,"Brief von Karl Wendel an Werner Heisenberg, 18.05.1972",1972-05-18,"Wendel, Karl","Heisenberg, Werner (1901-1976)","Eicke, Franz",Brief
DE-611-HS-3638496,"Brief von Annemarie Giese von Max-Planck-Institut für Physik. Direktion. Sekretariat an Karl Wendel, 10.08.1972",1972-08-10,"Giese, Annemarie; Max-Planck-Institut für Physik. Direktion. Sekretariat","Wendel, Karl","Heisenberg, Werner (1901-1976)",Brief
DE-611-HS-3638497,"Brief von Karl Wendel an Werner Heisenberg, 06.08.1972",1972-08-06,"Wendel, Karl","Heisenberg, Werner (1901-1976)",,Brief
DE-611-HS-3638499,"Brief von Werner Heisenberg an Karl Wendel, 12.06.1972",1972-06-12,"Heisenberg, Werner (1901-1976)","Wendel, Karl",,Brief
DE-611-HS-3638504,"Brief von Karl Wendel an Werner Heisenberg, 01.03.1972",1972-03-01,"Wendel, Karl","Heisenberg, Werner (1901-1976)","Doucet, Friedrich W.",Brief
DE-611-HS-3638505,"Brief von Karl Wendel an Werner Heisenberg, 16.02.1972",1972-02-16,"Wendel, Karl","Heisenberg, Werner (1901-1976)",,Brief
DE-611-HS-3638508,"Brief von Annemarie Giese von Max-Planck-Institut für Physik. Direktion. Sekretariat an Karl Wendel, 11.02.1972",1972-02-11,"Giese, Annemarie; Max-Planck-Institut für Physik. Direktion. Sekretariat","Wendel, Karl","Heisenberg, Werner (1901-1976)",Brief
DE-611-HS-3638511,"Brief von Karl Wendel an Werner Heisenberg, 07.02.1972",1972-02-07,"Wendel, Karl","Heisenberg, Werner (1901-1976)",,Brief
DE-611-HS-3638518,"Brief von Karl Wendel an Werner Heisenberg, 03.02.1970",1970-02-03,"Wendel, Karl","Heisenberg, Werner (1901-1976)","Eicke, Franz",Brief
DE-611-HS-3638527,"Brief von Karl Wendel an Werner Heisenberg, 13.01.1970",1970-01-13,"Wendel, Karl","Heisenberg, Werner (1901-1976)","Pauli, Wolfgang (1900-1958); Eicke, Franz",Brief
DE-611-HS-3638537,"Brief von Karl Wendel an Werner Heisenberg, 04.10.1969",1969-10-04,"Wendel, Karl","Heisenberg, Werner (1901-1976)","Pauli, Wolfgang (1900-1958); Rosenberg, Alfred (1893-1946); Eicke, Franz",Brief
DE-611-HS-3638555,"Brief von Karl Wendel an Werner Heisenberg, 02.12.1938",1938-12-02,"Wendel, Karl","Heisenberg, Werner (1901-1976)","Eicke, Franz",Brief
DE-611-HS-3638563,"Brief von Karl Wendel an Werner Heisenberg, 1947",1947,"Wendel, Karl","Heisenberg, Werner (1901-1976)","Eicke, Franz",Brief
DE-611-HS-3638567,"Brief von Karl Wendel an Werner Heisenberg, 08.07.1969",1969-07-08,"Wendel, Karl","Heisenberg, Werner (1901-1976)","Eicke, Franz",Brief
DE-611-HS-3638580,"Brief von Werner Heisenberg an Karl Wendel, 27.06.1969",1969-06-27,"Heisenberg, Werner (1901-1976)","Wendel, Karl","Eicke, Franz",Brief
DE-611-HS-3638639,"Brief von Karl Wendel an Werner Heisenberg, 25.06.1969",1969-06-25,"Wendel, Karl","Heisenberg, Werner (1901-1976)","Riemeck, Renate (1920-2003); Eicke, Franz",Brief
DE-611-HS-3638645,"Brief von Karl Wendel an Werner Heisenberg, 03.02.1961",1961-02-03,"Wendel, Karl","Heisenberg, Werner (1901-1976)","Schrödinger, Erwin (1887-1961); Eicke, Franz",Brief
DE-611-HS-3638648,"Brief von Werner Heisenberg an Karl Wendel, 07.06.1957",1957-06-07,"Heisenberg, Werner (1901-1976)","Wendel, Karl","Weizsäcker, Carl Friedrich von (1912-2007)",Brief
DE-611-HS-3638679,"Brief von Karl Wendel an Werner Heisenberg, 05.06.1957",1957-06-05,"Wendel, Karl","Heisenberg, Werner (1901-1976)",,Brief
DE-611-HS-3638688,"Brief von Karl Wendel an Werner Heisenberg, 13.05.1957",1957-05-13,"Wendel, Karl","Heisenberg, Werner (1901-1976)","Eicke, Franz",Brief
DE-611-HS-3638690,"Brief von Werner Heisenberg an Karl Wendel, 09.05.1957",1957-05-09,"Heisenberg, Werner (1901-1976)","Wendel, Karl",,Brief
DE-611-HS-3638694,"Brief von Karl Wendel an Werner Heisenberg, 07.05.1957",1957-05-07,"Wendel, Karl","Heisenberg, Werner (1901-1976)",,Brief
DE-611-HS-3638702,"Brief von Karl Wendel an Werner Heisenberg, 06.05.1957",1957-05-06,"Wendel, Karl","Heisenberg, Werner (1901-1976)","Rosenberg, Alfred (1893-1946); Eicke, Franz",Brief
DE-611-BF-79995,"510. IV. Institutionen, 1. Korrespondenz: Wenzel, Anneliese",unknown,,,,unknown
DE-611-HS-3638767,"Brief von Anneliese Wenzel an Werner Heisenberg, 23.06.1971",1971-06-23,"Wenzel, Anneliese","Heisenberg, Werner (1901-1976)",,Brief
DE-611-HS-3638839,"Brief von Werner Heisenberg an Anneliese Wenzel, 14.06.1971",1971-06-14,"Heisenberg, Werner (1901-1976)","Wenzel, Anneliese",,Brief
DE-611-HS-3638843,"Brief von Anneliese Wenzel an Werner Heisenberg, 02.06.1971",1971-06-02,"Wenzel, Anneliese","Heisenberg, Werner (1901-1976)",,Brief
DE-611-HS-3638851,"Brief von Anneliese Wenzel an Werner Heisenberg, 31.10.1968",1968-10-31,"Wenzel, Anneliese","Heisenberg, Werner (1901-1976)",,Brief
DE-611-HS-3638864,"Brief von Werner Heisenberg an Anneliese Wenzel, 17.10.1968",1968-10-17,"Heisenberg, Werner (1901-1976)","Wenzel, Anneliese","Pauling, Linus (1901-1994); Preuß, Heinzwerner",Brief
DE-611-HS-3638875,"Brief von Anneliese Wenzel an Werner Heisenberg, 10.09.1968",1968-09-10,"Wenzel, Anneliese","Heisenberg, Werner (1901-1976)",,Brief
DE-611-BF-79996,"511. IV. Institutionen, 1. Korrespondenz: Westphalen, Karl Graf von",1962,,,,unknown
DE-611-HS-3640669,"Brief von Karl Graf von Westphalen an Werner Heisenberg an Max-Planck-Institut für Physik und Astrophysik, 26.02.1964-16.06.1964",1964-02-26,"Westphalen, Karl Graf von (1898-1975)","Heisenberg, Werner (1901-1976) [vermutlich]; Max-Planck-Institut für Physik und Astrophysik (1958-1991) [vermutlich]","Kohut, Oswald A. (1901-1977); Haffner, Sebastian (1907-1999)",Brief
DE-611-HS-3640679,"Brief von Karl Graf von Westphalen an Werner Heisenberg, 20.03.1962",1962-03-20,"Westphalen, Karl Graf von (1898-1975)","Heisenberg, Werner (1901-1976)",,Brief
DE-611-BF-80049,"512. IV. Institutionen, 1. Korrespondenz: Wildermuth, Karl",1952,,,,unknown
DE-611-HS-3640701,"Brief von Karl Wildermuth an Werner Heisenberg, 23.08.1956",1956-08-23,"Wildermuth, Karl (1921-2005)","Heisenberg, Werner (1901-1976)","Giese, Annemarie",Brief
DE-611-HS-3640739,"Brief von Werner Heisenberg an Kurt Zierold an Deutsche Forschungsgemeinschaft, 23.08.1956",1956-08-23,"Heisenberg, Werner (1901-1976)","Zierold, Kurt (1899-1989) [vermutlich]; Deutsche Forschungsgemeinschaft (1951-)","Wildermuth, Karl (1921-2005)",Brief
DE-611-HS-3640759,Zweiteilchenmodell für leichte und mittelschwere Kerne (Incipit der Unterlage),1955,"Winterberg, Friedwardt (1929-)",,,unknown
DE-611-HS-3640768,"Brief von Karl Wildermuth an Werner Heisenberg an Max-Planck-Institut für Physik und Astrophysik, 28.04.1972",1972-04-28,"Wildermuth, Karl (1921-2005)","Heisenberg, Werner (1901-1976); Max-Planck-Institut für Physik und Astrophysik (1958-1991)","Kanellopoulos, Th. V.; Pfeiffer, Heinrich (1927-2016)",Brief
DE-611-HS-3640782,"Brief von Karl Wildermuth an Werner Heisenberg an Max-Planck-Institut für Physik und Astrophysik, 02.07.1971",1971-07-02,"Wildermuth, Karl (1921-2005)","Heisenberg, Werner (1901-1976); Max-Planck-Institut für Physik und Astrophysik (1958-1991)","Cüer, Pierre (1921-)",Brief
DE-611-HS-3640789,Aktenverweis (Einheitstitel von Bearbeiter/in),unknown,,,,unknown
DE-611-HS-3640795,"Brief von Werner Heisenberg an Karl Wildermuth an Eberhard Karls Universität Tübingen. Institut für Theoretische Physik, 22.12.1966",1966-12-22,"Heisenberg, Werner (1901-1976)","Wildermuth, Karl (1921-2005); Eberhard Karls Universität Tübingen. Institut für Theoretische Physik",,Brief
DE-611-HS-3640799,Aktenverweis (Einheitstitel von Bearbeiter/in),1963-04-25,"Heisenberg, Werner (1901-1976)",,,unknown
DE-611-HS-3640803,"Brief von Werner Heisenberg an Karl Wildermuth, 21.11.1962",1962-11-21,"Heisenberg, Werner (1901-1976)","Wildermuth, Karl (1921-2005)","Brenig, Wilhelm (1930-2022)",Brief
DE-611-HS-3640834,"Brief von Karl Wildermuth an Werner Heisenberg, 12.11.1962",1962-11-12,"Wildermuth, Karl (1921-2005)","Heisenberg, Werner (1901-1976)",,Brief
DE-611-HS-3640994,"Brief von Karl Wildermuth von Oak Ridge National Laboratory an Werner Heisenberg, 29.08.1962",1962-08-29,"Wildermuth, Karl (1921-2005); Oak Ridge National Laboratory","Heisenberg, Werner (1901-1976)",,Brief
DE-611-HS-3641004,"Brief von Karl Wildermuth an Werner Heisenberg, 31.03.1962",1962-03-31,"Wildermuth, Karl (1921-2005)","Heisenberg, Werner (1901-1976)",,Brief
DE-611-HS-3641009,Aktenverweis (Einheitstitel von Bearbeiter/in),1959-04-06,"Hutzler, ...",,,unknown
DE-611-HS-3641014,"Brief von Gisela Maus von Max-Planck-Institut für Physik. Direktion. Sekretariat an Karl Wildermuth an CERN. Theoretical Study Division, 12.03.1957",1957-03-12,"Maus, Gisela; Max-Planck-Institut für Physik. Direktion. Sekretariat","Wildermuth, Karl (1921-2005); CERN. Theoretical Study Division (1952-1957)","Heisenberg, Werner (1901-1976)",Brief
DE-611-HS-3641022,"Brief von Karl Wildermuth von CERN. Theoretical Study Division an Werner Heisenberg, 07.03.1957",1957-03-07,"Wildermuth, Karl (1921-2005); CERN. Theoretical Study Division (1952-1957)","Heisenberg, Werner (1901-1976)",,Brief
DE-611-HS-3641033,Die Nukleonenverteiltung in schweren Kernen (Incipit der Unterlage),1962,"Wildermuth, Karl (1921-2005); Kenschitzki, Carl-Heinrich von; Institut für Theoretische Physik (München)",,,unknown
DE-611-HS-3641047,Kernhydrodynamik und Deutung der Energiebreite der Kern-y-Resonanzen (Incipit der Unterlage),1957,"Wildermuth, Karl (1921-2005); Wittern, Hans W. (1928-2018); Institut für Theoretische Physik (München)",,,unknown
DE-611-HS-3641054,Arbeitsthemen in Kernphysik (Incipit der Unterlage),1955,,,,unknown
DE-611-HS-3641059,"Brief von Karl Wildermuth an Werner Heisenberg, 14.04.1955",1955-04-14,"Wildermuth, Karl (1921-2005)","Heisenberg, Werner (1901-1976)",,Brief
DE-611-HS-3641065,"Brief von Werner Heisenberg an Karl Wildermuth, 22.12.1954",1954-12-22,"Heisenberg, Werner (1901-1976)","Wildermuth, Karl (1921-2005)","Mittelstaedt, Peter (1929-2014); Freese, Ernst (1925-1990)",Brief
DE-611-HS-3641070,"Brief von Karl Wildermuth von Institut für Theoretische Physik (München) an Werner Heisenberg an Max-Planck-Institut für Physik, 07.10.1954",1954-10-07,"Wildermuth, Karl (1921-2005); Institut für Theoretische Physik (München)","Heisenberg, Werner (1901-1976); Max-Planck-Institut für Physik (1946-1958)","Flügge, Siegfried (1912-1997)",Brief
DE-611-HS-3641076,"Brief von Karl Wildermuth von Institut für Theoretische Physik (München) an Werner Heisenberg an Max-Planck-Institut für Physik, 21.07.1954",1954-07-21,"Wildermuth, Karl (1921-2005); Institut für Theoretische Physik (München)","Heisenberg, Werner (1901-1976); Max-Planck-Institut für Physik (1946-1958)",,Brief
DE-611-HS-3641172,"Brief von Werner Heisenberg an Karl Wildermuth, 30.04.1954",1954-04-30,"Heisenberg, Werner (1901-1976)","Wildermuth, Karl (1921-2005)","Macke, Wilhelm (1920-1994)",Brief
DE-611-HS-3641179,"Brief von Karl Wildermuth an Werner Heisenberg, 17.04.1954",1954-04-17,"Wildermuth, Karl (1921-2005)","Heisenberg, Werner (1901-1976)",,Brief
DE-611-HS-3641181,"Brief von Karl Wildermuth von Institut für Theoretische Physik (München) an Werner Heisenberg an Max-Planck-Institut für Physik, 17.07.1953",1953-07-17,"Wildermuth, Karl (1921-2005); Institut für Theoretische Physik (München)","Heisenberg, Werner (1901-1976); Max-Planck-Institut für Physik (1946-1958)","Giese, Annemarie",Brief
DE-611-HS-3641186,"Brief von Werner Heisenberg an Karl Wildermuth an Institut für Theoretische Physik (München), 14.07.1953",1953-07-14,"Heisenberg, Werner (1901-1976)","Wildermuth, Karl (1921-2005); Institut für Theoretische Physik (München)","Urban, Paul (1905-1995)",Brief
DE-611-HS-3641190,"Brief von Karl Wildermuth von Institut für Theoretische Physik (München) an Werner Heisenberg an Max-Planck-Institut für Physik, 06.07.1953",1953-07-06,"Wildermuth, Karl (1921-2005); Institut für Theoretische Physik (München)","Heisenberg, Werner (1901-1976); Max-Planck-Institut für Physik (1946-1958)","Giese, Annemarie; Urban, Paul (1905-1995); Mitter, Heinrich (1929-)",Brief
DE-611-HS-3641331,"Brief von Werner Heisenberg an Karl Th. Andersen an Philosophisch-Theologische Hochschule . Naturwissenschaftliche Abteilung (Regensburg), 15.05.1953",1953-05-15,"Heisenberg, Werner (1901-1976)","Andersen, Karl Th. (1898-); Philosophisch-Theologische Hochschule (Regensburg). Naturwissenschaftliche Abteilung","Wildermuth, Karl (1921-2005); Schlögl, Friedrich (1917-2011); Courant, Richard (1888-1972); Bopp, Fritz (1909-1987)",Brief
DE-611-HS-3641337,"Brief von Karl Th. Andersen von Philosophisch-Theologische Hochschule . Naturwissenschaftliche Abteilung (Regensburg) an Werner Heisenberg, 12.05.1953",1953-05-12,"Andersen, Karl Th. (1898-); Philosophisch-Theologische Hochschule (Regensburg). Naturwissenschaftliche Abteilung","Heisenberg, Werner (1901-1976)","Schlögl, Friedrich (1917-2011); Wildermuth, Karl (1921-2005); Sauter, Fritz (1906-1983)",Brief
DE-611-HS-3641339,"Brief von Werner Heisenberg an Karl Wildermuth an Institut für Theoretische Physik (München), 02.05.1953",1953-05-02,"Heisenberg, Werner (1901-1976)","Wildermuth, Karl (1921-2005); Institut für Theoretische Physik (München)","Urban, Paul (1905-1995); Lüders, Gerhart (1920-1995); Bopp, Fritz (1909-1987)",Brief
DE-611-HS-3641344,"Brief von Karl Wildermuth von Institut für Theoretische Physik (München) an Werner Heisenberg an Max-Planck-Institut für Physik, 23.04.1953",1953-04-23,"Wildermuth, Karl (1921-2005); Institut für Theoretische Physik (München)","Heisenberg, Werner (1901-1976); Max-Planck-Institut für Physik (1946-1958)","Urban, Paul (1905-1995); Bopp, Fritz (1909-1987)",Brief
DE-611-HS-3641350,"Brief von Karl Wildermuth an Werner Heisenberg, 07.07.1952",1952-07-07,"Wildermuth, Karl (1921-2005)","Heisenberg, Werner (1901-1976)","Lüders, Gerhart (1920-1995); Møller, Christian (1904-1980)",Brief
DE-611-HS-3641362,"Brief von Werner Heisenberg an Karl Wildermuth, 02.07.1952",1952-07-02,"Heisenberg, Werner (1901-1976)","Wildermuth, Karl (1921-2005)","Pauli, Wolfgang (1900-1958); Møller, Christian (1904-1980)",Brief
DE-611-HS-3641374,"Brief von Karl Wildermuth an Werner Heisenberg, 07.06.1952",1952-06-07,"Wildermuth, Karl (1921-2005)","Heisenberg, Werner (1901-1976)","Gell-Mann, Murray (1929-2019); Giese, Annemarie; Zumino, Bruno (1923-2014)",Brief
DE-611-HS-3641380,"Brief von Karl Wildermuth an Werner Heisenberg, 02.05.1952",1952-05-02,"Wildermuth, Karl (1921-2005)","Heisenberg, Werner (1901-1976)","Zumino, Bruno (1923-2014)",Brief
DE-611-HS-3641391,"Brief von Werner Heisenberg an Karl Wildermuth, 16.01.1952",1952-01-16,"Heisenberg, Werner (1901-1976)","Wildermuth, Karl (1921-2005)","Courant, Richard (1888-1972); Zumino, Bruno (1923-2014)",Brief
DE-611-BF-80050,"513. IV. Institutionen, 1. Korrespondenz: Winterberg, Friedwart",1956,,,,unknown
DE-611-HS-3641420,"Brief von Friedwardt Winterberg von Studiengesellschaft zur Förderung der Kernenergieverwertung in Schiffbau und Schiffahrt an Werner Heisenberg, 18.05.1956",1956-05-18,"Winterberg, Friedwardt (1929-); Studiengesellschaft zur Förderung der Kernenergieverwertung in Schiffbau und Schiffahrt","Heisenberg, Werner (1901-1976)",,Brief
DE-611-HS-3641424,"Brief von Friedwardt Winterberg an Werner Heisenberg, 28.06.1961",1961-06-28,"Winterberg, Friedwardt (1929-)","Heisenberg, Werner (1901-1976)",,Brief
DE-611-HS-3641428,"Brief von Friedwardt Winterberg von Desert Research Institute an Werner Heisenberg, 23.05.1969",1969-05-23,"Winterberg, Friedwardt (1929-); Desert Research Institute","Heisenberg, Werner (1901-1976)",,Brief
DE-611-HS-3641457,"Brief von Friedwardt Winterberg von International Centre for Theoretical Physics an Werner Heisenberg, 11.12.1967",1967-12-11,"Winterberg, Friedwardt (1929-); International Centre for Theoretical Physics","Heisenberg, Werner (1901-1976)",,Brief
DE-611-HS-3641466,"Brief von Gerth Dorff von Hochschulverband an Werner Heisenberg, 10.11.1967",1967-11-10,"Dorff, Gerth; Hochschulverband (1950-1986)","Heisenberg, Werner (1901-1976)","Winterberg, Friedwardt (1929-)",Brief
DE-611-HS-3641470,"Brief von Gerth Dorff von Hochschulverband an Werner Heisenberg, 03.11.1967",1967-11-03,"Dorff, Gerth; Hochschulverband (1950-1986)","Heisenberg, Werner (1901-1976)","Winterberg, Friedwardt (1929-)",Brief
DE-611-HS-3641477,"Brief von Alfred Klemm von Max-Planck-Institut für Chemie an Werner Heisenberg, 12.06.1967",1967-06-12,"Klemm, Alfred (1913-2013); Max-Planck-Institut für Chemie","Heisenberg, Werner (1901-1976)","Winterberg, Friedwardt (1929-)",Brief
DE-611-HS-3641489,"Brief von Werner Heisenberg an Friedwardt Winterberg an Desert Research Institute, 19.01.1966 [mutm.]",1966-01-19,"Heisenberg, Werner (1901-1976)","Winterberg, Friedwardt (1929-); Desert Research Institute","Schlüter, Arnulf (1922-2011)",Brief
DE-611-HS-3641495,"Brief von Werner Heisenberg an Arnulf Schlüter, 1966 [mutm.]",1966,"Heisenberg, Werner (1901-1976)","Schlüter, Arnulf (1922-2011)","Winterberg, Friedwardt (1929-)",Brief
DE-611-HS-3641505,"Brief von Friedwardt Winterberg an Werner Heisenberg, 07.05.1965",1965-05-07,"Winterberg, Friedwardt (1929-)","Heisenberg, Werner (1901-1976)","Linhart, J. G.",Brief
DE-611-HS-3641649,"Brief von Werner Heisenberg an Alfred Klemm an Zeitschrift für Naturforschung, 03.07.1967",1967-07-03,"Heisenberg, Werner (1901-1976)","Klemm, Alfred (1913-2013); Zeitschrift für Naturforschung (1946-)","Winterberg, Friedwardt (1929-); Pfirsch, Dieter (1927-2004)",Brief
DE-611-HS-3641654,"Brief von Friedwardt Winterberg von Desert Research Institute an Werner Heisenberg, 12.05.1967",1967-05-12,"Winterberg, Friedwardt (1929-); Desert Research Institute","Heisenberg, Werner (1901-1976)","Schlüter, Arnulf (1922-2011)",Brief
DE-611-HS-3641660,"Brief von Friedwardt Winterberg von Desert Research Institute an Werner Heisenberg, 05.05.1967",1967-05-05,"Winterberg, Friedwardt (1929-); Desert Research Institute","Heisenberg, Werner (1901-1976)",,Brief
DE-611-HS-3641670,"Brief von Werner Heisenberg an Friedwardt Winterberg an Princeton University. Plasma Physics Laboratory, 03.04.1967",1967-04-03,"Heisenberg, Werner (1901-1976)","Winterberg, Friedwardt (1929-); Princeton University. Plasma Physics Laboratory","Schlüter, Arnulf (1922-2011)",Brief
DE-611-HS-3641673,"Brief von Friedwardt Winterberg von Princeton University. Plasma Physics Laboratory an Werner Heisenberg, 28.03.1967",1967-03-28,"Winterberg, Friedwardt (1929-); Princeton University. Plasma Physics Laboratory","Heisenberg, Werner (1901-1976)","Schlüter, Arnulf (1922-2011); Symanzik, Kurt (1923-1983)",Brief
DE-611-HS-3641691,"Brief von Friedwardt Winterberg von Desert Research Institute an Werner Heisenberg, 08.12.1966",1966-12-08,"Winterberg, Friedwardt (1929-); Desert Research Institute","Heisenberg, Werner (1901-1976)","Teller, Edward (1908-2003)",Brief
DE-611-HS-3641698,"Brief von Friedwardt Winterberg an Werner Heisenberg, 14.06.1966",1966-06-14,"Winterberg, Friedwardt (1929-)","Heisenberg, Werner (1901-1976)",,Brief
DE-611-HS-3641708,"Brief von Friedwardt Winterberg von Institut für Hochtemperaturforschung (Stuttgart) an Werner Heisenberg, 24.05.1965",1965-05-24,"Winterberg, Friedwardt (1929-); Institut für Hochtemperaturforschung (Stuttgart) (1961-1966)","Heisenberg, Werner (1901-1976)","Schlüter, Arnulf (1922-2011)",Brief
DE-611-HS-3641711,"Brief von Friedwardt Winterberg von Institut für Hochtemperaturforschung (Stuttgart) an Werner Heisenberg, 29.05.1964",1964-05-29,"Winterberg, Friedwardt (1929-); Institut für Hochtemperaturforschung (Stuttgart) (1961-1966)","Heisenberg, Werner (1901-1976)","Höcker, K. H. (1915-1998); Teller, Edward (1908-2003)",Brief
DE-611-HS-3641714,"Brief von Arnulf Schlüter an Friedwardt Winterberg und Werner Heisenberg an Princeton University. Plasma Physics Laboratory, 18.05.1965",1965-05-18,"Schlüter, Arnulf (1922-2011)","Winterberg, Friedwardt (1929-); Heisenberg, Werner (1901-1976); Princeton University. Plasma Physics Laboratory",,Brief
DE-611-HS-3641715,"Brief von Friedwardt Winterberg von Institut für Hochtemperaturforschung (Stuttgart) an Werner Heisenberg, 05.07.1965",1965-07-05,"Winterberg, Friedwardt (1929-); Institut für Hochtemperaturforschung (Stuttgart) (1961-1966)","Heisenberg, Werner (1901-1976)","Schlüter, Arnulf (1922-2011)",Brief
DE-611-HS-3643451,Visitenkarte mit Grüßen (Einheitstitel von Bearbeiter/in),1965,,"Heisenberg, Werner (1901-1976)",,unknown
DE-611-HS-3643461,"Brief von Margot Hobert von Max-Planck-Institut für Physik. Direktion. Sekretariat an Friedwardt Winterberg und K. H. Höcker an Institut für Hochtemperaturforschung (Stuttgart), 11.06.1964",1964-06-11,"Hobert, Margot (1912-); Max-Planck-Institut für Physik. Direktion. Sekretariat","Winterberg, Friedwardt (1929-); Höcker, K. H. (1915-1998); Institut für Hochtemperaturforschung (Stuttgart) (1961-1966)","Heisenberg, Werner (1901-1976); Oberth, Hermann (1894-1989)",Brief
DE-611-HS-3643502,"Brief von Friedwardt Winterberg von Desert Research Institute an Werner Heisenberg, 16.04.1964",1964-04-16,"Winterberg, Friedwardt (1929-); Desert Research Institute","Heisenberg, Werner (1901-1976)","Oberth, Hermann (1894-1989); Teller, Edward (1908-2003); Höcker, K. H. (1915-1998)",Brief
DE-611-HS-3643509,"Brief von Werner Heisenberg an Friedwardt Winterberg, 06.02.1964",1964-02-06,"Heisenberg, Werner (1901-1976)","Winterberg, Friedwardt (1929-)",,Brief
DE-611-HS-3643527,"Brief von Friedwardt Winterberg von Desert Research Institute an Werner Heisenberg, 30.01.1964",1964-01-30,"Winterberg, Friedwardt (1929-); Desert Research Institute","Heisenberg, Werner (1901-1976)",,Brief
DE-611-HS-3643540,"Brief von Werner Heisenberg an Ludwig Raiser, 10.01.1963",1963-01-10,"Heisenberg, Werner (1901-1976)","Raiser, Ludwig (1904-1980)","Winterberg, Friedwardt (1929-); Maier-Leibnitz, Heinz (1911-2000); Gerlach, Walther (1889-1979)",Brief
DE-611-HS-3643552,"Brief von Ludwig Raiser an Werner Heisenberg, 07.01.1963",1963-01-07,"Raiser, Ludwig (1904-1980)","Heisenberg, Werner (1901-1976)","Winterberg, Friedwardt (1929-); Gerlach, Walther (1889-1979); Maier-Leibnitz, Heinz (1911-2000)",Brief
DE-611-HS-3643566,"Brief von Werner Heisenberg an Sigmund Waldemar Leifson an Reno. Department of Physics University of Nevada, 11.05.1962",1962-05-11,"Heisenberg, Werner (1901-1976)","Leifson, Sigmund Waldemar; University of Nevada, Reno. Department of Physics","Winterberg, Friedwardt (1929-); Rosenbluth, Marshall N.",Brief
DE-611-HS-3643577,"Brief von Sigmund Waldemar Leifson von Reno. Department of Physics University of Nevada an Werner Heisenberg, 03.05.1962",1962-05-03,"Leifson, Sigmund Waldemar; University of Nevada, Reno. Department of Physics","Heisenberg, Werner (1901-1976)","Winterberg, Friedwardt (1929-)",Brief
DE-611-HS-3643591,"Brief von Friedwardt Winterberg von Case Institute of Technology an Werner Heisenberg, 24.04.1962",1962-04-24,"Winterberg, Friedwardt (1929-); Case Institute of Technology","Heisenberg, Werner (1901-1976)",,Brief
DE-611-HS-3643599,"Brief von Friedwardt Winterberg von Case Institute of Technology an Werner Heisenberg, 16.12.1959",1959-12-16,"Winterberg, Friedwardt (1929-); Case Institute of Technology","Heisenberg, Werner (1901-1976)","Mößbauer, Rudolf Ludwig (1929-2011)",Brief
DE-611-HS-3643611,"Brief von Werner Heisenberg an Marshall N. Rosenbluth an General Dynamics Corporation . General Atomic Division (San Diego, Calif.), 15.06.1959",1959-06-15,"Heisenberg, Werner (1901-1976)","Rosenbluth, Marshall N.; General Dynamics Corporation (San Diego, Calif.). General Atomic Division","Winterberg, Friedwardt (1929-); Rosenbluth, Marshall N.",Brief
DE-611-HS-3643619,"Brief von Werner Heisenberg an Henry Anthony an General Dynamics Corporation . General Atomic Division (San Diego, Calif.), 15.06.1959",1959-06-15,"Heisenberg, Werner (1901-1976)","Anthony, Henry [vermutlich]; General Dynamics Corporation (San Diego, Calif.). General Atomic Division","Winterberg, Friedwardt (1929-); Rosenbluth, Marshall N.",Brief
DE-611-HS-3643629,"Brief von Werner Heisenberg an T. W. Griesinger an Space Technology Laboratories, 15.06.1959",1959-06-15,"Heisenberg, Werner (1901-1976)","Griesinger, T. W.; Space Technology Laboratories","Winterberg, Friedwardt (1929-); Rosenbluth, Marshall N.",Brief
DE-611-HS-3643637,Zum nachfolgenden Entwurf eines Gutachtens über Hrn. Winterberg (Incipit der Unterlage),1959-06-12,"Lüders, Gerhart (1920-1995)","Heisenberg, Werner (1901-1976) [vermutlich]",,unknown
DE-611-HS-3643654,"Brief von Werner Heisenberg an Friedwardt Winterberg, 15.06.1959",1959-06-15,"Heisenberg, Werner (1901-1976)","Winterberg, Friedwardt (1929-)",,Brief
DE-611-HS-3643664,"Brief von Henry Anthony von General Dynamics Corporation . General Atomic Division (San Diego, Calif.) an Werner Heisenberg, 11.06.1959",1959-06-11,"Anthony, Henry; General Dynamics Corporation (San Diego, Calif.). General Atomic Division","Heisenberg, Werner (1901-1976)","Winterberg, Friedwardt (1929-)",Brief
DE-611-HS-3643757,"Brief von Friedwardt Winterberg an Werner Heisenberg, 05.06.1959",1959-06-05,"Winterberg, Friedwardt (1929-)","Heisenberg, Werner (1901-1976)","Rosenbluth, Marshall N.",Brief
DE-611-HS-3643759,"Brief von Marshall N. Rosenbluth von General Dynamics Corporation . General Atomic Division (San Diego, Calif.) an Werner Heisenberg, 04.06.1959",1959-06-04,"Rosenbluth, Marshall N.; General Dynamics Corporation (San Diego, Calif.). General Atomic Division","Heisenberg, Werner (1901-1976)","Winterberg, Friedwardt (1929-)",Brief
DE-611-HS-3643761,"Brief von T. W. Griesinger von Space Technology Laboratories an Werner Heisenberg, 02.06.1959",1959-06-02,"Griesinger, T. W.; Space Technology Laboratories","Heisenberg, Werner (1901-1976)","Winterberg, Friedwardt (1929-)",Brief
DE-611-HS-3643766,"Brief von Friedwardt Winterberg an Werner Heisenberg, 08.01.1959",1959-01-08,"Winterberg, Friedwardt (1929-)","Heisenberg, Werner (1901-1976)","Oberth, Hermann (1894-1989)",Brief
DE-611-HS-3643772,"Brief von Ludwig Biermann an Friedwardt Winterberg an Gesellschaft für Kernenergieverwertung in Schiffbau und Schiffahrt, 17.01.1958",1958-01-17,"Biermann, Ludwig (1907-1986)","Winterberg, Friedwardt (1929-); Gesellschaft für Kernenergieverwertung in Schiffbau und Schiffahrt (1956-1979)","Heisenberg, Werner (1901-1976)",Brief
DE-611-HS-3643774,"Brief von Friedwardt Winterberg von Gesellschaft für Kernenergieverwertung in Schiffbau und Schiffahrt an Werner Heisenberg, 19.12.1957",1957-12-19,"Winterberg, Friedwardt (1929-); Gesellschaft für Kernenergieverwertung in Schiffbau und Schiffahrt (1956-1979)","Heisenberg, Werner (1901-1976)",,Brief
DE-611-HS-3643776,"Brief von Werner Heisenberg an Friedwardt Winterberg, 12.04.1957",1957-04-12,"Heisenberg, Werner (1901-1976)","Winterberg, Friedwardt (1929-)",,Brief
DE-611-HS-3643780,"Brief von Werner Heisenberg an Friedwardt Winterberg, 15.06.1956",1956-06-15,"Heisenberg, Werner (1901-1976)","Winterberg, Friedwardt (1929-)","Bagge, Erich (1912-1996)",Brief
DE-611-HS-3643786,"Brief von Friedwardt Winterberg an Werner Heisenberg, 27.03.1957",1957-03-27,"Winterberg, Friedwardt (1929-)","Heisenberg, Werner (1901-1976)","Littmann, Tamara [vermutlich]",Brief
DE-611-BF-80051,"514. IV. Institutionen, 1. Korrespondenz: Wissenschaftsrat",1962,,,,unknown
DE-611-HS-3643956,Vorsitzender des Wissenschaftsrates (Incipit der Unterlage),o.D.,,,,unknown
DE-611-HS-3643960,Wissenschaftsrat : Empfehlungen zur Neuordnung des Studiums an wissenschaftlichen Hochschulen (Incipit der Unterlage),1966-05-14,,,,unknown
DE-611-HS-3643967,Wissenschaftsrat : Bericht des Vorsitzenden über die Arbeit des Wissenschaftsrates 1961-1964 (Incipit der Unterlage),1965,,,,unknown
DE-611-HS-3643977,Aktenverweis  (Incipit der Unterlage),unknown,,,,unknown
DE-611-HS-3643983,Wissenschaftsrat : Stellungnahme des Wissenschaftsrates zur Errichtung eines Max-Planck-Instituts für Astronomie (Incipit der Unterlage),1967-07-08,,,,unknown
DE-611-HS-3643988,"Brief von Hans Leussink von Wissenschaftsrat an Werner Heisenberg, 28.07.1967",1967-07-28,"Leussink, Hans (1912-2008); Wissenschaftsrat (1957-)","Heisenberg, Werner (1901-1976)",,Brief
DE-611-HS-3643993,Aktenverweis (Incipit der Unterlage),unknown,,,,unknown
DE-611-HS-3644005,"Brief von Julius Speer an Adolf Butenandt und Rudolf Sieverts, 07.12.1966",1966-12-07,"Speer, Julius (1905-1984)","Butenandt, Adolf (1903-1995); Sieverts, Rudolf (1903-)",,Brief
DE-611-HS-3644013,"Brief von Hans Leussink von Wissenschaftsrat an Werner Heisenberg, 09.09.1966",1966-09-09,"Leussink, Hans (1912-2008); Wissenschaftsrat (1957-)","Heisenberg, Werner (1901-1976)","Erhard, Ludwig (1897-1977); Stoltenberg, Gerhard (1928-2001)",Brief
DE-611-HS-3644015,"Brief von Edmund Marsch von Max-Planck-Gesellschaft zur Förderung der Wissenschaften. Generalverwaltung an Werner Heisenberg, 31.05.1965",1965-05-31,"Marsch, Edmund (1931-2020); Max-Planck-Gesellschaft zur Förderung der Wissenschaften. Generalverwaltung","Heisenberg, Werner (1901-1976)",,Brief
DE-611-HS-3644024,"Brief von Werner Heisenberg an Hans Leussink an Wissenschaftsrat, 05.07.1966",1966-07-05,"Heisenberg, Werner (1901-1976)","Leussink, Hans (1912-2008); Wissenschaftsrat (1957-)","Hirsch, ...",Brief
DE-611-HS-3644274,"Brief von Hans Leussink von Wissenschaftsrat an Werner Heisenberg, 01.07.1966",1966-07-01,"Leussink, Hans (1912-2008); Wissenschaftsrat (1957-)","Heisenberg, Werner (1901-1976)",,Brief
DE-611-HS-3644276,"Brief von Hans Leussink von Wissenschaftsrat an Werner Heisenberg, 03.03.1965",1965-03-03,"Leussink, Hans (1912-2008); Wissenschaftsrat (1957-)","Heisenberg, Werner (1901-1976)",,Brief
DE-611-HS-3644277,Aktenverweis (Incipit der Unterlage),unknown,,,,unknown
DE-611-HS-3644279,Aktenverweis (Incipit der Unterlage),unknown,,,,unknown
DE-611-HS-3644282,Vermerk über die Besprechung zwischen Vertretern der Akademien der Wissenschaften und Vertretern des Wissenschaftsrates am 30. November 1962 in München (Incipit der Unterlage),1962-12-17,,,,unknown
DE-611-BF-80052,"515. IV. Institutionen, 1. Korrespondenz: Wissenschaftspolitik",1968,,,,unknown
DE-611-HS-3644291,Sammlung von Material zur Wissenschaftspolitik (Einheitstitel von Bearbeiter/in),1968,,,,unknown
DE-611-HS-3644292,Aktenverweis (Einheitstitel von Bearbeiter/in),unknown,,,,unknown
DE-611-HS-3644298,Sammlung von Material zur Wissenschaftspolitik (Einheitstitel von Bearbeiter/in),1957,,,,unknown
DE-611-BF-80053,"516. IV. Institutionen, 1. Korrespondenz: Wohlrab, K. S.",1956,,,,unknown
DE-611-HS-3645720,"Brief von Werner Heisenberg an Karl-Siegmund Wohlrab, 26.09.1974",1974-09-26,"Heisenberg, Werner (1901-1976)","Wohlrab, Karl-Siegmund",,Brief
DE-611-HS-3645727,"Brief von Karl-Siegmund Wohlrab an Werner Heisenberg, 10.07.1974",1974-07-10,"Wohlrab, Karl-Siegmund","Heisenberg, Werner (1901-1976)","Weisskopf, Victor Frederick (1908-2002)",Brief
DE-611-HS-3645740,"Brief von Karl-Siegmund Wohlrab an Werner Heisenberg, 12.08.1974",1974-08-12,"Wohlrab, Karl-Siegmund","Heisenberg, Werner (1901-1976)","Weisskopf, Victor Frederick (1908-2002)",Brief
DE-611-HS-3645751,"Brief von Werner Heisenberg an Karl-Siegmund Wohlrab, 20.03.1972",1972-03-20,"Heisenberg, Werner (1901-1976)","Wohlrab, Karl-Siegmund","Rosenfeld, Léon (1904-1974) [vermutlich]",Brief
DE-611-HS-3645756,"Brief von Karl-Siegmund Wohlrab an Werner Heisenberg, 10.03.1972",1972-03-10,"Wohlrab, Karl-Siegmund","Heisenberg, Werner (1901-1976)","Rosenfeld, Léon (1904-1974) [vermutlich]",Brief
DE-611-HS-3645760,"Brief von Werner Heisenberg an Karl-Siegmund Wohlrab an Zentralinstitut für Optik und Spektroskopie, 23.02.1972",1972-02-23,"Heisenberg, Werner (1901-1976)","Wohlrab, Karl-Siegmund; Zentralinstitut für Optik und Spektroskopie (1948-)",,Brief
DE-611-HS-3645771,"Brief von Karl-Siegmund Wohlrab von Zentralinstitut für Optik und Spektroskopie an Werner Heisenberg, 18.02.1972",1972-02-18,"Wohlrab, Karl-Siegmund; Zentralinstitut für Optik und Spektroskopie (1948-)","Heisenberg, Werner (1901-1976)",,Brief
DE-611-HS-3645777,"Brief von Werner Heisenberg an Karl-Siegmund Wohlrab an Zentralinstitut für Optik und Spektroskopie, 04.01.1972",1972-01-04,"Heisenberg, Werner (1901-1976)","Wohlrab, Karl-Siegmund; Zentralinstitut für Optik und Spektroskopie (1948-)",,Brief
DE-611-HS-3645783,"Brief von Karl-Siegmund Wohlrab von Zentralinstitut für Optik und Spektroskopie an Werner Heisenberg, 15.11.1971",1971-11-15,"Wohlrab, Karl-Siegmund; Zentralinstitut für Optik und Spektroskopie (1948-)","Heisenberg, Werner (1901-1976)",,Brief
DE-611-HS-3645807,"Brief von Werner Heisenberg an Karl-Siegmund Wohlrab an Zentralinstitut für Optik und Spektroskopie, 29.05.1970",1970-05-29,"Heisenberg, Werner (1901-1976)","Wohlrab, Karl-Siegmund; Zentralinstitut für Optik und Spektroskopie (1948-)",,Brief
DE-611-HS-3645849,"Brief von Karl-Siegmund Wohlrab von Zentralinstitut für Optik und Spektroskopie an Werner Heisenberg, 08.04.1970",1970-04-08,"Wohlrab, Karl-Siegmund; Zentralinstitut für Optik und Spektroskopie (1948-)","Heisenberg, Werner (1901-1976)",,Brief
DE-611-HS-3645854,"Brief von Annemarie Giese von Max-Planck-Institut für Physik. Direktion. Sekretariat an Karl-Siegmund Wohlrab an Zentralinstitut für Optik und Spektroskopie, 30.04.1970",1970-04-30,"Giese, Annemarie; Max-Planck-Institut für Physik. Direktion. Sekretariat","Wohlrab, Karl-Siegmund; Zentralinstitut für Optik und Spektroskopie (1948-)","Heisenberg, Werner (1901-1976)",Brief
DE-611-HS-3645873,"Brief von Karl-Siegmund Wohlrab von Institut Miersdorf an Werner Heisenberg, 20.08.1961",1961-08-20,"Wohlrab, Karl-Siegmund; Institut Miersdorf (1950-1957)","Heisenberg, Werner (1901-1976)",,Brief
DE-611-HS-3645910,"Brief von Karl-Siegmund Wohlrab von Institut Miersdorf an Werner Heisenberg, 1957 [verm. 22.01.1957]",1957,"Wohlrab, Karl-Siegmund; Institut Miersdorf (1950-1957) [vermutlich]","Heisenberg, Werner (1901-1976)",,Brief
DE-611-HS-3645912,"Brief von Karl-Siegmund Wohlrab von Institut Miersdorf an Werner Heisenberg, 01.02.1957",1957-02-01,"Wohlrab, Karl-Siegmund; Institut Miersdorf (1950-1957) [vermutlich]","Heisenberg, Werner (1901-1976)",,Brief
DE-611-HS-3645914,"Brief von Werner Heisenberg an Karl-Siegmund Wohlrab, 28.01.1957",1957-01-28,"Heisenberg, Werner (1901-1976)","Wohlrab, Karl-Siegmund",,Brief
DE-611-HS-3645918,"Brief von Werner Heisenberg an Karl-Siegmund Wohlrab, 11.12.1956",1956-12-11,"Heisenberg, Werner (1901-1976)","Wohlrab, Karl-Siegmund",,Brief
DE-611-HS-3646003,"Brief von Karl-Siegmund Wohlrab an Werner Heisenberg, 01.02.1957",1957-02-01,"Wohlrab, Karl-Siegmund","Heisenberg, Werner (1901-1976)","Kockel, Bernhard (1909-1987)",Brief
DE-611-BF-80054,"517. IV. Institutionen, 1. Korrespondenz: World Academy of Art and Science, Rehovot",1962,,,,unknown
DE-611-HS-3646010,"Brief von Hugo Boyko von World Academy of Art and Science an Werner Heisenberg, 21.02.1962",1962-02-21,"Boyko, Hugo (1892-1970); World Academy of Art and Science","Heisenberg, Werner (1901-1976) [vermutlich]",,Brief
DE-611-HS-3646017,"Brief von Hugo Boyko von World Academy of Art and Science an Werner Heisenberg, 15.06.1962",1962-06-15,"Boyko, Hugo (1892-1970) [vermutlich]; World Academy of Art and Science","Heisenberg, Werner (1901-1976)","Kennedy, John F. (1917-1963)",Brief
DE-611-BF-80055,"518. IV. Institutionen, 1. Korrespondenz: World Constitutional Convention",1961,,,,unknown
DE-611-HS-3646329,Sammlung von Drucksachen der World Constitution and Parliament Association (Einheitstitel von Bearbeiter/in),1961,,"Heisenberg, Werner (1901-1976)",,unknown
DE-611-BF-80056,"519. IV. Institutionen, 1. Korrespondenz: Wyss, Joachim",1951,,,,unknown
DE-611-HS-3646391,"Brief von Joachim Wyss an Werner Heisenberg, 29.01.1952",1952-01-29,"Wyss, Joachim","Heisenberg, Werner (1901-1976)",,Brief
DE-611-HS-3646396,"Brief von Annemarie Giese und Werner Heisenberg von Max-Planck-Institut für Physik. Direktion. Sekretariat an Joachim Wyss, 08.02.1952",1952-02-08,"Giese, Annemarie; Heisenberg, Werner (1901-1976); Max-Planck-Institut für Physik. Direktion. Sekretariat","Wyss, Joachim",,Brief
DE-611-HS-3646405,"Brief von Joachim Wyss an Werner Heisenberg, 23.01.1953",1953-01-23,"Wyss, Joachim","Heisenberg, Werner (1901-1976)",,Brief
DE-611-HS-3646412,"Brief von Werner Heisenberg an Joachim Wyss, 17.01.1952",1952-01-17,"Heisenberg, Werner (1901-1976)","Wyss, Joachim",,Brief
DE-611-HS-3646419,"Brief von Werner Heisenberg an Joachim Wyss, 07.01.1952",1952-01-07,"Heisenberg, Werner (1901-1976)","Wyss, Joachim",,Brief
DE-611-HS-3646435,"Brief von Joachim Wyss an Werner Heisenberg, 05.01.1952",1952-01-05,"Wyss, Joachim","Heisenberg, Werner (1901-1976)",,Brief
DE-611-HS-3646440,"Brief von Werner Heisenberg an Joachim Wyss, 24.09.1951",1951-09-24,"Heisenberg, Werner (1901-1976)","Wyss, Joachim",,Brief
DE-611-HS-3646445,"Brief von Joachim Wyss an Werner Heisenberg, 12.09.1951",1951-09-12,"Wyss, Joachim","Heisenberg, Werner (1901-1976)",,Brief
DE-611-HS-3646448,"Brief von Joachim Wyss an Werner Heisenberg, 23.05.1951",1951-05-23,"Wyss, Joachim","Heisenberg, Werner (1901-1976)",,Brief
DE-611-HS-3646450,"Brief von Werner Heisenberg an Joachim Wyss, 08.05.1951",1951-05-08,"Heisenberg, Werner (1901-1976)","Wyss, Joachim",,Brief
DE-611-HS-3646460,"Brief von Joachim Wyss an Werner Heisenberg, 01.05.1951",1951-05-01,"Wyss, Joachim","Heisenberg, Werner (1901-1976)",,Brief
DE-611-BF-86736,"IV. Institutionen, 1. Korrespondenz: Y",unknown,,,,unknown
DE-611-BF-79243,"520. IV. Institutionen, 1. Korrespondenz: Ya-You",1954,,,,unknown
DE-611-HS-3618408,"Brief von Werner Heisenberg an Seishi Kikuchi, 09.05.1961",1961-05-09,"Heisenberg, Werner (1901-1976)","Kikuchi, Seishi (1902-1974)",,Brief
DE-611-HS-3618409,"Brief von Seishi Kikuchi von Nihon-Genshiryoku-Kenkyūjo (Tōkaimura) an Werner Heisenberg, 01.05.1961",1961-05-01,"Kikuchi, Seishi (1902-1974); Nihon-Genshiryoku-Kenkyūjo (Tōkaimura)","Heisenberg, Werner (1901-1976)",,Brief
DE-611-HS-3618421,"Brief von Werner Heisenberg an S. Yamaguchi, 17.11.1967",1967-11-17,"Heisenberg, Werner (1901-1976)","Yamaguchi, S.","Tomonaga, Shin'ichirō",Brief
DE-611-HS-3618428,"Brief von S. Yamaguchi an Werner Heisenberg, 09.11.1967",1967-11-09,"Yamaguchi, S.","Heisenberg, Werner (1901-1976)",,Brief
DE-611-HS-3618436,"Brief von Werner Heisenberg an Shigeto Yamaguchi, 08.05.1957",1957-05-08,"Heisenberg, Werner (1901-1976)","Yamaguchi, Shigeto","Bohr, Niels (1885-1962)",Brief
DE-611-HS-3618462,"Brief von Shigeto Yamaguchi an Werner Heisenberg, 18.04.1957",1957-04-18,"Yamaguchi, Shigeto","Heisenberg, Werner (1901-1976)",,Brief
DE-611-HS-3618478,"Brief von Werner Heisenberg an Kazuo Yamazaki an Kyōto Daigaku, 30.08.1968",1968-08-30,"Heisenberg, Werner (1901-1976)","Yamazaki, Kazuo (1927-); Kyōto Daigaku (1947-)",,Brief
DE-611-HS-3618481,"Brief von Werner Heisenberg an Kazuo Yamazaki an Kyōto Daigaku, 02.01.1969",1969-01-02,"Heisenberg, Werner (1901-1976)","Yamazaki, Kazuo (1927-); Kyōto Daigaku (1947-)","Tomonaga, Shin'ichirō; Dürr, Hans-Peter (1929-2014); Gierke, Gerhart von (1922-2003); Rechenberg, Helmut (1937-2016)",Brief
DE-611-HS-3618494,"Brief von Yoichi Yamamoto an Werner Heisenberg, 27.07.1964",1964-07-27,"Yamamoto, Yoichi","Heisenberg, Werner (1901-1976)",,Brief
DE-611-HS-3618503,Aktenverweis (Einheitstitel von Bearbeiter/in),unknown,,,,unknown
DE-611-HS-3618565,"Brief von Werner Heisenberg an David L. White, 12.04.1972",1972-04-12,"Heisenberg, Werner (1901-1976)","White, David L.",,Brief
DE-611-HS-3618575,"Brief von David L. White an Werner Heisenberg, 23.03.1972",1972-03-23,"White, David L.","Heisenberg, Werner (1901-1976)",,Brief
DE-611-HS-3618578,Aktenverweis (Einheitstitel von Bearbeiter/in),unknown,,,,unknown
DE-611-HS-3618585,"Brief von S. Hasebe und S. Yoshikawa an Werner Heisenberg, 27.05.1954",1954-05-27,"Hasebe, S.; Yoshikawa, S.","Heisenberg, Werner (1901-1976)",,Brief
DE-611-HS-3618589,"Brief von Werner Heisenberg an S. Yoshikawa, 15.05.1954",1954-05-15,"Heisenberg, Werner (1901-1976)","Yoshikawa, S.",,Brief
DE-611-HS-3618602,"Brief von S. Hasebe und S. Yoshikawa an Werner Heisenberg, 15.04.1954",1954-04-15,"Hasebe, S.; Yoshikawa, S.","Heisenberg, Werner (1901-1976)",,Brief
DE-611-HS-3618606,"Brief von Sachiko Yoshihisa an Werner Heisenberg, 05.12.1967",1967-12-05,"Yoshihisa, Sachiko","Heisenberg, Werner (1901-1976)",,Brief
DE-611-HS-3618610,"Brief von Sachiko Yoshihisa an Werner Heisenberg, 22.08.1967",1967-08-22,"Yoshihisa, Sachiko","Heisenberg, Werner (1901-1976)",,Brief
DE-611-HS-3618613,"Brief von Werner Heisenberg an Sachiko Yoshihisa, 18.08.1967",1967-08-18,"Heisenberg, Werner (1901-1976)","Yoshihisa, Sachiko",,Brief
DE-611-HS-3618617,"Brief von Sachiko Yoshihisa an Werner Heisenberg, 11.08.1967",1967-08-11,"Yoshihisa, Sachiko","Heisenberg, Werner (1901-1976)",,Brief
DE-611-HS-3618626,"Brief von Werner Heisenberg an Arthur M. Young, 11.11.1966",1966-11-11,"Heisenberg, Werner (1901-1976)","Young, Arthur M. (1905-1995) [vermutlich]",,Brief
DE-611-HS-3618629,"Brief von Arthur M. Young an Werner Heisenberg, 21.10.1966",1966-10-21,"Young, Arthur M. (1905-1995) [vermutlich]","Heisenberg, Werner (1901-1976)",,Brief
DE-611-HS-3618630,"Brief von Werner Heisenberg an Salah El-Din Hedayet an Syndicate of Scientific Workers, 17.04.1972",1972-04-17,"Heisenberg, Werner (1901-1976)","Hedayet, Salah El-Din; Syndicate of Scientific Workers","Schlüter, Arnulf (1922-2011)",Brief
DE-611-BF-86738,"IV. Institutionen, 1. Korrespondenz: Z",unknown,,,,unknown
DE-611-BF-79244,"521. IV. Institutionen, 1. Korrespondenz: Za-Zi",1952,,,,unknown
DE-611-HS-3618631,"Brief von Ludwig Biermann an Norman J. Zabusky an Bell Telephone Laboratories, 08.12.1965",1965-12-08,"Biermann, Ludwig (1907-1986)","Zabusky, Norman J. (1929-2018); Bell Telephone Laboratories","Schlüter, Arnulf (1922-2011)",Brief
DE-611-HS-3618632,Am 22. Juli verstarb im 42. Lebensjahr durch einen Unglücksfall auf einer Dienstreise Professor Dr. Josef Zähringer ... (Incipit der Unterlage),1970-07-25,,,,unknown
DE-611-HS-3618726,"Brief von Werner Heisenberg an Daniel Joseph Zaffarano an USA. Embassy (Großbritannien), 19.04.1958",1958-04-19,"Heisenberg, Werner (1901-1976)","Zaffarano, Daniel Joseph (1917-2004); USA. Embassy (Großbritannien)","Schlüter, Arnulf (1922-2011)",Brief
DE-611-HS-3618736,"Brief von Daniel Joseph Zaffarano von USA. Embassy (Großbritannien) an Werner Heisenberg, 09.04.1958",1958-04-09,"Zaffarano, Daniel Joseph (1917-2004); USA. Embassy (Großbritannien)","Heisenberg, Werner (1901-1976)","Schlüter, Arnulf (1922-2011)",Brief
DE-611-HS-3618748,"Brief von Werner Heisenberg an Walter Zaiser, 06.08.1974",1974-08-06,"Heisenberg, Werner (1901-1976)","Zaiser, Walter","Haseloff, ... [vermutlich]; Scholl, Inge (1917-1998) [vermutlich]",Brief
DE-611-HS-3618754,"Brief von Walter Zaiser an Werner Heisenberg, 29.07.1974",1974-07-29,"Zaiser, Walter","Heisenberg, Werner (1901-1976)","Weizsäcker, Carl Friedrich von (1912-2007); Haseloff, ... [vermutlich]",Brief
DE-611-HS-3618763,"Brief von Hans Georg Zambona an Werner Heisenberg, 14.12.1973",1973-12-14,"Zambona, Hans Georg (1928-)","Heisenberg, Werner (1901-1976)",,Brief
DE-611-HS-3618843,"Brief von Hans Georg Zambona an Werner Heisenberg, 11.12.1972",1972-12-11,"Zambona, Hans Georg (1928-)","Heisenberg, Werner (1901-1976)",,Brief
DE-611-HS-3618848,"Brief von Werner Heisenberg an Hans Georg Zambona, 28.11.1972",1972-11-28,"Heisenberg, Werner (1901-1976)","Zambona, Hans Georg (1928-)",,Brief
DE-611-HS-3618858,"Brief von Hans Georg Zambona an Werner Heisenberg, 25.11.1972",1972-11-25,"Zambona, Hans Georg (1928-)","Heisenberg, Werner (1901-1976)",,Brief
DE-611-HS-3618897,"Brief von Hans Georg Zambona an Werner Heisenberg, 26.10.1972",1972-10-26,"Zambona, Hans Georg (1928-)","Heisenberg, Werner (1901-1976)",,Brief
DE-611-HS-3618900,"Brief von Werner Heisenberg an Hans Georg Zambona, 19.10.1972",1972-10-19,"Heisenberg, Werner (1901-1976)","Zambona, Hans Georg (1928-)",,Brief
DE-611-HS-3618906,"Brief von Hans Georg Zambona an Werner Heisenberg, 02.10.1972",1972-10-02,"Zambona, Hans Georg (1928-)","Heisenberg, Werner (1901-1976)",,Brief
DE-611-HS-3618915,"Brief von Annemarie Giese von Max-Planck-Institut für Physik. Direktion. Sekretariat an Giorgio Zampa, 25.11.1957",1957-11-25,"Giese, Annemarie; Max-Planck-Institut für Physik. Direktion. Sekretariat","Zampa, Giorgio (1921-2008)","Heisenberg, Werner (1901-1976); Weizsäcker, Carl Friedrich von (1912-2007)",Brief
DE-611-HS-3618923,"Brief von Martin Deutschmann an Nicola Zanichelli, 29.02.192",29.02.192,"Deutschmann, Martin (1917-2008)","Zanichelli, Nicola",,Brief
DE-611-HS-3618924,"Brief von Nicola Zanichelli an Werner Heisenberg, 02.10.1972",1972-10-02,"Zanichelli, Nicola","Heisenberg, Werner (1901-1976)",,Brief
DE-611-HS-3618936,"Brief von Annemarie Giese von Max-Planck-Institut für Physik. Direktion. Sekretariat an Oreste Zanolari, 12.03.1963",1963-03-12,"Giese, Annemarie; Max-Planck-Institut für Physik. Direktion. Sekretariat","Zanolari, Oreste","Heisenberg, Werner (1901-1976); Weinberg, Siegfried",Brief
DE-611-HS-3618998,"Brief von Oreste Zanolari an Werner Heisenberg, 10.01.1963",1963-01-10,"Zanolari, Oreste","Heisenberg, Werner (1901-1976)","Bohr, Niels (1885-1962); Weinberg, Siegfried",Brief
DE-611-HS-3619026,"Brief von Ludwig Zacharias an Werner Heisenberg, 05.11.1961",1961-11-05,"Zacharias, Ludwig","Heisenberg, Werner (1901-1976)","Litt, Theodor (1880-1962)",Brief
DE-611-HS-3619038,"Brief von Oreste Zanolari an Max-Planck-Institut für Physik. Direktion. Sekretariat, 16.08.1962",1962-08-16,"Zanolari, Oreste",Max-Planck-Institut für Physik. Direktion. Sekretariat,"Heisenberg, Werner (1901-1976)",Brief
DE-611-HS-3619046,"Brief von Annemarie Giese von Max-Planck-Institut für Physik. Direktion. Sekretariat an Oreste Zanolari, 06.08.1962",1962-08-06,"Giese, Annemarie; Max-Planck-Institut für Physik. Direktion. Sekretariat","Zanolari, Oreste","Heisenberg, Werner (1901-1976)",Brief
DE-611-HS-3619052,"Brief von Oreste Zanolari an Werner Heisenberg, 21.07.1962",1962-07-21,"Zanolari, Oreste","Heisenberg, Werner (1901-1976)",,Brief
DE-611-HS-3619064,"Brief von Annemarie Giese von Max-Planck-Institut für Physik. Direktion. Sekretariat an H. Zanstra, 25.07.1967",1967-07-25,"Giese, Annemarie; Max-Planck-Institut für Physik. Direktion. Sekretariat","Zanstra, H.","Heisenberg, Werner (1901-1976)",Brief
DE-611-HS-3619074,"Brief von H. Zanstra an Werner Heisenberg, 10.07.1967",1967-07-10,"Zanstra, H.","Heisenberg, Werner (1901-1976)",,Brief
DE-611-HS-3619131,"Brief von H. Zanstra an Werner Heisenberg, 1964",1964,"Zanstra, H.","Heisenberg, Werner (1901-1976)",,Brief
DE-611-HS-3619142,"Brief von Werner Heisenberg an H. Zanstra, 09.07.1964",1964-07-09,"Heisenberg, Werner (1901-1976)","Zanstra, H.",,Brief
DE-611-HS-3619150,"Brief von H. Zanstra an Margot Hobert an Max-Planck-Institut für Physik. Direktion. Sekretariat, 03.07.1964",1964-07-03,"Zanstra, H.","Hobert, Margot (1912-); Max-Planck-Institut für Physik. Direktion. Sekretariat","Heisenberg, Werner (1901-1976); Schrödinger, Erwin (1887-1961)",Brief
DE-611-HS-3619159,"Brief von Margot Hobert von Max-Planck-Institut für Physik. Direktion. Sekretariat an H. Zanstra, 18.06.1964",1964-06-18,"Hobert, Margot (1912-); Max-Planck-Institut für Physik. Direktion. Sekretariat","Zanstra, H.","Heisenberg, Werner (1901-1976)",Brief
DE-611-HS-3619164,"Brief von H. Zanstra an Werner Heisenberg, 26.05.1964",1964-05-26,"Zanstra, H.","Heisenberg, Werner (1901-1976)",,Brief
DE-611-HS-3625818,"Brief von Werner Heisenberg an Ernst Zapf, 30.08.1955",1955-08-30,"Heisenberg, Werner (1901-1976)","Zapf, Ernst",,Brief
DE-611-HS-3625824,"Brief von Ernst Zapf an Werner Heisenberg, 27.08.1955",1955-08-27,"Zapf, Ernst","Heisenberg, Werner (1901-1976)",,Brief
DE-611-HS-3625831,"Brief von Alfred Zastrau an Werner Heisenberg, 29.04.1952",1952-04-29,"Zastrau, Alfred","Heisenberg, Werner (1901-1976)","Matthaei, Rupprecht (1895-1976)",Brief
DE-611-HS-3625835,Aktenverweis (Einheitstitel von Bearbeiter/in),unknown,,,"Zauner; Schulten, Rudolf (1923-1996) [vermutlich]",unknown
DE-611-HS-3625841,"Brief von Werner Heisenberg an Franz Zech, 26.09.1974",1974-09-26,"Heisenberg, Werner (1901-1976)","Zech, Franz (1914-1995)",,Brief
DE-611-HS-3625850,"Brief von Franz Zech an Werner Heisenberg, 18.09.1974",1974-09-18,"Zech, Franz (1914-1995)","Heisenberg, Werner (1901-1976)","Orff, Carl (1895-1982)",Brief
DE-611-HS-3625875,"Brief von Wolfgang Zedlitz an Werner Heisenberg, 31.12.1969",1969-12-31,"Zedlitz, Wolfgang [vermutlich]","Heisenberg, Werner (1901-1976)",,Brief
DE-611-HS-3625879,Aktenverweis (Einheitstitel von Bearbeiter/in),unknown,,,,unknown
DE-611-HS-3625888,"Brief von Walther Wilhelm Johannes Bauersfeld von Carl Zeiss (Firma, Oberkochen) an Werner Heisenberg, 15.08.1957",1957-08-15,"Carl Zeiss (Firma, Oberkochen)","Heisenberg, Werner (1901-1976) [vermutlich]",,Brief
DE-611-HS-3625910,"Brief von Annemarie Giese von Max-Planck-Institut für Physik. Direktion. Sekretariat an Lutz Geldsetzer, 11.05.1976",1976-05-11,"Giese, Annemarie; Max-Planck-Institut für Physik. Direktion. Sekretariat","Geldsetzer, Lutz (1937-2019)","Heisenberg, Werner (1901-1976); Heisenberg, Elisabeth (1914-1998)",Brief
DE-611-HS-3625915,"Brief von Lutz Geldsetzer und Gert König an Elisabeth Heisenberg, 07.05.1976",1976-05-07,"Geldsetzer, Lutz (1937-2019); König, Gert (1936-)","Heisenberg, Elisabeth (1914-1998)","Jammer, Max (1915-2010)",Brief
DE-611-HS-3625952,"Brief von J. Hans D. Jensen von Zeitschrift für Physik an Werner Heisenberg, 23.03.1961",1961-03-23,"Jensen, J. Hans D. (1907-1973); Zeitschrift für Physik (1920-1997)","Heisenberg, Werner (1901-1976)","Haxel, Otto (1909-1998)",Brief
DE-611-HS-3625958,"Brief von Unbekannt an Werner Heisenberg, 27.01.1958",1958-01-27,Unbekannt,"Heisenberg, Werner (1901-1976)",,Brief
DE-611-HS-3625964,"Brief von Christiane von Maydell von Schweitzer Verlag (Stuttgart) an Werner Heisenberg, 03.09.1964",1964-09-03,"Maydell, Christiane von; Schweitzer Verlag (Stuttgart)","Heisenberg, Werner (1901-1976)",,Brief
DE-611-HS-3625966,"Brief von Christiane von Maydell von Schweitzer Verlag (Stuttgart) an Werner Heisenberg, 21.08.1964",1964-08-21,"Maydell, Christiane von; Schweitzer Verlag (Stuttgart)","Heisenberg, Werner (1901-1976)",,Brief
DE-611-HS-3625968,"Brief von Christiane von Maydell von Schweitzer Verlag (Stuttgart) an Werner Heisenberg, 30.06.1964",1964-06-30,"Maydell, Christiane von; Schweitzer Verlag (Stuttgart)","Heisenberg, Werner (1901-1976)",,Brief
DE-611-HS-3626042,"Brief von Werner Heisenberg an Georg Trurnit Berkenhoff an Zeitung für Kommunalwirtschaft. Redaktion, 10.05.1954",1954-05-10,"Heisenberg, Werner (1901-1976)","Berkenhoff, Georg Trurnit; Zeitung für Kommunalwirtschaft. Redaktion",,Brief
DE-611-HS-3626053,"Brief von Georg Trurnit Berkenhoff von Zeitung für Kommunalwirtschaft. Redaktion an Werner Heisenberg, 09.05.1954",1954-05-09,"Berkenhoff, Georg Trurnit; Zeitung für Kommunalwirtschaft. Redaktion","Heisenberg, Werner (1901-1976)",,Brief
DE-611-HS-3626064,"Brief von Werner Heisenberg an Wolfgang Böhme an Zeitwende (Zeitschrift), 20.10.1969",1969-10-20,"Heisenberg, Werner (1901-1976)","Böhme, Wolfgang (1919-2010); Zeitwende (Zeitschrift)",,Brief
DE-611-HS-3626073,"Brief von Wolfgang Böhme von Zeitwende (Zeitschrift) an Werner Heisenberg, 18.09.1969",1969-09-18,"Böhme, Wolfgang (1919-2010); Zeitwende (Zeitschrift)","Heisenberg, Werner (1901-1976)",,Brief
DE-611-HS-3626085,"Brief von Louis Zeitz und Benjamin H. Banta an Werner Heisenberg, 04.08.1959",1959-08-04,"Zeitz, Louis; Banta, Benjamin H.","Heisenberg, Werner (1901-1976) [vermutlich]","Einstein, Albert (1879-1955); McCarthy, Joseph (1908-1957); Eisenhower, Dwight D. (1890-1969)",Brief
DE-611-HS-3626132,"Brief von Anton Zelger von Südtiroler Kulturinstitut an Werner Heisenberg, 07.05.1957",1957-05-07,"Zelger, Anton (1914-2008); Südtiroler Kulturinstitut (1954-)","Heisenberg, Werner (1901-1976) [vermutlich]",,Brief
DE-611-HS-3626139,"Brief von Charle Zemach von Istituto di Fisica G. Marconi (Rom) an Werner Heisenberg, 03.07.1967",1967-07-03,"Zemach, Charle; Istituto di Fisica G. Marconi (Rom)","Heisenberg, Werner (1901-1976) [vermutlich]",,Brief
DE-611-HS-3626154,"Brief von Werner Richter von Alexander von Humboldt-Stiftung an Josef Zemann, 19.12.1958",1958-12-19,"Richter, Werner (1887-1960); Alexander von Humboldt-Stiftung (1860-1923)","Zemann, Josef (1923-2022)","Heisenberg, Werner (1901-1976)",Brief
DE-611-HS-3626189,"Brief von Werner Heisenberg an Herbert Zenker an Orthopädische Klinik und Poliklinik (München), 17.09.1969",1969-09-17,"Heisenberg, Werner (1901-1976)","Zenker, Herbert (1937-); Orthopädische Klinik und Poliklinik (München)",,Brief
DE-611-HS-3626201,"Brief von Herbert Zenker an Werner Heisenberg, 01.09.1969",1969-09-01,"Zenker, Herbert (1937-)","Heisenberg, Werner (1901-1976)",,Brief
DE-611-HS-3626315,"Brief von Knut Zenker an Max-Planck-Institut für Physik und Astrophysik, 02.02.1963",1963-02-02,"Zenker, Knut",Max-Planck-Institut für Physik und Astrophysik (1958-1991),,Brief
DE-611-HS-3626322,"Brief von Markus Zenker an Werner Heisenberg, 29.09.1972",1972-09-29,"Zenker, Markus","Heisenberg, Werner (1901-1976)",,Brief
DE-611-HS-3626325,Aktenverweis (Einheitstitel von Bearbeiter/in),unknown,,,,unknown
DE-611-HS-3626333,"Brief von Ludwig H. Heydenreich von Zentralinstitut für Kunstgeschichte an Werner Heisenberg, 12.10.1967",1967-10-12,"Heydenreich, Ludwig H.; Zentralinstitut für Kunstgeschichte (1946-)","Heisenberg, Werner (1901-1976) [vermutlich]","Pepper, Wolfgang (1910-1997); Merk, Bruno (1922-2013)",Brief
DE-611-HS-3626342,"Brief von Ludwig H. Heydenreich von Zentralinstitut für Kunstgeschichte an Werner Heisenberg, 05.09.1957",1957-09-05,"Heydenreich, Ludwig H.; Zentralinstitut für Kunstgeschichte (1946-)","Heisenberg, Werner (1901-1976) [vermutlich]","Merk, Bruno (1922-2013)",Brief
DE-611-HS-3626349,"Brief von Annemarie Giese von Max-Planck-Institut für Physik. Direktion. Sekretariat an Zentralstelle für Arbeitsvermittlung, 1966 [22.03. [1966]]",1966,"Giese, Annemarie; Max-Planck-Institut für Physik. Direktion. Sekretariat",Zentralstelle für Arbeitsvermittlung (-2007),"Hermann, Klaus-Otto",Brief
DE-611-HS-3626351,"Brief von Zentralstelle für Arbeitsvermittlung an Werner Heisenberg an Max-Planck-Institut für Physik und Astrophysik, 18.03.1966",1966-03-18,Zentralstelle für Arbeitsvermittlung (-2007),"Heisenberg, Werner (1901-1976); Max-Planck-Institut für Physik und Astrophysik (1958-1991)","Hermann, Klaus-Otto",Brief
DE-611-HS-3626361,"Brief von Zentralstelle für Atomkernenergie-Dokumentation (Frankfurt, Main) an Werner Heisenberg an Max-Planck-Institut für Physik und Astrophysik, 14.08.1968",1968-08-14,"Zentralstelle für Atomkernenergie-Dokumentation (Frankfurt, Main)","Heisenberg, Werner (1901-1976); Max-Planck-Institut für Physik und Astrophysik (1958-1991)",,Brief
DE-611-HS-3626366,"Brief von Zentralstelle für Atomkernenergie-Dokumentation (Frankfurt, Main) an Werner Heisenberg an Max-Planck-Institut für Physik und Astrophysik, 25.03.1968",1968-03-25,"Zentralstelle für Atomkernenergie-Dokumentation (Frankfurt, Main)","Heisenberg, Werner (1901-1976); Max-Planck-Institut für Physik und Astrophysik (1958-1991)",,Brief
DE-611-HS-3626387,"Brief von Dorothea Zens an Werner Heisenberg an Max-Planck-Institut für Physik und Astrophysik, 01.11.1960",1960-11-01,"Zens, Dorothea","Heisenberg, Werner (1901-1976); Max-Planck-Institut für Physik und Astrophysik (1958-1991)","Kretschmer, Ernst (1888-1964); Bleuler, Eugen (1857-1939); Kühnau, Joachim (1901-); Pauling, Linus (1901-1994)",Brief
